season,week,player_id,name,position,team,predicted,actual,is_active,prediction_timestamp
2025,1,00-0023459,A.Rodgers,QB,PIT,12.930918891599346,25.8,1,2026-05-01T00:17:26.129267
2025,1,00-0026158,J.Flacco,QB,CLE,13.74197168111356,11.6,1,2026-05-01T00:17:26.129267
2025,1,00-0026498,M.Stafford,QB,LA,13.804207635563557,13.8,1,2026-05-01T00:17:26.129267
2025,1,00-0029263,R.Wilson,QB,NYG,14.368185396158038,6.7,1,2026-05-01T00:17:26.129267
2025,1,00-0030565,G.Smith,QB,LV,14.780381752752739,16.5,1,2026-05-01T00:17:26.129267
2025,1,00-0033077,D.Prescott,QB,DAL,12.670102498143061,7.5,1,2026-05-01T00:17:26.129267
2025,1,00-0033106,J.Goff,QB,DET,14.817933278505178,11.0,1,2026-05-01T00:17:26.129267
2025,1,00-0033873,P.Mahomes,QB,KC,16.441444046670618,14.3,1,2026-05-01T00:17:26.129267
2025,1,00-0034796,L.Jackson,QB,BAL,19.79972563920451,16.4,1,2026-05-01T00:17:26.129267
2025,1,00-0034855,B.Mayfield,QB,TB,18.482575297967735,18.7,1,2026-05-01T00:17:26.129267
2025,1,00-0034857,J.Allen,QB,BUF,17.72512127741174,23.8,1,2026-05-01T00:17:26.129267
2025,1,00-0034869,S.Darnold,QB,SEA,15.166610307611297,6.0,1,2026-05-01T00:17:26.129267
2025,1,00-0035228,K.Murray,QB,ARI,16.83448676219063,14.5,1,2026-05-01T00:17:26.129267
2025,1,00-0035710,D.Jones,QB,IND,14.110713656412953,14.9,1,2026-05-01T00:17:26.129267
2025,1,00-0036212,T.Tagovailoa,QB,MIA,13.792840438509034,4.6,1,2026-05-01T00:17:26.129267
2025,1,00-0036264,J.Love,QB,GB,11.132600257517261,15.5,1,2026-05-01T00:17:26.129267
2025,1,00-0036355,J.Herbert,QB,LAC,15.563684818398785,24.7,1,2026-05-01T00:17:26.129267
2025,1,00-0036389,J.Hurts,QB,PHI,17.336675740028383,6.1,1,2026-05-01T00:17:26.129267
2025,1,00-0036442,J.Burrow,QB,CIN,17.349805303762583,8.5,1,2026-05-01T00:17:26.129267
2025,1,00-0036945,J.Fields,QB,NYJ,5.732237231895258,12.7,1,2026-05-01T00:17:26.129267
2025,1,00-0036971,T.Lawrence,QB,JAX,12.309902249738801,9.1,1,2026-05-01T00:17:26.129267
2025,1,00-0037013,Z.Wilson,QB,MIA,10.839570558153488,1.3,1,2026-05-01T00:17:26.129267
2025,1,00-0037834,B.Purdy,QB,SF,15.111775485556661,15.1,1,2026-05-01T00:17:26.129267
2025,1,00-0039150,B.Young,QB,CAR,15.094267556198844,6.2,1,2026-05-01T00:17:26.129267
2025,1,00-0039163,C.Stroud,QB,HOU,13.173609218448826,5.5,1,2026-05-01T00:17:26.129267
2025,1,00-0039376,S.Rattler,QB,NO,12.526572390878243,8.6,1,2026-05-01T00:17:26.129267
2025,1,00-0039732,B.Nix,QB,DEN,17.625729898859905,7.0,1,2026-05-01T00:17:26.129267
2025,1,00-0039851,D.Maye,QB,NE,11.89949513213715,13.5,1,2026-05-01T00:17:26.129267
2025,1,00-0039910,J.Daniels,QB,WAS,19.57779636262822,13.3,1,2026-05-01T00:17:26.129267
2025,1,00-0039917,M.Penix,QB,ATL,11.485250856034522,15.9,1,2026-05-01T00:17:26.129267
2025,1,00-0039918,C.Williams,QB,CHI,14.159452343804972,12.4,1,2026-05-01T00:17:26.129267
2025,1,00-0039923,J.McCarthy,QB,MIN,12.622847120097493,11.7,1,2026-05-01T00:17:26.129267
2025,1,00-0040676,C.Ward,QB,TEN,12.622847120097493,4.5,1,2026-05-01T00:17:26.129267
2025,2,00-0023459,A.Rodgers,QB,PIT,13.650325441002119,8.1,1,2026-05-01T00:17:26.129267
2025,2,00-0026158,J.Flacco,QB,CLE,13.610344589829593,10.0,1,2026-05-01T00:17:26.129267
2025,2,00-0026498,M.Stafford,QB,LA,13.687743924230919,17.9,1,2026-05-01T00:17:26.129267
2025,2,00-0028118,T.Taylor,QB,NYJ,11.096804779344959,6.2,1,2026-05-01T00:17:26.129267
2025,2,00-0029263,R.Wilson,QB,NYG,12.86467849168589,28.0,1,2026-05-01T00:17:26.129267
2025,2,00-0030565,G.Smith,QB,LV,13.783436345961436,1.2,1,2026-05-01T00:17:26.129267
2025,2,00-0033077,D.Prescott,QB,DAL,12.441996844161213,20.4,1,2026-05-01T00:17:26.129267
2025,2,00-0033106,J.Goff,QB,DET,12.877557999453279,33.4,1,2026-05-01T00:17:26.129267
2025,2,00-0033119,J.Brissett,QB,ARI,8.029729174567567,0.2,1,2026-05-01T00:17:26.129267
2025,2,00-0033869,M.Trubisky,QB,BUF,13.564246367058121,1.3,1,2026-05-01T00:17:26.129267
2025,2,00-0033873,P.Mahomes,QB,KC,15.350936390005756,9.5,1,2026-05-01T00:17:26.129267
2025,2,00-0034771,M.Rudolph,QB,PIT,12.524802107040758,0.5,1,2026-05-01T00:17:26.129267
2025,2,00-0034796,L.Jackson,QB,BAL,16.234537465861933,25.0,1,2026-05-01T00:17:26.129267
2025,2,00-0034855,B.Mayfield,QB,TB,15.70191892435616,16.6,1,2026-05-01T00:17:26.129267
2025,2,00-0034857,J.Allen,QB,BUF,15.363779865823632,5.9,1,2026-05-01T00:17:26.129267
2025,2,00-0034869,S.Darnold,QB,SEA,12.21974460073158,15.8,1,2026-05-01T00:17:26.129267
2025,2,00-0035100,J.Browning,QB,CIN,6.237244588307002,11.6,1,2026-05-01T00:17:26.129267
2025,2,00-0035228,K.Murray,QB,ARI,15.194425906365158,10.8,1,2026-05-01T00:17:26.129267
2025,2,00-0035710,D.Jones,QB,IND,14.18006264526391,16.6,1,2026-05-01T00:17:26.129267
2025,2,00-0036212,T.Tagovailoa,QB,MIA,11.91745904572914,18.6,1,2026-05-01T00:17:26.129267
2025,2,00-0036264,J.Love,QB,GB,11.104598255182665,19.7,1,2026-05-01T00:17:26.129267
2025,2,00-0036355,J.Herbert,QB,LAC,14.806042324060442,17.7,1,2026-05-01T00:17:26.129267
2025,2,00-0036389,J.Hurts,QB,PHI,14.740630979079487,4.0,1,2026-05-01T00:17:26.129267
2025,2,00-0036442,J.Burrow,QB,CIN,14.165653944037338,7.0,1,2026-05-01T00:17:26.129267
2025,2,00-0036945,J.Fields,QB,NYJ,8.045395964601829,1.1,1,2026-05-01T00:17:26.129267
2025,2,00-0036971,T.Lawrence,QB,JAX,10.759295740474329,18.8,1,2026-05-01T00:17:26.129267
2025,2,00-0038416,T.Bagent,QB,CHI,4.621736029859148,1.1,1,2026-05-01T00:17:26.129267
2025,2,00-0039150,B.Young,QB,CAR,14.044918985798345,23.1,1,2026-05-01T00:17:26.129267
2025,2,00-0039163,C.Stroud,QB,HOU,13.53802495186428,12.3,1,2026-05-01T00:17:26.129267
2025,2,00-0039376,S.Rattler,QB,NO,13.182661240979483,20.3,1,2026-05-01T00:17:26.129267
2025,2,00-0039732,B.Nix,QB,DEN,15.128173597645437,18.2,1,2026-05-01T00:17:26.129267
2025,2,00-0039851,D.Maye,QB,NE,10.901709763229013,17.2,1,2026-05-01T00:17:26.129267
2025,2,00-0039910,J.Daniels,QB,WAS,16.225140048462027,16.0,1,2026-05-01T00:17:26.129267
2025,2,00-0039917,M.Penix,QB,ATL,13.580264844161603,5.4,1,2026-05-01T00:17:26.129267
2025,2,00-0039918,C.Williams,QB,CHI,12.359021605399652,14.3,1,2026-05-01T00:17:26.129267
2025,2,00-0039923,J.McCarthy,QB,MIN,11.449865966216889,2.3,1,2026-05-01T00:17:26.129267
2025,2,00-0040676,C.Ward,QB,TEN,9.469056520650902,11.0,1,2026-05-01T00:17:26.129267
2025,2,00-0040704,D.Gabriel,QB,CLE,12.61754211780575,4.8,1,2026-05-01T00:17:26.129267
2025,3,00-0023459,A.Rodgers,QB,PIT,16.702403875445494,11.6,1,2026-05-01T00:17:26.129267
2025,3,00-0026158,J.Flacco,QB,CLE,12.55203743364555,3.7,1,2026-05-01T00:17:26.129267
2025,3,00-0026498,M.Stafford,QB,LA,13.797792431350393,13.8,1,2026-05-01T00:17:26.129267
2025,3,00-0028118,T.Taylor,QB,NYJ,10.261221932534038,13.9,1,2026-05-01T00:17:26.129267
2025,3,00-0029263,R.Wilson,QB,NYG,12.67651446315627,2.4,1,2026-05-01T00:17:26.129267
2025,3,00-0029604,K.Cousins,QB,ATL,11.694233330735651,1.2,1,2026-05-01T00:17:26.129267
2025,3,00-0030565,G.Smith,QB,LV,14.196392217384648,23.6,1,2026-05-01T00:17:26.129267
2025,3,00-0032268,M.Mariota,QB,WAS,8.757935554809055,12.3,1,2026-05-01T00:17:26.129267
2025,3,00-0032950,C.Wentz,QB,MIN,10.238516638311092,14.9,1,2026-05-01T00:17:26.129267
2025,3,00-0033077,D.Prescott,QB,DAL,11.745787037340301,10.0,1,2026-05-01T00:17:26.129267
2025,3,00-0033106,J.Goff,QB,DET,14.072623654620399,12.1,1,2026-05-01T00:17:26.129267
2025,3,00-0033873,P.Mahomes,QB,KC,13.732799517099128,13.0,1,2026-05-01T00:17:26.129267
2025,3,00-0034796,L.Jackson,QB,BAL,15.339098689636268,23.5,1,2026-05-01T00:17:26.129267
2025,3,00-0034855,B.Mayfield,QB,TB,15.170655324014469,13.3,1,2026-05-01T00:17:26.129267
2025,3,00-0034857,J.Allen,QB,BUF,16.11996268739555,20.5,1,2026-05-01T00:17:26.129267
2025,3,00-0034869,S.Darnold,QB,SEA,11.324953322405399,16.7,1,2026-05-01T00:17:26.129267
2025,3,00-0034955,B.Rypien,QB,CIN,6.992674169724252,0.0,1,2026-05-01T00:17:26.129267
2025,3,00-0035100,J.Browning,QB,CIN,8.4827425976974,5.6,1,2026-05-01T00:17:26.129267
2025,3,00-0035228,K.Murray,QB,ARI,14.032197327931408,10.4,1,2026-05-01T00:17:26.129267
2025,3,00-0035704,D.Lock,QB,SEA,13.673783829875152,0.6,1,2026-05-01T00:17:26.129267
2025,3,00-0035710,D.Jones,QB,IND,13.306388966171584,13.1,1,2026-05-01T00:17:26.129267
2025,3,00-0036212,T.Tagovailoa,QB,MIA,10.822125993854304,11.8,1,2026-05-01T00:17:26.129267
2025,3,00-0036264,J.Love,QB,GB,13.083453103862244,9.3,1,2026-05-01T00:17:26.129267
2025,3,00-0036355,J.Herbert,QB,LAC,15.57977945866619,14.0,1,2026-05-01T00:17:26.129267
2025,3,00-0036389,J.Hurts,QB,PHI,11.2159485359527,21.0,1,2026-05-01T00:17:26.129267
2025,3,00-0036971,T.Lawrence,QB,JAX,10.84760381034901,6.9,1,2026-05-01T00:17:26.129267
2025,3,00-0039150,B.Young,QB,CAR,13.522786137209074,4.8,1,2026-05-01T00:17:26.129267
2025,3,00-0039163,C.Stroud,QB,HOU,10.69238605181121,8.2,1,2026-05-01T00:17:26.129267
2025,3,00-0039376,S.Rattler,QB,NO,12.135526297378535,10.7,1,2026-05-01T00:17:26.129267
2025,3,00-0039398,J.Milton,QB,DAL,15.569758415714375,-0.4,1,2026-05-01T00:17:26.129267
2025,3,00-0039732,B.Nix,QB,DEN,11.947448087714653,10.1,1,2026-05-01T00:17:26.129267
2025,3,00-0039851,D.Maye,QB,NE,10.766929257861701,16.7,1,2026-05-01T00:17:26.129267
2025,3,00-0039917,M.Penix,QB,ATL,12.909115073786303,2.9,1,2026-05-01T00:17:26.129267
2025,3,00-0039918,C.Williams,QB,CHI,12.296539545180716,27.9,1,2026-05-01T00:17:26.129267
2025,3,00-0040494,M.Brosmer,QB,MIN,12.614357665366096,1.2,1,2026-05-01T00:17:26.129267
2025,3,00-0040676,C.Ward,QB,TEN,9.338614671016591,10.8,1,2026-05-01T00:17:26.129267
2025,3,00-0040743,T.Shough,QB,NO,12.614357665366096,0.0,1,2026-05-01T00:17:26.129267
2025,4,00-0023459,A.Rodgers,QB,PIT,13.784568952651426,12.0,1,2026-05-01T00:17:26.129267
2025,4,00-0026158,J.Flacco,QB,CLE,11.662002005112852,3.4,1,2026-05-01T00:17:26.129267
2025,4,00-0026498,M.Stafford,QB,LA,13.432506508752809,27.0,1,2026-05-01T00:17:26.129267
2025,4,00-0027973,A.Dalton,QB,CAR,11.295338733458884,6.3,1,2026-05-01T00:17:26.129267
2025,4,00-0029263,R.Wilson,QB,NYG,13.262739351913298,0.3,1,2026-05-01T00:17:26.129267
2025,4,00-0030565,G.Smith,QB,LV,12.368698197155146,6.7,1,2026-05-01T00:17:26.129267
2025,4,00-0032268,M.Mariota,QB,WAS,8.024806591183975,12.2,1,2026-05-01T00:17:26.129267
2025,4,00-0032950,C.Wentz,QB,MIN,10.526260342321077,18.0,1,2026-05-01T00:17:26.129267
2025,4,00-0033077,D.Prescott,QB,DAL,12.985174769994568,24.8,1,2026-05-01T00:17:26.129267
2025,4,00-0033106,J.Goff,QB,DET,15.490505887694283,12.7,1,2026-05-01T00:17:26.129267
2025,4,00-0033662,C.Rush,QB,BAL,12.613109182880407,2.1,1,2026-05-01T00:17:26.129267
2025,4,00-0033873,P.Mahomes,QB,KC,11.94689878164993,26.8,1,2026-05-01T00:17:26.129267
2025,4,00-0033949,J.Dobbs,QB,NE,11.425853335667531,0.0,1,2026-05-01T00:17:26.129267
2025,4,00-0034796,L.Jackson,QB,BAL,15.642722862288494,7.9,1,2026-05-01T00:17:26.129267
2025,4,00-0034855,B.Mayfield,QB,TB,13.866657993874757,17.6,1,2026-05-01T00:17:26.129267
2025,4,00-0034857,J.Allen,QB,BUF,13.276075692338576,14.4,1,2026-05-01T00:17:26.129267
2025,4,00-0034869,S.Darnold,QB,SEA,11.88051760066902,13.7,1,2026-05-01T00:17:26.129267
2025,4,00-0035100,J.Browning,QB,CIN,9.768239742106093,5.0,1,2026-05-01T00:17:26.129267
2025,4,00-0035228,K.Murray,QB,ARI,11.900970704200883,12.0,1,2026-05-01T00:17:26.129267
2025,4,00-0035710,D.Jones,QB,IND,12.894165303047295,10.5,1,2026-05-01T00:17:26.129267
2025,4,00-0036212,T.Tagovailoa,QB,MIA,12.061139194690854,15.1,1,2026-05-01T00:17:26.129267
2025,4,00-0036264,J.Love,QB,GB,13.391816447033518,25.5,1,2026-05-01T00:17:26.129267
2025,4,00-0036355,J.Herbert,QB,LAC,15.41172138284249,8.1,1,2026-05-01T00:17:26.129267
2025,4,00-0036389,J.Hurts,QB,PHI,9.689612071797407,13.2,1,2026-05-01T00:17:26.129267
2025,4,00-0036945,J.Fields,QB,NYJ,8.2742911022196,13.0,1,2026-05-01T00:17:26.129267
2025,4,00-0036971,T.Lawrence,QB,JAX,12.750483613374875,11.0,1,2026-05-01T00:17:26.129267
2025,4,00-0037834,B.Purdy,QB,SF,15.637741084432026,16.4,1,2026-05-01T00:17:26.129267
2025,4,00-0039150,B.Young,QB,CAR,12.729661763977749,10.0,1,2026-05-01T00:17:26.129267
2025,4,00-0039163,C.Stroud,QB,HOU,10.667481346262218,17.3,1,2026-05-01T00:17:26.129267
2025,4,00-0039376,S.Rattler,QB,NO,12.916438298349147,9.0,1,2026-05-01T00:17:26.129267
2025,4,00-0039732,B.Nix,QB,DEN,12.22342395668441,19.0,1,2026-05-01T00:17:26.129267
2025,4,00-0039851,D.Maye,QB,NE,13.810255955944703,16.1,1,2026-05-01T00:17:26.129267
2025,4,00-0039917,M.Penix,QB,ATL,10.674559797173739,18.5,1,2026-05-01T00:17:26.129267
2025,4,00-0039918,C.Williams,QB,CHI,13.668594502070334,10.5,1,2026-05-01T00:17:26.129267
2025,4,00-0040676,C.Ward,QB,TEN,10.42721324919053,2.3,1,2026-05-01T00:17:26.129267
2025,4,00-0040704,D.Gabriel,QB,CLE,8.400232743259101,0.0,1,2026-05-01T00:17:26.129267
2025,5,00-0026498,M.Stafford,QB,LA,14.485325299827299,27.6,1,2026-05-01T00:17:26.129267
2025,5,00-0030565,G.Smith,QB,LV,12.660089025544748,5.1,1,2026-05-01T00:17:26.129267
2025,5,00-0032950,C.Wentz,QB,MIN,12.423789764679151,13.4,1,2026-05-01T00:17:26.129267
2025,5,00-0033077,D.Prescott,QB,DAL,14.278561373461581,25.5,1,2026-05-01T00:17:26.129267
2025,5,00-0033106,J.Goff,QB,DET,14.802312470752733,22.3,1,2026-05-01T00:17:26.129267
2025,5,00-0033119,J.Brissett,QB,ARI,7.602040495525057,0.0,1,2026-05-01T00:17:26.129267
2025,5,00-0033662,C.Rush,QB,BAL,11.139765118899405,1.2,1,2026-05-01T00:17:26.129267
2025,5,00-0033873,P.Mahomes,QB,KC,13.055633189789392,14.7,1,2026-05-01T00:17:26.129267
2025,5,00-0034855,B.Mayfield,QB,TB,13.718980734628976,23.2,1,2026-05-01T00:17:26.129267
2025,5,00-0034857,J.Allen,QB,BUF,12.86503168050813,16.1,1,2026-05-01T00:17:26.129267
2025,5,00-0034869,S.Darnold,QB,SEA,12.97395780313265,27.6,1,2026-05-01T00:17:26.129267
2025,5,00-0035100,J.Browning,QB,CIN,10.516867121240413,16.0,1,2026-05-01T00:17:26.129267
2025,5,00-0035228,K.Murray,QB,ARI,12.139194408253434,8.8,1,2026-05-01T00:17:26.129267
2025,5,00-0035710,D.Jones,QB,IND,12.73981080940064,16.5,1,2026-05-01T00:17:26.129267
2025,5,00-0036212,T.Tagovailoa,QB,MIA,12.652733751486176,22.2,1,2026-05-01T00:17:26.129267
2025,5,00-0036355,J.Herbert,QB,LAC,14.073757305668803,8.6,1,2026-05-01T00:17:26.129267
2025,5,00-0036389,J.Hurts,QB,PHI,11.297927824500988,19.2,1,2026-05-01T00:17:26.129267
2025,5,00-0036898,D.Mills,QB,HOU,5.701207615220798,0.9,1,2026-05-01T00:17:26.129267
2025,5,00-0036945,J.Fields,QB,NYJ,9.286522217719458,19.3,1,2026-05-01T00:17:26.129267
2025,5,00-0036971,T.Lawrence,QB,JAX,12.321978801753112,10.8,1,2026-05-01T00:17:26.129267
2025,5,00-0037012,T.Lance,QB,LAC,6.205398363971473,1.8,1,2026-05-01T00:17:26.129267
2025,5,00-0039150,B.Young,QB,CAR,12.022134738255453,13.9,1,2026-05-01T00:17:26.129267
2025,5,00-0039163,C.Stroud,QB,HOU,11.490910325344831,25.8,1,2026-05-01T00:17:26.129267
2025,5,00-0039376,S.Rattler,QB,NO,12.489410619556777,13.0,1,2026-05-01T00:17:26.129267
2025,5,00-0039732,B.Nix,QB,DEN,12.811751986811407,13.7,1,2026-05-01T00:17:26.129267
2025,5,00-0039851,D.Maye,QB,NE,13.75820525287555,10.9,1,2026-05-01T00:17:26.129267
2025,5,00-0039910,J.Daniels,QB,WAS,13.980401809442021,13.2,1,2026-05-01T00:17:26.129267
2025,5,00-0040676,C.Ward,QB,TEN,10.45601925347904,8.6,1,2026-05-01T00:17:26.129267
2025,5,00-0040704,D.Gabriel,QB,CLE,5.778819705220851,15.6,1,2026-05-01T00:17:26.129267
2025,6,00-0023459,A.Rodgers,QB,PIT,12.20703931908871,17.4,1,2026-05-01T00:17:26.129267
2025,6,00-0026158,J.Flacco,QB,CIN,10.435149991995601,16.8,1,2026-05-01T00:17:26.129267
2025,6,00-0026498,M.Stafford,QB,LA,15.779749685200223,11.2,1,2026-05-01T00:17:26.129267
2025,6,00-0029263,R.Wilson,QB,NYG,11.113374940441867,0.0,1,2026-05-01T00:17:26.129267
2025,6,00-0030565,G.Smith,QB,LV,12.337492863673758,9.0,1,2026-05-01T00:17:26.129267
2025,6,00-0033077,D.Prescott,QB,DAL,14.873123274496253,22.4,1,2026-05-01T00:17:26.129267
2025,6,00-0033106,J.Goff,QB,DET,13.559484929284537,16.1,1,2026-05-01T00:17:26.129267
2025,6,00-0033119,J.Brissett,QB,ARI,3.3502545458948365,18.8,1,2026-05-01T00:17:26.129267
2025,6,00-0033662,C.Rush,QB,BAL,7.926190154601192,0.9,1,2026-05-01T00:17:26.129267
2025,6,00-0033873,P.Mahomes,QB,KC,14.246193158812561,22.3,1,2026-05-01T00:17:26.129267
2025,6,00-0034855,B.Mayfield,QB,TB,14.13325445629882,18.2,1,2026-05-01T00:17:26.129267
2025,6,00-0034857,J.Allen,QB,BUF,13.905502026730012,11.2,1,2026-05-01T00:17:26.129267
2025,6,00-0034869,S.Darnold,QB,SEA,13.870424908119382,19.8,1,2026-05-01T00:17:26.129267
2025,6,00-0035710,D.Jones,QB,IND,12.56184917574015,14.5,1,2026-05-01T00:17:26.129267
2025,6,00-0035993,T.Huntley,QB,BAL,13.72477955601783,2.7,1,2026-05-01T00:17:26.129267
2025,6,00-0036212,T.Tagovailoa,QB,MIA,13.04729425030609,6.2,1,2026-05-01T00:17:26.129267
2025,6,00-0036264,J.Love,QB,GB,13.893313388470435,12.4,1,2026-05-01T00:17:26.129267
2025,6,00-0036355,J.Herbert,QB,LAC,13.035802181266531,18.6,1,2026-05-01T00:17:26.129267
2025,6,00-0036389,J.Hurts,QB,PHI,13.030844601783377,13.3,1,2026-05-01T00:17:26.129267
2025,6,00-0036945,J.Fields,QB,NYJ,10.57482077701125,1.8,1,2026-05-01T00:17:26.129267
2025,6,00-0036971,T.Lawrence,QB,JAX,11.27080582996031,18.3,1,2026-05-01T00:17:26.129267
2025,6,00-0039150,B.Young,QB,CAR,10.816804925475061,18.0,1,2026-05-01T00:17:26.129267
2025,6,00-0039376,S.Rattler,QB,NO,11.578283522264439,9.1,1,2026-05-01T00:17:26.129267
2025,6,00-0039732,B.Nix,QB,DEN,12.737567086543994,11.0,1,2026-05-01T00:17:26.129267
2025,6,00-0039851,D.Maye,QB,NE,13.26482449075157,22.4,1,2026-05-01T00:17:26.129267
2025,6,00-0039910,J.Daniels,QB,WAS,12.826553832864361,18.4,1,2026-05-01T00:17:26.129267
2025,6,00-0039917,M.Penix,QB,ATL,10.517849356867366,14.0,1,2026-05-01T00:17:26.129267
2025,6,00-0039918,C.Williams,QB,CHI,14.620004073957372,14.1,1,2026-05-01T00:17:26.129267
2025,6,00-0040676,C.Ward,QB,TEN,10.107277514915669,10.9,1,2026-05-01T00:17:26.129267
2025,6,00-0040704,D.Gabriel,QB,CLE,7.181576302259332,8.8,1,2026-05-01T00:17:26.129267
2025,7,00-0023459,A.Rodgers,QB,PIT,12.432594943263044,22.0,1,2026-05-01T00:17:26.129267
2025,7,00-0026158,J.Flacco,QB,CIN,10.566176775721488,25.7,1,2026-05-01T00:17:26.129267
2025,7,00-0026498,M.Stafford,QB,LA,15.655743451389846,27.3,1,2026-05-01T00:17:26.129267
2025,7,00-0027973,A.Dalton,QB,CAR,11.715669493405938,2.4,1,2026-05-01T00:17:26.129267
2025,7,00-0028118,T.Taylor,QB,NYJ,10.107217814852625,1.0,1,2026-05-01T00:17:26.129267
2025,7,00-0030565,G.Smith,QB,LV,10.92315539822964,2.7,1,2026-05-01T00:17:26.129267
2025,7,00-0032268,M.Mariota,QB,WAS,9.821790461771727,0.5,1,2026-05-01T00:17:26.129267
2025,7,00-0032950,C.Wentz,QB,MIN,13.806970639331425,8.5,1,2026-05-01T00:17:26.129267
2025,7,00-0033077,D.Prescott,QB,DAL,15.838660717640652,22.6,1,2026-05-01T00:17:26.129267
2025,7,00-0033106,J.Goff,QB,DET,14.123759396664735,11.6,1,2026-05-01T00:17:26.129267
2025,7,00-0033119,J.Brissett,QB,ARI,6.3157583828784984,19.2,1,2026-05-01T00:17:26.129267
2025,7,00-0033873,P.Mahomes,QB,KC,14.928124565627419,23.4,1,2026-05-01T00:17:26.129267
2025,7,00-0033949,J.Dobbs,QB,NE,10.825636381171352,0.5,1,2026-05-01T00:17:26.129267
2025,7,00-0034855,B.Mayfield,QB,TB,14.836487666627603,11.1,1,2026-05-01T00:17:26.129267
2025,7,00-0034869,S.Darnold,QB,SEA,14.577864511797195,10.5,1,2026-05-01T00:17:26.129267
2025,7,00-0035710,D.Jones,QB,IND,12.986803282187665,19.5,1,2026-05-01T00:17:26.129267
2025,7,00-0036212,T.Tagovailoa,QB,MIA,13.234875554603946,-2.0,1,2026-05-01T00:17:26.129267
2025,7,00-0036264,J.Love,QB,GB,13.91493161708739,11.2,1,2026-05-01T00:17:26.129267
2025,7,00-0036355,J.Herbert,QB,LAC,12.79642581474042,24.8,1,2026-05-01T00:17:26.129267
2025,7,00-0036389,J.Hurts,QB,PHI,12.77730521469131,25.0,1,2026-05-01T00:17:26.129267
2025,7,00-0036945,J.Fields,QB,NYJ,11.452546033405184,1.8,1,2026-05-01T00:17:26.129267
2025,7,00-0036971,T.Lawrence,QB,JAX,12.190780620561302,15.8,1,2026-05-01T00:17:26.129267
2025,7,00-0038102,K.Pickett,QB,LV,6.5240483338814474,0.3,1,2026-05-01T00:17:26.129267
2025,7,00-0039150,B.Young,QB,CAR,12.311590688587465,9.5,1,2026-05-01T00:17:26.129267
2025,7,00-0039163,C.Stroud,QB,HOU,13.106866878907395,11.2,1,2026-05-01T00:17:26.129267
2025,7,00-0039376,S.Rattler,QB,NO,11.121902708824493,11.3,1,2026-05-01T00:17:26.129267
2025,7,00-0039732,B.Nix,QB,DEN,12.877385637000753,19.2,1,2026-05-01T00:17:26.129267
2025,7,00-0039851,D.Maye,QB,NE,13.283986493747367,16.9,1,2026-05-01T00:17:26.129267
2025,7,00-0039910,J.Daniels,QB,WAS,13.342534252686216,10.2,1,2026-05-01T00:17:26.129267
2025,7,00-0039917,M.Penix,QB,ATL,11.863446233582621,13.6,1,2026-05-01T00:17:26.129267
2025,7,00-0039918,C.Williams,QB,CHI,14.047633303743668,4.9,1,2026-05-01T00:17:26.129267
2025,7,00-0040234,Q.Ewers,QB,MIA,12.617100569723158,2.1,1,2026-05-01T00:17:26.129267
2025,7,00-0040676,C.Ward,QB,TEN,10.19710968162141,12.2,1,2026-05-01T00:17:26.129267
2025,7,00-0040704,D.Gabriel,QB,CLE,9.200643639447716,4.6,1,2026-05-01T00:17:26.129267
2025,8,00-0023459,A.Rodgers,QB,PIT,13.744609885501408,16.8,1,2026-05-01T00:17:26.129267
2025,8,00-0026158,J.Flacco,QB,CIN,12.703446963646417,16.9,1,2026-05-01T00:17:26.129267
2025,8,00-0027973,A.Dalton,QB,CAR,8.274325230581919,5.0,1,2026-05-01T00:17:26.129267
2025,8,00-0029604,K.Cousins,QB,ATL,10.47740328225471,6.9,1,2026-05-01T00:17:26.129267
2025,8,00-0032268,M.Mariota,QB,WAS,10.662524612358046,8.5,1,2026-05-01T00:17:26.129267
2025,8,00-0032950,C.Wentz,QB,MIN,13.57232125191937,7.8,1,2026-05-01T00:17:26.129267
2025,8,00-0033077,D.Prescott,QB,DAL,15.730632264725214,3.5,1,2026-05-01T00:17:26.129267
2025,8,00-0033869,M.Trubisky,QB,BUF,9.757151857309303,0.9,1,2026-05-01T00:17:26.129267
2025,8,00-0033873,P.Mahomes,QB,KC,14.801078588917736,20.0,1,2026-05-01T00:17:26.129267
2025,8,00-0034855,B.Mayfield,QB,TB,14.661350816465424,6.1,1,2026-05-01T00:17:26.129267
2025,8,00-0034857,J.Allen,QB,BUF,13.445665141965875,10.5,1,2026-05-01T00:17:26.129267
2025,8,00-0035710,D.Jones,QB,IND,13.42350314342739,22.9,1,2026-05-01T00:17:26.129267
2025,8,00-0035993,T.Huntley,QB,BAL,12.758815718434887,11.4,1,2026-05-01T00:17:26.129267
2025,8,00-0036212,T.Tagovailoa,QB,MIA,11.963376540027006,24.2,1,2026-05-01T00:17:26.129267
2025,8,00-0036264,J.Love,QB,GB,13.71627007654494,26.4,1,2026-05-01T00:17:26.129267
2025,8,00-0036355,J.Herbert,QB,LAC,14.38396173675413,19.1,1,2026-05-01T00:17:26.129267
2025,8,00-0036389,J.Hurts,QB,PHI,13.923426451838898,23.2,1,2026-05-01T00:17:26.129267
2025,8,00-0036945,J.Fields,QB,NYJ,9.799212771730513,13.8,1,2026-05-01T00:17:26.129267
2025,8,00-0037013,Z.Wilson,QB,MIA,10.21299138166957,0.0,1,2026-05-01T00:17:26.129267
2025,8,00-0039163,C.Stroud,QB,HOU,14.029234063170238,18.7,1,2026-05-01T00:17:26.129267
2025,8,00-0039376,S.Rattler,QB,NO,11.80904453606133,3.4,1,2026-05-01T00:17:26.129267
2025,8,00-0039398,J.Milton,QB,DAL,12.154354872412451,6.3,1,2026-05-01T00:17:26.129267
2025,8,00-0039732,B.Nix,QB,DEN,12.911390505931898,23.9,1,2026-05-01T00:17:26.129267
2025,8,00-0039851,D.Maye,QB,NE,13.498074918680748,21.3,1,2026-05-01T00:17:26.129267
2025,8,00-0039918,C.Williams,QB,CHI,12.086898535987297,9.4,1,2026-05-01T00:17:26.129267
2025,8,00-0040206,R.Leonard,QB,IND,12.616975383304103,0.0,1,2026-05-01T00:17:26.129267
2025,8,00-0040494,M.Brosmer,QB,MIN,7.734130088653064,0.5,1,2026-05-01T00:17:26.129267
2025,8,00-0040676,C.Ward,QB,TEN,11.317905519100947,12.4,1,2026-05-01T00:17:26.129267
2025,8,00-0040704,D.Gabriel,QB,CLE,10.518491424768012,10.2,1,2026-05-01T00:17:26.129267
2025,8,00-0040743,T.Shough,QB,NO,5.309969928855367,3.1,1,2026-05-01T00:17:26.129267
2025,9,00-0023459,A.Rodgers,QB,PIT,14.557697100061993,12.1,1,2026-05-01T00:17:26.129267
2025,9,00-0026158,J.Flacco,QB,CIN,14.00416651154034,30.8,1,2026-05-01T00:17:26.129267
2025,9,00-0026498,M.Stafford,QB,LA,15.446164415751422,27.2,1,2026-05-01T00:17:26.129267
2025,9,00-0030565,G.Smith,QB,LV,9.873233027746924,25.4,1,2026-05-01T00:17:26.129267
2025,9,00-0033077,D.Prescott,QB,DAL,14.305701627871866,12.0,1,2026-05-01T00:17:26.129267
2025,9,00-0033106,J.Goff,QB,DET,14.016089704367923,19.4,1,2026-05-01T00:17:26.129267
2025,9,00-0033119,J.Brissett,QB,ARI,10.126018252490054,18.4,1,2026-05-01T00:17:26.129267
2025,9,00-0033873,P.Mahomes,QB,KC,15.589678358610513,8.0,1,2026-05-01T00:17:26.129267
2025,9,00-0034796,L.Jackson,QB,BAL,15.200554923037412,24.2,1,2026-05-01T00:17:26.129267
2025,9,00-0034857,J.Allen,QB,BUF,12.749963693168677,14.9,1,2026-05-01T00:17:26.129267
2025,9,00-0034869,S.Darnold,QB,SEA,14.638754422353106,27.2,1,2026-05-01T00:17:26.129267
2025,9,00-0035710,D.Jones,QB,IND,14.108697767609888,11.7,1,2026-05-01T00:17:26.129267
2025,9,00-0036212,T.Tagovailoa,QB,MIA,11.632800415895426,8.4,1,2026-05-01T00:17:26.129267
2025,9,00-0036264,J.Love,QB,GB,13.54459189907599,8.9,1,2026-05-01T00:17:26.129267
2025,9,00-0036355,J.Herbert,QB,LAC,15.495703703011001,16.0,1,2026-05-01T00:17:26.129267
2025,9,00-0036898,D.Mills,QB,HOU,8.747851006180628,5.5,1,2026-05-01T00:17:26.129267
2025,9,00-0036971,T.Lawrence,QB,JAX,13.187636175219595,6.8,1,2026-05-01T00:17:26.129267
2025,9,00-0038416,T.Bagent,QB,CHI,7.978813269206029,0.8,1,2026-05-01T00:17:26.129267
2025,9,00-0039150,B.Young,QB,CAR,12.394648032767897,2.1,1,2026-05-01T00:17:26.129267
2025,9,00-0039163,C.Stroud,QB,HOU,14.28851749214707,3.2,1,2026-05-01T00:17:26.129267
2025,9,00-0039732,B.Nix,QB,DEN,13.99233789392995,12.9,1,2026-05-01T00:17:26.129267
2025,9,00-0039851,D.Maye,QB,NE,14.588924149297524,16.4,1,2026-05-01T00:17:26.129267
2025,9,00-0039910,J.Daniels,QB,WAS,12.701397585073368,4.1,1,2026-05-01T00:17:26.129267
2025,9,00-0039917,M.Penix,QB,ATL,12.603314129043232,20.8,1,2026-05-01T00:17:26.129267
2025,9,00-0039918,C.Williams,QB,CHI,11.591701794932595,23.2,1,2026-05-01T00:17:26.129267
2025,9,00-0039923,J.McCarthy,QB,MIN,10.772863872192623,11.7,1,2026-05-01T00:17:26.129267
2025,9,00-0040676,C.Ward,QB,TEN,11.772070446175608,5.8,1,2026-05-01T00:17:26.129267
2025,9,00-0040743,T.Shough,QB,NO,5.5094483165532075,9.0,1,2026-05-01T00:17:26.129267
2025,10,00-0023459,A.Rodgers,QB,PIT,14.239230516294576,6.4,1,2026-05-01T00:17:26.129267
2025,10,00-0026498,M.Stafford,QB,LA,15.601126642700027,27.2,1,2026-05-01T00:17:26.129267
2025,10,00-0029263,R.Wilson,QB,NYG,7.0367606970770185,1.8,1,2026-05-01T00:17:26.129267
2025,10,00-0030565,G.Smith,QB,LV,11.269377610097512,3.7,1,2026-05-01T00:17:26.129267
2025,10,00-0032268,M.Mariota,QB,WAS,9.987215421073177,16.5,1,2026-05-01T00:17:26.129267
2025,10,00-0033106,J.Goff,QB,DET,13.716823335703063,24.8,1,2026-05-01T00:17:26.129267
2025,10,00-0033119,J.Brissett,QB,ARI,13.334915426094438,18.3,1,2026-05-01T00:17:26.129267
2025,10,00-0033869,M.Trubisky,QB,BUF,6.075555304753401,0.4,1,2026-05-01T00:17:26.129267
2025,10,00-0034577,K.Allen,QB,DET,8.067244351471292,0.0,1,2026-05-01T00:17:26.129267
2025,10,00-0034796,L.Jackson,QB,BAL,14.459016851510011,11.0,1,2026-05-01T00:17:26.129267
2025,10,00-0034855,B.Mayfield,QB,TB,12.989467349465029,22.9,1,2026-05-01T00:17:26.129267
2025,10,00-0034857,J.Allen,QB,BUF,12.329271999744964,18.2,1,2026-05-01T00:17:26.129267
2025,10,00-0034869,S.Darnold,QB,SEA,14.53116749821473,9.1,1,2026-05-01T00:17:26.129267
2025,10,00-0035704,D.Lock,QB,SEA,12.408880503580555,0.0,1,2026-05-01T00:17:26.129267
2025,10,00-0035710,D.Jones,QB,IND,14.654383690940211,12.2,1,2026-05-01T00:17:26.129267
2025,10,00-0036212,T.Tagovailoa,QB,MIA,11.855898049162574,10.9,1,2026-05-01T00:17:26.129267
2025,10,00-0036264,J.Love,QB,GB,13.600167588688397,7.0,1,2026-05-01T00:17:26.129267
2025,10,00-0036355,J.Herbert,QB,LAC,15.46394547296692,12.8,1,2026-05-01T00:17:26.129267
2025,10,00-0036389,J.Hurts,QB,PHI,14.406911786460332,11.3,1,2026-05-01T00:17:26.129267
2025,10,00-0036898,D.Mills,QB,HOU,7.30306070040181,17.7,1,2026-05-01T00:17:26.129267
2025,10,00-0036945,J.Fields,QB,NYJ,8.77395566695643,4.2,1,2026-05-01T00:17:26.129267
2025,10,00-0036971,T.Lawrence,QB,JAX,12.983338603585928,8.3,1,2026-05-01T00:17:26.129267
2025,10,00-0038102,K.Pickett,QB,LV,6.6628808279304,0.0,1,2026-05-01T00:17:26.129267
2025,10,00-0039150,B.Young,QB,CAR,11.106835109316865,3.0,1,2026-05-01T00:17:26.129267
2025,10,00-0039577,K.Slovis,QB,ARI,12.620190020719201,0.0,1,2026-05-01T00:17:26.129267
2025,10,00-0039732,B.Nix,QB,DEN,14.725493697827687,6.0,1,2026-05-01T00:17:26.129267
2025,10,00-0039851,D.Maye,QB,NE,14.390983618459387,16.8,1,2026-05-01T00:17:26.129267
2025,10,00-0039917,M.Penix,QB,ATL,12.809328540345888,11.1,1,2026-05-01T00:17:26.129267
2025,10,00-0039918,C.Williams,QB,CHI,12.311726557769305,12.8,1,2026-05-01T00:17:26.129267
2025,10,00-0039923,J.McCarthy,QB,MIN,10.299966430447384,9.9,1,2026-05-01T00:17:26.129267
2025,10,00-0040704,D.Gabriel,QB,CLE,10.3913794160853,14.7,1,2026-05-01T00:17:26.129267
2025,10,00-0040743,T.Shough,QB,NO,6.9289051923911025,19.3,1,2026-05-01T00:17:26.129267
2025,11,00-0023459,A.Rodgers,QB,PIT,12.815854661114647,8.6,1,2026-05-01T00:17:26.129267
2025,11,00-0026158,J.Flacco,QB,CIN,15.491655638569606,10.0,1,2026-05-01T00:17:26.129267
2025,11,00-0026498,M.Stafford,QB,LA,17.23557044835135,13.2,1,2026-05-01T00:17:26.129267
2025,11,00-0029604,K.Cousins,QB,ATL,7.557961764995881,1.9,1,2026-05-01T00:17:26.129267
2025,11,00-0030565,G.Smith,QB,LV,11.260806662803082,11.5,1,2026-05-01T00:17:26.129267
2025,11,00-0031503,J.Winston,QB,NYG,14.919444118466112,6.0,1,2026-05-01T00:17:26.129267
2025,11,00-0032268,M.Mariota,QB,WAS,10.178047282202073,10.5,1,2026-05-01T00:17:26.129267
2025,11,00-0033077,D.Prescott,QB,DAL,13.355096510482364,26.7,1,2026-05-01T00:17:26.129267
2025,11,00-0033106,J.Goff,QB,DET,14.519828526273113,12.2,1,2026-05-01T00:17:26.129267
2025,11,00-0033119,J.Brissett,QB,ARI,13.607504750291698,22.1,1,2026-05-01T00:17:26.129267
2025,11,00-0033873,P.Mahomes,QB,KC,14.62548248382433,13.0,1,2026-05-01T00:17:26.129267
2025,11,00-0034771,M.Rudolph,QB,PIT,10.39714004820052,9.1,1,2026-05-01T00:17:26.129267
2025,11,00-0034796,L.Jackson,QB,BAL,13.570641593104744,3.7,1,2026-05-01T00:17:26.129267
2025,11,00-0034855,B.Mayfield,QB,TB,13.32345619089356,8.9,1,2026-05-01T00:17:26.129267
2025,11,00-0034857,J.Allen,QB,BUF,12.895696206641324,20.7,1,2026-05-01T00:17:26.129267
2025,11,00-0034869,S.Darnold,QB,SEA,14.255467216682758,3.2,1,2026-05-01T00:17:26.129267
2025,11,00-0036212,T.Tagovailoa,QB,MIA,12.772796190314763,6.8,1,2026-05-01T00:17:26.129267
2025,11,00-0036264,J.Love,QB,GB,13.18588302626657,15.0,1,2026-05-01T00:17:26.129267
2025,11,00-0036355,J.Herbert,QB,LAC,13.917421445657327,1.2,1,2026-05-01T00:17:26.129267
2025,11,00-0036389,J.Hurts,QB,PHI,14.180564021432769,5.4,1,2026-05-01T00:17:26.129267
2025,11,00-0036898,D.Mills,QB,HOU,8.958697614906143,15.0,1,2026-05-01T00:17:26.129267
2025,11,00-0036945,J.Fields,QB,NYJ,9.085168415688507,8.6,1,2026-05-01T00:17:26.129267
2025,11,00-0036971,T.Lawrence,QB,JAX,11.840290756197378,8.1,1,2026-05-01T00:17:26.129267
2025,11,00-0037012,T.Lance,QB,LAC,9.939600908973153,1.5,1,2026-05-01T00:17:26.129267
2025,11,00-0037834,B.Purdy,QB,SF,15.210802712001605,20.0,1,2026-05-01T00:17:26.129267
2025,11,00-0038128,M.Willis,QB,GB,10.899740890294085,4.2,1,2026-05-01T00:17:26.129267
2025,11,00-0039150,B.Young,QB,CAR,9.531307809456237,29.9,1,2026-05-01T00:17:26.129267
2025,11,00-0039732,B.Nix,QB,DEN,13.509139136344647,11.8,1,2026-05-01T00:17:26.129267
2025,11,00-0039851,D.Maye,QB,NE,14.564321885696605,15.2,1,2026-05-01T00:17:26.129267
2025,11,00-0039917,M.Penix,QB,ATL,12.791731649069146,7.0,1,2026-05-01T00:17:26.129267
2025,11,00-0039918,C.Williams,QB,CHI,13.162212040296412,7.7,1,2026-05-01T00:17:26.129267
2025,11,00-0039923,J.McCarthy,QB,MIN,10.856075804901158,6.0,1,2026-05-01T00:17:26.129267
2025,11,00-0040668,S.Sanders,QB,CLE,12.617501729911961,-0.1,1,2026-05-01T00:17:26.129267
2025,11,00-0040676,C.Ward,QB,TEN,10.97676167967526,11.8,1,2026-05-01T00:17:26.129267
2025,11,00-0040704,D.Gabriel,QB,CLE,10.594951303997206,2.7,1,2026-05-01T00:17:26.129267
2025,12,00-0026158,J.Flacco,QB,CIN,14.705135614727709,9.3,1,2026-05-01T00:17:26.129267
2025,12,00-0026498,M.Stafford,QB,LA,16.032856065794135,22.9,1,2026-05-01T00:17:26.129267
2025,12,00-0028118,T.Taylor,QB,NYJ,10.128888656399644,10.9,1,2026-05-01T00:17:26.129267
2025,12,00-0029604,K.Cousins,QB,ATL,7.026785471295992,14.0,1,2026-05-01T00:17:26.129267
2025,12,00-0030565,G.Smith,QB,LV,12.545141040370673,15.4,1,2026-05-01T00:17:26.129267
2025,12,00-0031237,T.Bridgewater,QB,TB,8.26493804824458,2.5,1,2026-05-01T00:17:26.129267
2025,12,00-0031503,J.Winston,QB,NYG,12.308036988408015,20.6,1,2026-05-01T00:17:26.129267
2025,12,00-0033077,D.Prescott,QB,DAL,13.630823249828405,20.2,1,2026-05-01T00:17:26.129267
2025,12,00-0033106,J.Goff,QB,DET,14.782444231411311,17.2,1,2026-05-01T00:17:26.129267
2025,12,00-0033119,J.Brissett,QB,ARI,14.462112187837999,16.7,1,2026-05-01T00:17:26.129267
2025,12,00-0033873,P.Mahomes,QB,KC,13.88494400625555,12.1,1,2026-05-01T00:17:26.129267
2025,12,00-0034771,M.Rudolph,QB,PIT,6.890239600586209,8.8,1,2026-05-01T00:17:26.129267
2025,12,00-0034796,L.Jackson,QB,BAL,13.187989600814586,6.1,1,2026-05-01T00:17:26.129267
2025,12,00-0034855,B.Mayfield,QB,TB,12.809273188392647,1.6,1,2026-05-01T00:17:26.129267
2025,12,00-0034857,J.Allen,QB,BUF,14.245759732266421,6.1,1,2026-05-01T00:17:26.129267
2025,12,00-0034869,S.Darnold,QB,SEA,14.078410220002734,17.8,1,2026-05-01T00:17:26.129267
2025,12,00-0035100,J.Browning,QB,CIN,10.83635406963063,0.6,1,2026-05-01T00:17:26.129267
2025,12,00-0035710,D.Jones,QB,IND,14.09157027496129,15.2,1,2026-05-01T00:17:26.129267
2025,12,00-0036264,J.Love,QB,GB,11.965943678912405,5.6,1,2026-05-01T00:17:26.129267
2025,12,00-0036389,J.Hurts,QB,PHI,12.31649018383966,15.6,1,2026-05-01T00:17:26.129267
2025,12,00-0036898,D.Mills,QB,HOU,11.595231915803055,14.1,1,2026-05-01T00:17:26.129267
2025,12,00-0036971,T.Lawrence,QB,JAX,10.81307901667692,16.2,1,2026-05-01T00:17:26.129267
2025,12,00-0037834,B.Purdy,QB,SF,14.314198144128826,5.7,1,2026-05-01T00:17:26.129267
2025,12,00-0038128,M.Willis,QB,GB,10.157129400652883,0.3,1,2026-05-01T00:17:26.129267
2025,12,00-0039150,B.Young,QB,CAR,11.2746777865099,6.8,1,2026-05-01T00:17:26.129267
2025,12,00-0039577,K.Slovis,QB,ARI,5.1949218454088495,-0.1,1,2026-05-01T00:17:26.129267
2025,12,00-0039851,D.Maye,QB,NE,13.873014122093927,13.8,1,2026-05-01T00:17:26.129267
2025,12,00-0039918,C.Williams,QB,CHI,12.783988622330881,21.6,1,2026-05-01T00:17:26.129267
2025,12,00-0039923,J.McCarthy,QB,MIN,11.310358223450484,-0.5,1,2026-05-01T00:17:26.129267
2025,12,00-0040668,S.Sanders,QB,CLE,7.698686619839824,10.4,1,2026-05-01T00:17:26.129267
2025,12,00-0040676,C.Ward,QB,TEN,10.765684898970704,14.2,1,2026-05-01T00:17:26.129267
2025,12,00-0040743,T.Shough,QB,NO,9.9715090028401,7.7,1,2026-05-01T00:17:26.129267
2025,13,00-0023459,A.Rodgers,QB,PIT,11.641328936713904,4.7,1,2026-05-01T00:17:26.129267
2025,13,00-0026498,M.Stafford,QB,LA,15.52362556832042,13.7,1,2026-05-01T00:17:26.129267
2025,13,00-0028118,T.Taylor,QB,NYJ,10.464868779432154,10.9,1,2026-05-01T00:17:26.129267
2025,13,00-0029604,K.Cousins,QB,ATL,8.584969932640355,13.4,1,2026-05-01T00:17:26.129267
2025,13,00-0030565,G.Smith,QB,LV,11.757691176264586,12.6,1,2026-05-01T00:17:26.129267
2025,13,00-0032268,M.Mariota,QB,WAS,11.61383974539411,17.8,1,2026-05-01T00:17:26.129267
2025,13,00-0033077,D.Prescott,QB,DAL,15.038316643432514,18.8,1,2026-05-01T00:17:26.129267
2025,13,00-0033106,J.Goff,QB,DET,14.675455293145392,18.2,1,2026-05-01T00:17:26.129267
2025,13,00-0033119,J.Brissett,QB,ARI,14.844611902854464,18.0,1,2026-05-01T00:17:26.129267
2025,13,00-0033873,P.Mahomes,QB,KC,13.104942947310452,26.4,1,2026-05-01T00:17:26.129267
2025,13,00-0034771,M.Rudolph,QB,PIT,8.420754022205049,-2.0,1,2026-05-01T00:17:26.129267
2025,13,00-0034796,L.Jackson,QB,BAL,11.18835388921612,7.8,1,2026-05-01T00:17:26.129267
2025,13,00-0034855,B.Mayfield,QB,TB,12.444104128720419,11.8,1,2026-05-01T00:17:26.129267
2025,13,00-0034857,J.Allen,QB,BUF,14.084276208145319,6.9,1,2026-05-01T00:17:26.129267
2025,13,00-0034869,S.Darnold,QB,SEA,12.752588001229455,5.1,1,2026-05-01T00:17:26.129267
2025,13,00-0035710,D.Jones,QB,IND,13.370541432743295,16.0,1,2026-05-01T00:17:26.129267
2025,13,00-0036212,T.Tagovailoa,QB,MIA,11.176198781756117,4.3,1,2026-05-01T00:17:26.129267
2025,13,00-0036264,J.Love,QB,GB,11.336709944870128,25.4,1,2026-05-01T00:17:26.129267
2025,13,00-0036355,J.Herbert,QB,LAC,12.094596608311509,12.0,1,2026-05-01T00:17:26.129267
2025,13,00-0036389,J.Hurts,QB,PHI,11.591155119761034,15.2,1,2026-05-01T00:17:26.129267
2025,13,00-0036442,J.Burrow,QB,CIN,10.36146313987992,18.4,1,2026-05-01T00:17:26.129267
2025,13,00-0036971,T.Lawrence,QB,JAX,11.894047731382683,17.2,1,2026-05-01T00:17:26.129267
2025,13,00-0037012,T.Lance,QB,LAC,8.175016235089842,0.4,1,2026-05-01T00:17:26.129267
2025,13,00-0037834,B.Purdy,QB,SF,13.915315762865053,10.7,1,2026-05-01T00:17:26.129267
2025,13,00-0039150,B.Young,QB,CAR,12.381384743362002,20.2,1,2026-05-01T00:17:26.129267
2025,13,00-0039163,C.Stroud,QB,HOU,12.253184766202796,9.0,1,2026-05-01T00:17:26.129267
2025,13,00-0039732,B.Nix,QB,DEN,12.153825074216336,14.8,1,2026-05-01T00:17:26.129267
2025,13,00-0039851,D.Maye,QB,NE,13.602428396248149,19.3,1,2026-05-01T00:17:26.129267
2025,13,00-0039918,C.Williams,QB,CHI,12.515642654069945,8.2,1,2026-05-01T00:17:26.129267
2025,13,00-0040494,M.Brosmer,QB,MIN,5.409033279404247,-3.0,1,2026-05-01T00:17:26.129267
2025,13,00-0040668,S.Sanders,QB,CLE,7.570106333597836,10.0,1,2026-05-01T00:17:26.129267
2025,13,00-0040676,C.Ward,QB,TEN,10.909544402299444,5.6,1,2026-05-01T00:17:26.129267
2025,13,00-0040704,D.Gabriel,QB,CLE,10.512422565127068,0.0,1,2026-05-01T00:17:26.129267
2025,13,00-0040743,T.Shough,QB,NO,11.311006989287133,15.6,1,2026-05-01T00:17:26.129267
2025,14,00-0023459,A.Rodgers,QB,PIT,10.64105738459446,15.4,1,2026-05-01T00:17:26.129267
2025,14,00-0026498,M.Stafford,QB,LA,14.682198691727077,23.2,1,2026-05-01T00:17:26.129267
2025,14,00-0028118,T.Taylor,QB,NYJ,10.144589411973158,-1.8,1,2026-05-01T00:17:26.129267
2025,14,00-0029604,K.Cousins,QB,ATL,9.655421131948515,2.5,1,2026-05-01T00:17:26.129267
2025,14,00-0030565,G.Smith,QB,LV,12.558814173765064,8.6,1,2026-05-01T00:17:26.129267
2025,14,00-0032268,M.Mariota,QB,WAS,12.5742983093314,-0.8,1,2026-05-01T00:17:26.129267
2025,14,00-0033077,D.Prescott,QB,DAL,15.547663142218596,15.0,1,2026-05-01T00:17:26.129267
2025,14,00-0033106,J.Goff,QB,DET,14.100527348824333,16.4,1,2026-05-01T00:17:26.129267
2025,14,00-0033119,J.Brissett,QB,ARI,14.839470533585748,16.8,1,2026-05-01T00:17:26.129267
2025,14,00-0033319,N.Mullens,QB,JAX,7.367301457318015,0.1,1,2026-05-01T00:17:26.129267
2025,14,00-0033873,P.Mahomes,QB,KC,14.45989476079948,0.4,1,2026-05-01T00:17:26.129267
2025,14,00-0034796,L.Jackson,QB,BAL,10.885476423251156,10.8,1,2026-05-01T00:17:26.129267
2025,14,00-0034855,B.Mayfield,QB,TB,11.047633151748352,6.9,1,2026-05-01T00:17:26.129267
2025,14,00-0034857,J.Allen,QB,BUF,12.710438545743115,22.0,1,2026-05-01T00:17:26.129267
2025,14,00-0034869,S.Darnold,QB,SEA,12.062165831456518,20.0,1,2026-05-01T00:17:26.129267
2025,14,00-0035704,D.Lock,QB,SEA,6.009237104768629,0.0,1,2026-05-01T00:17:26.129267
2025,14,00-0035710,D.Jones,QB,IND,12.93953493035497,0.4,1,2026-05-01T00:17:26.129267
2025,14,00-0036212,T.Tagovailoa,QB,MIA,10.553837669635172,9.1,1,2026-05-01T00:17:26.129267
2025,14,00-0036264,J.Love,QB,GB,12.640052795203959,19.4,1,2026-05-01T00:17:26.129267
2025,14,00-0036355,J.Herbert,QB,LAC,11.382102686402584,7.6,1,2026-05-01T00:17:26.129267
2025,14,00-0036389,J.Hurts,QB,PHI,12.197779549159392,1.6,1,2026-05-01T00:17:26.129267
2025,14,00-0036442,J.Burrow,QB,CIN,10.481966160872139,23.4,1,2026-05-01T00:17:26.129267
2025,14,00-0036971,T.Lawrence,QB,JAX,12.582577653429784,17.8,1,2026-05-01T00:17:26.129267
2025,14,00-0038102,K.Pickett,QB,LV,4.003229583572017,7.9,1,2026-05-01T00:17:26.129267
2025,14,00-0039163,C.Stroud,QB,HOU,11.436777237650082,12.1,1,2026-05-01T00:17:26.129267
2025,14,00-0039732,B.Nix,QB,DEN,12.2624521947832,8.5,1,2026-05-01T00:17:26.129267
2025,14,00-0039910,J.Daniels,QB,WAS,11.844290927240783,1.1,1,2026-05-01T00:17:26.129267
2025,14,00-0039918,C.Williams,QB,CHI,12.508935938182262,13.4,1,2026-05-01T00:17:26.129267
2025,14,00-0039923,J.McCarthy,QB,MIN,10.183519986675885,18.5,1,2026-05-01T00:17:26.129267
2025,14,00-0040206,R.Leonard,QB,IND,5.284295220493931,3.8,1,2026-05-01T00:17:26.129267
2025,14,00-0040398,B.Cook,QB,NYJ,12.595471914423177,2.5,1,2026-05-01T00:17:26.129267
2025,14,00-0040668,S.Sanders,QB,CLE,8.89372833213511,24.6,1,2026-05-01T00:17:26.129267
2025,14,00-0040676,C.Ward,QB,TEN,11.297364947188326,10.7,1,2026-05-01T00:17:26.129267
2025,14,00-0040743,T.Shough,QB,NO,12.116826889018336,3.8,1,2026-05-01T00:17:26.129267
2025,15,00-0022942,P.Rivers,QB,IND,13.248896508280602,6.8,1,2026-05-01T00:17:26.129267
2025,15,00-0023459,A.Rodgers,QB,PIT,10.847028880709871,17.0,1,2026-05-01T00:17:26.129267
2025,15,00-0026498,M.Stafford,QB,LA,15.471864885603523,20.7,1,2026-05-01T00:17:26.129267
2025,15,00-0029604,K.Cousins,QB,ATL,10.673433860223414,26.9,1,2026-05-01T00:17:26.129267
2025,15,00-0031503,J.Winston,QB,NYG,10.515379368788468,0.0,1,2026-05-01T00:17:26.129267
2025,15,00-0032268,M.Mariota,QB,WAS,11.139720493083981,12.4,1,2026-05-01T00:17:26.129267
2025,15,00-0033077,D.Prescott,QB,DAL,15.06013413400371,11.8,1,2026-05-01T00:17:26.129267
2025,15,00-0033106,J.Goff,QB,DET,14.203605520639433,25.5,1,2026-05-01T00:17:26.129267
2025,15,00-0033119,J.Brissett,QB,ARI,14.333465800118564,20.0,1,2026-05-01T00:17:26.129267
2025,15,00-0033873,P.Mahomes,QB,KC,13.683444090354982,5.6,1,2026-05-01T00:17:26.129267
2025,15,00-0034796,L.Jackson,QB,BAL,11.23878740221323,12.0,1,2026-05-01T00:17:26.129267
2025,15,00-0034855,B.Mayfield,QB,TB,10.81703286167664,17.1,1,2026-05-01T00:17:26.129267
2025,15,00-0034857,J.Allen,QB,BUF,12.376161409009862,19.7,1,2026-05-01T00:17:26.129267
2025,15,00-0034869,S.Darnold,QB,SEA,12.700010905326499,10.8,1,2026-05-01T00:17:26.129267
2025,15,00-0035289,G.Minshew,QB,KC,11.883925773098248,-1.1,1,2026-05-01T00:17:26.129267
2025,15,00-0036212,T.Tagovailoa,QB,MIA,9.868649260027217,16.1,1,2026-05-01T00:17:26.129267
2025,15,00-0036264,J.Love,QB,GB,13.385089418938168,11.0,1,2026-05-01T00:17:26.129267
2025,15,00-0036355,J.Herbert,QB,LAC,11.003414990551839,10.4,1,2026-05-01T00:17:26.129267
2025,15,00-0036389,J.Hurts,QB,PHI,12.729456265464435,19.0,1,2026-05-01T00:17:26.129267
2025,15,00-0036442,J.Burrow,QB,CIN,12.903873222745254,5.0,1,2026-05-01T00:17:26.129267
2025,15,00-0036971,T.Lawrence,QB,JAX,13.399508848092445,33.2,1,2026-05-01T00:17:26.129267
2025,15,00-0037834,B.Purdy,QB,SF,12.500407928272335,23.8,1,2026-05-01T00:17:26.129267
2025,15,00-0038102,K.Pickett,QB,LV,5.32519589580823,0.6,1,2026-05-01T00:17:26.129267
2025,15,00-0038400,T.McKee,QB,PHI,13.10696901671076,1.3,1,2026-05-01T00:17:26.129267
2025,15,00-0039150,B.Young,QB,CAR,13.66335366194486,10.5,1,2026-05-01T00:17:26.129267
2025,15,00-0039163,C.Stroud,QB,HOU,10.611761425733269,22.4,1,2026-05-01T00:17:26.129267
2025,15,00-0039376,S.Rattler,QB,NO,11.028498765181405,0.0,1,2026-05-01T00:17:26.129267
2025,15,00-0039732,B.Nix,QB,DEN,12.319153033344024,28.1,1,2026-05-01T00:17:26.129267
2025,15,00-0039851,D.Maye,QB,NE,13.608433979187465,4.2,1,2026-05-01T00:17:26.129267
2025,15,00-0039918,C.Williams,QB,CHI,13.12697964747098,17.7,1,2026-05-01T00:17:26.129267
2025,15,00-0039923,J.McCarthy,QB,MIN,10.080762744615962,16.0,1,2026-05-01T00:17:26.129267
2025,15,00-0040398,B.Cook,QB,NYJ,10.084446064385773,5.0,1,2026-05-01T00:17:26.129267
2025,15,00-0040668,S.Sanders,QB,CLE,11.686073432403019,1.1,1,2026-05-01T00:17:26.129267
2025,15,00-0040676,C.Ward,QB,TEN,11.12962369632348,14.8,1,2026-05-01T00:17:26.129267
2025,15,00-0040743,T.Shough,QB,NO,11.09007103056812,14.9,1,2026-05-01T00:17:26.129267
2025,16,00-0022942,P.Rivers,QB,IND,12.526996561237219,17.1,1,2026-05-01T00:17:26.129267
2025,16,00-0023459,A.Rodgers,QB,PIT,11.732388916469793,14.6,1,2026-05-01T00:17:26.129267
2025,16,00-0026158,J.Flacco,QB,CIN,14.184515730910213,0.2,1,2026-05-01T00:17:26.129267
2025,16,00-0026300,J.Johnson,QB,WAS,4.433341899947642,-0.3,1,2026-05-01T00:17:26.129267
2025,16,00-0026498,M.Stafford,QB,LA,15.470405264924972,30.3,1,2026-05-01T00:17:26.129267
2025,16,00-0029604,K.Cousins,QB,ATL,11.59893832243974,13.9,1,2026-05-01T00:17:26.129267
2025,16,00-0030565,G.Smith,QB,LV,11.813673589842375,14.0,1,2026-05-01T00:17:26.129267
2025,16,00-0032268,M.Mariota,QB,WAS,10.858006888469758,3.8,1,2026-05-01T00:17:26.129267
2025,16,00-0033077,D.Prescott,QB,DAL,14.211455417906105,17.8,1,2026-05-01T00:17:26.129267
2025,16,00-0033106,J.Goff,QB,DET,14.673064628248804,26.6,1,2026-05-01T00:17:26.129267
2025,16,00-0033119,J.Brissett,QB,ARI,14.688454913647965,10.1,1,2026-05-01T00:17:26.129267
2025,16,00-0034721,C.Bojorquez,QB,CLE,12.591905750635679,0.0,1,2026-05-01T00:17:26.129267
2025,16,00-0034796,L.Jackson,QB,BAL,11.929253111282208,4.0,1,2026-05-01T00:17:26.129267
2025,16,00-0034855,B.Mayfield,QB,TB,12.218286288953822,7.8,1,2026-05-01T00:17:26.129267
2025,16,00-0034857,J.Allen,QB,BUF,13.190541852079713,5.2,1,2026-05-01T00:17:26.129267
2025,16,00-0034869,S.Darnold,QB,SEA,12.22334481388139,14.8,1,2026-05-01T00:17:26.129267
2025,16,00-0035289,G.Minshew,QB,KC,11.989298481926497,0.6,1,2026-05-01T00:17:26.129267
2025,16,00-0035993,T.Huntley,QB,BAL,9.334121601621629,2.6,1,2026-05-01T00:17:26.129267
2025,16,00-0036264,J.Love,QB,GB,14.51919240146232,3.1,1,2026-05-01T00:17:26.129267
2025,16,00-0036355,J.Herbert,QB,LAC,11.93425899234591,20.0,1,2026-05-01T00:17:26.129267
2025,16,00-0036389,J.Hurts,QB,PHI,12.832136551731189,15.4,1,2026-05-01T00:17:26.129267
2025,16,00-0036442,J.Burrow,QB,CIN,14.053930388545602,28.4,1,2026-05-01T00:17:26.129267
2025,16,00-0036971,T.Lawrence,QB,JAX,14.41201536680418,23.2,1,2026-05-01T00:17:26.129267
2025,16,00-0037324,C.Oladokun,QB,KC,6.189429650239556,4.4,1,2026-05-01T00:17:26.129267
2025,16,00-0037834,B.Purdy,QB,SF,12.721691332545026,29.8,1,2026-05-01T00:17:26.129267
2025,16,00-0038128,M.Willis,QB,GB,7.034948694449021,8.8,1,2026-05-01T00:17:26.129267
2025,16,00-0039054,M.Mapu,QB,NE,12.591905750635679,0.0,1,2026-05-01T00:17:26.129267
2025,16,00-0039150,B.Young,QB,CAR,11.980674135265666,15.6,1,2026-05-01T00:17:26.129267
2025,16,00-0039163,C.Stroud,QB,HOU,12.482748069570604,11.5,1,2026-05-01T00:17:26.129267
2025,16,00-0039398,J.Milton,QB,DAL,9.29423125893933,0.4,1,2026-05-01T00:17:26.129267
2025,16,00-0039732,B.Nix,QB,DEN,13.625521787227582,16.1,1,2026-05-01T00:17:26.129267
2025,16,00-0039851,D.Maye,QB,NE,12.796296261431099,21.2,1,2026-05-01T00:17:26.129267
2025,16,00-0039918,C.Williams,QB,CHI,12.743438822675994,18.0,1,2026-05-01T00:17:26.129267
2025,16,00-0039923,J.McCarthy,QB,MIN,11.056763723781078,2.3,1,2026-05-01T00:17:26.129267
2025,16,00-0040206,R.Leonard,QB,IND,5.55214489673045,0.0,1,2026-05-01T00:17:26.129267
2025,16,00-0040234,Q.Ewers,QB,MIA,7.710677245942559,6.4,1,2026-05-01T00:17:26.129267
2025,16,00-0040398,B.Cook,QB,NYJ,9.224703644408272,5.5,1,2026-05-01T00:17:26.129267
2025,16,00-0040494,M.Brosmer,QB,MIN,6.184698910631411,2.1,1,2026-05-01T00:17:26.129267
2025,16,00-0040668,S.Sanders,QB,CLE,12.239211233804696,6.3,1,2026-05-01T00:17:26.129267
2025,16,00-0040676,C.Ward,QB,TEN,10.972263574427636,17.1,1,2026-05-01T00:17:26.129267
2025,16,00-0040704,D.Gabriel,QB,CLE,8.046154415433566,0.0,1,2026-05-01T00:17:26.129267
2025,16,00-0040743,T.Shough,QB,NO,11.160770761257844,16.3,1,2026-05-01T00:17:26.129267
2025,17,00-0022942,P.Rivers,QB,IND,11.865220452191927,7.9,1,2026-05-01T00:17:26.129267
2025,17,00-0023459,A.Rodgers,QB,PIT,12.930120364986488,6.7,1,2026-05-01T00:17:26.129267
2025,17,00-0026158,J.Flacco,QB,CIN,10.477560066909943,1.0,1,2026-05-01T00:17:26.129267
2025,17,00-0026300,J.Johnson,QB,WAS,7.481192431689034,7.9,1,2026-05-01T00:17:26.129267
2025,17,00-0026498,M.Stafford,QB,LA,16.598113622211486,12.8,1,2026-05-01T00:17:26.129267
2025,17,00-0029604,K.Cousins,QB,ATL,12.392931912873404,9.0,1,2026-05-01T00:17:26.129267
2025,17,00-0030565,G.Smith,QB,LV,11.43581894830201,7.0,1,2026-05-01T00:17:26.129267
2025,17,00-0033077,D.Prescott,QB,DAL,13.837090868191732,20.3,1,2026-05-01T00:17:26.129267
2025,17,00-0033106,J.Goff,QB,DET,15.83131341353257,7.9,1,2026-05-01T00:17:26.129267
2025,17,00-0033119,J.Brissett,QB,ARI,14.038140783391764,16.5,1,2026-05-01T00:17:26.129267
2025,17,00-0033949,J.Dobbs,QB,NE,8.261103566014734,1.2,1,2026-05-01T00:17:26.129267
2025,17,00-0034855,B.Mayfield,QB,TB,12.067474055949777,17.8,1,2026-05-01T00:17:26.129267
2025,17,00-0034857,J.Allen,QB,BUF,12.925919079674507,10.5,1,2026-05-01T00:17:26.129267
2025,17,00-0034869,S.Darnold,QB,SEA,13.447921134904782,7.9,1,2026-05-01T00:17:26.129267
2025,17,00-0035993,T.Huntley,QB,BAL,8.367773527392435,8.3,1,2026-05-01T00:17:26.129267
2025,17,00-0036355,J.Herbert,QB,LAC,12.469580112825444,11.4,1,2026-05-01T00:17:26.129267
2025,17,00-0036389,J.Hurts,QB,PHI,12.754139167988106,8.4,1,2026-05-01T00:17:26.129267
2025,17,00-0036442,J.Burrow,QB,CIN,14.337434273640547,20.2,1,2026-05-01T00:17:26.129267
2025,17,00-0036971,T.Lawrence,QB,JAX,15.324421600097224,8.5,1,2026-05-01T00:17:26.129267
2025,17,00-0037324,C.Oladokun,QB,KC,7.817892524607899,6.6,1,2026-05-01T00:17:26.129267
2025,17,00-0037834,B.Purdy,QB,SF,14.789968485805177,22.1,1,2026-05-01T00:17:26.129267
2025,17,00-0038102,K.Pickett,QB,LV,6.515198302748307,0.6,1,2026-05-01T00:17:26.129267
2025,17,00-0038128,M.Willis,QB,GB,6.777016273814144,15.5,1,2026-05-01T00:17:26.129267
2025,17,00-0038582,C.Tune,QB,GB,3.79641883806603,-1.7,1,2026-05-01T00:17:26.129267
2025,17,00-0039150,B.Young,QB,CAR,12.425034621949862,0.2,1,2026-05-01T00:17:26.129267
2025,17,00-0039163,C.Stroud,QB,HOU,12.722883708746735,13.8,1,2026-05-01T00:17:26.129267
2025,17,00-0039634,A.McNamara,QB,NYJ,12.58770421535414,0.1,1,2026-05-01T00:17:26.129267
2025,17,00-0039732,B.Nix,QB,DEN,13.92390288390312,9.3,1,2026-05-01T00:17:26.129267
2025,17,00-0039851,D.Maye,QB,NE,13.348887051046532,30.2,1,2026-05-01T00:17:26.129267
2025,17,00-0039918,C.Williams,QB,CHI,13.34772145983921,21.2,1,2026-05-01T00:17:26.129267
2025,17,00-0040206,R.Leonard,QB,IND,5.129930315874676,-2.0,1,2026-05-01T00:17:26.129267
2025,17,00-0040234,Q.Ewers,QB,MIA,7.691870012180821,14.9,1,2026-05-01T00:17:26.129267
2025,17,00-0040398,B.Cook,QB,NYJ,9.47214435043369,4.1,1,2026-05-01T00:17:26.129267
2025,17,00-0040494,M.Brosmer,QB,MIN,5.927593500146349,2.0,1,2026-05-01T00:17:26.129267
2025,17,00-0040668,S.Sanders,QB,CLE,11.938990418835324,7.4,1,2026-05-01T00:17:26.129267
2025,17,00-0040676,C.Ward,QB,TEN,11.797570965128191,18.0,1,2026-05-01T00:17:26.129267
2025,17,00-0040743,T.Shough,QB,NO,11.274927640147071,21.3,1,2026-05-01T00:17:26.129267
2025,18,00-0023459,A.Rodgers,QB,PIT,12.343968590698143,15.8,1,2026-05-01T00:17:26.129267
2025,18,00-0026158,J.Flacco,QB,CIN,8.675736295599446,0.2,1,2026-05-01T00:17:26.129267
2025,18,00-0026300,J.Johnson,QB,WAS,6.397048652773641,7.2,1,2026-05-01T00:17:26.129267
2025,18,00-0026498,M.Stafford,QB,LA,16.44822159958627,26.4,1,2026-05-01T00:17:26.129267
2025,18,00-0029604,K.Cousins,QB,ATL,12.578014743492881,9.2,1,2026-05-01T00:17:26.129267
2025,18,00-0032434,B.Allen,QB,TEN,6.295693992134684,0.9,1,2026-05-01T00:17:26.129267
2025,18,00-0033077,D.Prescott,QB,DAL,13.862227874599844,2.8,1,2026-05-01T00:17:26.129267
2025,18,00-0033106,J.Goff,QB,DET,15.590948293111538,15.2,1,2026-05-01T00:17:26.129267
2025,18,00-0033119,J.Brissett,QB,ARI,13.689530627794325,15.7,1,2026-05-01T00:17:26.129267
2025,18,00-0033269,R.Sanchez,QB,IND,12.582866047898952,0.6,1,2026-05-01T00:17:26.129267
2025,18,00-0033319,N.Mullens,QB,JAX,7.6983328755005855,0.6,1,2026-05-01T00:17:26.129267
2025,18,00-0033400,M.Haack,QB,ARI,12.582866047898952,1.1,1,2026-05-01T00:17:26.129267
2025,18,00-0033869,M.Trubisky,QB,BUF,5.873630994634482,26.4,1,2026-05-01T00:17:26.129267
2025,18,00-0033949,J.Dobbs,QB,NE,5.38041514927731,0.9,1,2026-05-01T00:17:26.129267
2025,18,00-0034796,L.Jackson,QB,BAL,11.372233594121955,19.5,1,2026-05-01T00:17:26.129267
2025,18,00-0034855,B.Mayfield,QB,TB,13.245495067140247,10.1,1,2026-05-01T00:17:26.129267
2025,18,00-0034869,S.Darnold,QB,SEA,12.38484397447471,7.9,1,2026-05-01T00:17:26.129267
2025,18,00-0036442,J.Burrow,QB,CIN,14.139095664482769,19.4,1,2026-05-01T00:17:26.129267
2025,18,00-0036679,S.Buechele,QB,KC,12.582866047898952,3.5,1,2026-05-01T00:17:26.129267
2025,18,00-0036898,D.Mills,QB,HOU,12.630428986457732,1.4,1,2026-05-01T00:17:26.129267
2025,18,00-0036971,T.Lawrence,QB,JAX,14.889207207616959,22.2,1,2026-05-01T00:17:26.129267
2025,18,00-0037012,T.Lance,QB,LAC,6.378369207879977,3.4,1,2026-05-01T00:17:26.129267
2025,18,00-0037013,Z.Wilson,QB,MIA,4.708413677803495,0.0,1,2026-05-01T00:17:26.129267
2025,18,00-0037324,C.Oladokun,QB,KC,6.739216307320464,2.3,1,2026-05-01T00:17:26.129267
2025,18,00-0037834,B.Purdy,QB,SF,16.327805116868003,3.1,1,2026-05-01T00:17:26.129267
2025,18,00-0038102,K.Pickett,QB,LV,7.017400045688658,-1.9,1,2026-05-01T00:17:26.129267
2025,18,00-0038400,T.McKee,QB,PHI,12.36132374302627,11.6,1,2026-05-01T00:17:26.129267
2025,18,00-0038579,A.O'Connell,QB,LV,13.495989413965791,4.1,1,2026-05-01T00:17:26.129267
2025,18,00-0038582,C.Tune,QB,GB,6.7375797886840045,1.4,1,2026-05-01T00:17:26.129267
2025,18,00-0039150,B.Young,QB,CAR,10.804475750920716,16.6,1,2026-05-01T00:17:26.129267
2025,18,00-0039163,C.Stroud,QB,HOU,13.11998510568294,10.8,1,2026-05-01T00:17:26.129267
2025,18,00-0039398,J.Milton,QB,DAL,7.285946673155649,0.9,1,2026-05-01T00:17:26.129267
2025,18,00-0039732,B.Nix,QB,DEN,14.17133960193548,5.6,1,2026-05-01T00:17:26.129267
2025,18,00-0039851,D.Maye,QB,NE,14.403926629784923,11.6,1,2026-05-01T00:17:26.129267
2025,18,00-0039918,C.Williams,QB,CHI,13.851834613433699,14.5,1,2026-05-01T00:17:26.129267
2025,18,00-0039923,J.McCarthy,QB,MIN,11.263208652393605,7.3,1,2026-05-01T00:17:26.129267
2025,18,00-0040206,R.Leonard,QB,IND,4.967705623516604,16.8,1,2026-05-01T00:17:26.129267
2025,18,00-0040234,Q.Ewers,QB,MIA,8.940866352456784,7.5,1,2026-05-01T00:17:26.129267
2025,18,00-0040398,B.Cook,QB,NYJ,9.499224000533781,6.4,1,2026-05-01T00:17:26.129267
2025,18,00-0040494,M.Brosmer,QB,MIN,6.569528639920289,2.3,1,2026-05-01T00:17:26.129267
2025,18,00-0040668,S.Sanders,QB,CLE,10.416835458185819,4.4,1,2026-05-01T00:17:26.129267
2025,18,00-0040676,C.Ward,QB,TEN,12.556064210661068,2.1,1,2026-05-01T00:17:26.129267
2025,18,00-0040743,T.Shough,QB,NO,12.853015261888372,12.4,1,2026-05-01T00:17:26.129267
2025,19,00-0023459,A.Rodgers,QB,PIT,12.3793417842736,3.8,1,2026-05-01T00:17:26.129267
2025,19,00-0026498,M.Stafford,QB,LA,16.760396497246006,22.2,1,2026-05-01T00:17:26.129267
2025,19,00-0034771,M.Rudolph,QB,PIT,8.05575762056584,0.1,1,2026-05-01T00:17:26.129267
2025,19,00-0034857,J.Allen,QB,BUF,11.88719098938465,14.9,1,2026-05-01T00:17:26.129267
2025,19,00-0036264,J.Love,QB,GB,12.280348500565719,28.9,1,2026-05-01T00:17:26.129267
2025,19,00-0036355,J.Herbert,QB,LAC,12.882292828490659,6.4,1,2026-05-01T00:17:26.129267
2025,19,00-0036389,J.Hurts,QB,PHI,12.474381984143923,10.7,1,2026-05-01T00:17:26.129267
2025,19,00-0036971,T.Lawrence,QB,JAX,13.859885172900453,16.3,1,2026-05-01T00:17:26.129267
2025,19,00-0037834,B.Purdy,QB,SF,14.794238191330724,14.5,1,2026-05-01T00:17:26.129267
2025,19,00-0039150,B.Young,QB,CAR,11.424338397452377,12.6,1,2026-05-01T00:17:26.129267
2025,19,00-0039163,C.Stroud,QB,HOU,12.048269675741867,12.0,1,2026-05-01T00:17:26.129267
2025,19,00-0039851,D.Maye,QB,NE,15.110263760180871,12.7,1,2026-05-01T00:17:26.129267
2025,19,00-0039918,C.Williams,QB,CHI,13.871516016255802,18.4,1,2026-05-01T00:17:26.129267
2025,20,00-0026498,M.Stafford,QB,LA,16.395731637836057,10.3,1,2026-05-01T00:17:26.129267
2025,20,00-0034857,J.Allen,QB,BUF,11.460276733837233,19.3,1,2026-05-01T00:17:26.129267
2025,20,00-0034869,S.Darnold,QB,SEA,11.991703051299387,9.0,1,2026-05-01T00:17:26.129267
2025,20,00-0037834,B.Purdy,QB,SF,13.313031094513462,3.6,1,2026-05-01T00:17:26.129267
2025,20,00-0039163,C.Stroud,QB,HOU,12.202244215185042,4.5,1,2026-05-01T00:17:26.129267
2025,20,00-0039732,B.Nix,QB,DEN,12.082571163383216,21.2,1,2026-05-01T00:17:26.129267
2025,20,00-0039851,D.Maye,QB,NE,14.246748540231929,17.2,1,2026-05-01T00:17:26.129267
2025,20,00-0039918,C.Williams,QB,CHI,14.393512176558167,12.3,1,2026-05-01T00:17:26.129267
2025,21,00-0026498,M.Stafford,QB,LA,15.774860735628192,27.0,1,2026-05-01T00:17:26.129267
2025,21,00-0034869,S.Darnold,QB,SEA,10.860798101349353,25.8,1,2026-05-01T00:17:26.129267
2025,21,00-0035264,J.Stidham,QB,DEN,6.103743199496178,7.3,1,2026-05-01T00:17:26.129267
2025,21,00-0039851,D.Maye,QB,NE,13.220617785682837,3.4,1,2026-05-01T00:17:26.129267
