player,position,season,team,possible_weeks,weeks_predicted,games_actually_played,availability_rate,weeks_real_stats,weeks_inferred_snap_verified,weeks_inferred_pbp_confirmed,weeks_synthetic,predicted_season_total,actual_season_total
00-0023459,QB,2024,NYJ,17,17,17,0.7963643790849673,0,0,0,17,185.5682845447664,252.60000000000002
00-0026158,QB,2024,IND,17,17,8,0.7332261029411765,0,0,0,17,187.99545689118457,99.19999999999999
00-0026300,QB,2024,BAL,17,17,6,0.2771139705882353,0,0,0,17,20.95585439507115,0.7
00-0026498,QB,2024,LA,17,17,16,0.8522058823529411,0,0,0,17,247.84286022823778,214.60000000000002
00-0027973,QB,2024,CAR,17,17,6,0.8017533936651584,0,0,0,17,106.48046498988306,58.9
00-0028118,QB,2024,NYJ,17,17,2,0.41119909502262453,0,0,0,17,99.38520114358901,18.0
00-0029263,QB,2024,PIT,17,17,11,0.965686274509804,0,0,0,17,284.1357510468916,172.79999999999998
00-0029604,QB,2024,ATL,17,17,14,0.7778799019607843,0,0,0,17,215.09446385861963,176.3
00-0030565,QB,2024,SEA,17,17,17,0.4658088235294118,0,0,0,17,124.48904508855217,266.1
00-0031280,QB,2024,NO,17,17,10,0.9702205882352942,0,0,0,17,284.8121401768768,149.0
00-0031345,QB,2024,LA,17,17,1,0.5058823529411766,0,0,0,17,63.176623371081746,19.9
00-0031503,QB,2024,CLE,17,17,12,0.6437908496732027,0,0,0,17,55.08233821868754,123.19999999999999
00-0031800,QB,2024,LAC,17,17,4,0.3866421568627451,0,0,0,17,73.87503948178338,3.2
00-0032268,QB,2024,WAS,17,17,3,0.625,0,0,0,17,53.262801350672696,45.7
00-0032434,QB,2024,SF,17,17,3,0.22886029411764708,0,0,0,17,2.8963687842151327,6.4
00-0032436,QB,2024,WAS,17,17,1,0.28161764705882353,0,0,0,17,25.528142768497222,0.0
00-0032950,QB,2024,KC,17,17,3,0.7247242647058824,0,0,0,17,111.18551448872522,4.7
00-0033077,QB,2024,DAL,17,17,8,0.8920036764705882,0,0,0,17,314.29100273954884,116.5
00-0033106,QB,2024,DET,17,17,17,0.9002757352941176,0,0,0,17,273.2520794862964,322.5
00-0033119,QB,2024,NE,17,17,8,0.6038602941176471,0,0,0,17,72.88889704444941,43.2
00-0033319,QB,2024,MIN,17,17,4,0.2959558823529412,0,0,0,17,47.62745035122631,1.4000000000000001
00-0033357,QB,2024,NO,17,17,8,0.8067226890756303,0,0,0,17,77.48687883706243,102.30000000000001
00-0033537,QB,2024,CLE,17,17,7,0.6905637254901961,0,0,0,17,165.7423538435653,74.6
00-0033662,QB,2024,DAL,17,17,12,0.25735294117647056,0,0,0,17,1.1241036290722046,107.60000000000001
00-0033869,QB,2024,BUF,17,17,9,0.6192226890756302,0,0,0,17,98.59602113963233,15.3
00-0033873,QB,2024,KC,17,17,16,0.8655462184873949,0,0,0,17,270.8005782897992,282.90000000000003
00-0033949,QB,2024,SF,17,17,2,0.3134191176470588,0,0,0,17,75.01565841892464,30.799999999999997
00-0034177,QB,2024,NYG,17,17,3,0.2433823529411765,0,0,0,17,31.95066739948923,14.0
00-0034401,QB,2024,BUF,17,17,1,0.2745098039215686,0,0,0,17,4.217245475439194,1.1
00-0034577,QB,2024,PIT,17,17,1,0.30330882352941174,0,0,0,17,1.0489366507567355,0.8
00-0034771,QB,2024,TEN,17,17,8,0.33272058823529416,0,0,0,17,59.8562084364283,93.8
00-0034796,QB,2024,BAL,17,17,17,0.9019607843137255,0,0,0,17,320.0040336149241,428.4
00-0034855,QB,2024,TB,17,17,17,0.9007352941176471,0,0,0,17,260.37323785986047,363.8
00-0034857,QB,2024,BUF,17,17,17,0.9583333333333334,0,0,0,17,382.5173371405412,370.4
00-0034869,QB,2024,MIN,17,17,17,0.670343137254902,0,0,0,17,56.61732345633172,307.80000000000007
00-0035100,QB,2024,CIN,17,17,3,0.5294117647058824,0,0,0,17,111.86443362522378,-0.2
00-0035228,QB,2024,ARI,17,17,17,0.8,0,0,0,17,231.0924514146695,295.4
00-0035264,QB,2024,DEN,17,17,3,0.23988970588235298,0,0,0,17,45.230496556345386,0.49999999999999994
00-0035289,QB,2024,LV,17,17,10,0.5933823529411765,0,0,0,17,123.01189641147295,94.50000000000001
00-0035704,QB,2024,NYG,17,17,7,0.4283088235294118,0,0,0,17,64.57153534147061,78.10000000000001
00-0035710,QB,2024,NYG,17,17,10,0.7375,0,0,0,17,148.47945509821386,135.3
00-0035993,QB,2024,MIA,17,17,5,0.3235294117647059,0,0,0,17,32.9606911145225,60.7
00-0036212,QB,2024,MIA,17,17,11,0.7886029411764706,0,0,0,17,155.34437890214403,177.50000000000003
00-0036264,QB,2024,GB,17,17,15,0.5294117647058824,0,0,0,17,142.19822924765663,227.89999999999998
00-0036355,QB,2024,LAC,17,17,17,0.9255514705882353,0,0,0,17,281.4020952799917,279.59999999999997
00-0036389,QB,2024,PHI,17,17,15,0.9696691176470589,0,0,0,17,294.77711564445906,315.0
00-0036442,QB,2024,CIN,17,17,17,0.8033088235294118,0,0,0,17,217.88731692799328,372.90000000000003
00-0036898,QB,2024,HOU,17,17,4,0.6862745098039215,0,0,0,17,24.405380739219574,9.600000000000001
00-0036928,QB,2024,TB,17,17,4,0.08823529411764705,0,0,0,17,1.431960529683098,-0.2
00-0036945,QB,2024,PIT,17,17,10,0.7843137254901961,0,0,0,17,223.18902415981373,119.1
00-0036971,QB,2024,JAX,17,17,10,0.9803921568627452,0,0,0,17,261.74410096588247,139.7
00-0036972,QB,2024,JAX,17,17,10,0.823529411764706,0,0,0,17,171.71503634635238,94.10000000000001
00-0037012,QB,2024,DAL,17,17,4,0.23529411764705882,0,0,0,17,39.23935864275784,12.700000000000001
00-0037077,QB,2024,SEA,17,17,2,0.5294117647058824,0,0,0,17,83.48102351485177,-0.8
00-0037327,QB,2024,MIA,17,17,3,0.47058823529411764,0,0,0,17,60.27318434860729,7.9
00-0037834,QB,2024,SF,17,17,15,0.8529411764705883,0,0,0,17,254.34145625850374,267.0
00-0038102,QB,2024,PHI,17,17,5,0.7352941176470589,0,0,0,17,140.5381932445672,25.1
00-0038108,QB,2024,CLE,17,17,1,0.4117647058823529,0,0,0,17,55.42027091755399,7.0
00-0038122,QB,2024,LV,17,17,5,0.5588235294117647,0,0,0,17,69.28277093353833,21.9
00-0038128,QB,2024,GB,17,17,7,0.3235294117647059,0,0,0,17,18.227199715068352,51.800000000000004
00-0038416,QB,2024,CHI,17,17,4,0.29411764705882354,0,0,0,17,58.295132521238706,-0.29999999999999993
00-0038476,QB,2024,NYG,17,17,3,0.5294117647058824,0,0,0,17,72.04420771361639,13.5
00-0038579,QB,2024,LV,17,17,9,0.6470588235294118,0,0,0,17,134.24595683613222,93.7
00-0038582,QB,2024,ARI,17,17,6,0.4117647058823529,0,0,0,17,14.408426805278852,-2.0999999999999996
00-0038583,QB,2024,CLE,17,17,7,0.47058823529411764,0,0,0,17,39.49955258314951,15.8
00-0039150,QB,2024,CAR,17,17,14,0.9411764705882353,0,0,0,17,184.03087007921516,194.8
00-0039152,QB,2024,TEN,17,17,12,0.5294117647058824,0,0,0,17,101.32420150146433,118.0
00-0039163,QB,2024,HOU,17,17,17,1.0,0,0,0,17,239.19584881604368,220.4
00-0039164,QB,2024,IND,17,17,11,0.23529411764705882,0,0,0,17,64.70199954379032,161.5
00-0030578,RB,2024,PIT,17,17,13,0.8592914438502675,0,0,0,17,47.97629593430697,37.50000000000001
00-0031687,RB,2024,MIA,17,17,13,0.4934640522875817,0,0,0,17,79.77791191330697,70.9
00-0032104,RB,2024,LV,17,17,14,0.7577614379084968,0,0,0,17,43.41672362648664,125.2
00-0032764,RB,2024,BAL,17,17,17,0.9181985294117647,0,0,0,17,186.38127281065022,336.4
00-0033045,RB,2024,DAL,17,17,15,0.9453125,0,0,0,17,191.13732542104302,57.50000000000001
00-0033280,RB,2024,SF,17,17,4,0.7998949579831933,0,0,0,17,319.5898184985104,47.8
00-0033293,RB,2024,MIN,17,17,17,0.8686974789915967,0,0,0,17,204.6646028811635,241.60000000000002
00-0033526,RB,2024,KC,17,17,17,0.7053571428571429,0,0,0,17,67.19773251842405,81.4
00-0033553,RB,2024,ARI,17,17,16,0.792016806722689,0,0,0,17,168.15696932101957,249.8
00-0033699,RB,2024,WAS,17,17,12,0.8776260504201681,0,0,0,17,218.93776927200733,132.29999999999998
00-0033854,RB,2024,HOU,17,17,17,0.5357142857142857,0,0,0,17,18.090253536190716,56.0
00-0033893,RB,2024,DAL,17,17,2,0.779936974789916,0,0,0,17,19.68899404145638,4.0
00-0033897,RB,2024,HOU,17,17,14,0.875,0,0,0,17,232.88929626560633,240.5
00-0033906,RB,2024,NO,17,17,14,0.8991596638655462,0,0,0,17,226.30792239081308,265.3
00-0033923,RB,2024,KC,17,17,13,0.7998949579831933,0,0,0,17,54.575877724855005,155.4
00-0033925,RB,2024,CLE,17,17,11,0.5257352941176471,0,0,0,17,72.36904641046686,32.6
00-0033948,RB,2024,NO,17,17,14,0.9149159663865546,0,0,0,17,115.75862998882816,37.1
00-0033955,RB,2024,WAS,17,17,16,0.48621323529411764,0,0,0,17,28.78190550673645,61.800000000000004
00-0034115,RB,2024,MIA,17,17,9,0.633578431372549,0,0,0,17,37.03813130684695,10.6
00-0034184,RB,2024,LAC,17,17,11,0.8588235294117649,0,0,0,17,108.34280393443952,64.1
00-0034208,RB,2024,CAR,17,17,5,0.409313725490196,0,0,0,17,10.92689641161535,5.9
00-0034791,RB,2024,CLE,17,17,8,0.7941176470588234,0,0,0,17,156.69926478525534,63.3
00-0034844,RB,2024,PHI,17,17,16,0.7542892156862745,0,0,0,17,179.17309434547857,349.3
00-0034972,RB,2024,LV,17,17,14,0.9154411764705882,0,0,0,17,78.40879586465623,135.4
00-0034975,RB,2024,BAL,17,17,15,0.8970588235294117,0,0,0,17,126.25267828522213,127.1
00-0035243,RB,2024,CAR,17,17,11,0.8911764705882353,0,0,0,17,59.040004617340635,77.30000000000001
00-0035250,RB,2024,NYG,17,17,15,0.9529411764705882,0,0,0,17,185.50353315817475,96.6
00-0035261,RB,2024,TEN,17,17,16,0.9757352941176471,0,0,0,17,217.31867627176243,198.7
00-0035291,RB,2024,CIN,17,17,4,0.41102941176470587,0,0,0,17,5.848229256604192,0.0
00-0035311,RB,2024,MIN,17,17,2,0.5450367647058824,0,0,0,17,34.97895331577682,1.9999999999999998
00-0035537,RB,2024,BUF,17,17,17,0.7727941176470589,0,0,0,17,43.203074641983015,91.7
00-0035567,RB,2024,DET,17,17,13,0.4273897058823529,0,0,0,17,3.2246353763517854,20.9
00-0035594,RB,2024,CHI,17,17,6,0.49411764705882344,0,0,0,17,8.99275182778344,6.3999999999999995
00-0035628,RB,2024,JAX,17,17,13,0.6647058823529411,0,0,0,17,15.809329026105098,35.9
00-0035685,RB,2024,DET,17,17,14,0.9294117647058824,0,0,0,17,197.63400415478657,221.70000000000002
00-0035700,RB,2024,GB,17,17,17,0.8911764705882353,0,0,0,17,212.64658564041454,293.1
00-0035806,RB,2024,NE,17,17,12,0.5652573529411765,0,0,0,17,26.875730480440495,28.799999999999997
00-0035860,RB,2024,ARI,17,17,1,0.32352941176470584,0,0,0,17,12.192056860142236,11.5
00-0035924,RB,2024,PIT,17,17,3,0.23713235294117646,0,0,0,17,4.396036726824437,2.2
00-0035973,RB,2024,SF,17,17,7,0.43137254901960786,0,0,0,17,10.32511467980172,29.799999999999997
00-0036096,RB,2024,HOU,17,17,4,0.24264705882352944,0,0,0,17,9.295386320832877,6.3999999999999995
00-0036139,RB,2024,DAL,17,17,16,0.4754901960784314,0,0,0,17,54.34821843038301,197.8
00-0036158,RB,2024,LAC,17,17,13,0.5294117647058824,0,0,0,17,111.90797148504849,191.8
00-0036223,RB,2024,IND,17,17,14,0.7941176470588236,0,0,0,17,165.24042669201634,246.69999999999996
00-0036251,RB,2024,CIN,17,17,8,0.8088235294117647,0,0,0,17,95.64558159547408,81.9
00-0036275,RB,2024,CHI,17,17,17,0.8501838235294117,0,0,0,17,154.76238813691788,212.5
00-0036297,RB,2024,CHI,17,17,1,0.25,0,0,0,17,7.1878983191332555,0.3
00-0036328,RB,2024,NE,17,17,17,0.911764705882353,0,0,0,17,122.50754616923899,103.39999999999999
00-0036360,RB,2024,NO,17,17,2,0.807904411764706,0,0,0,17,40.79709689816195,10.0
00-0036370,RB,2024,TEN,17,17,2,0.8216911764705883,0,0,0,17,24.118450597104584,0.2
00-0036414,RB,2024,MIN,17,17,15,0.6176470588235293,0,0,0,17,45.45574988153289,93.2
00-0036425,RB,2024,ARI,17,17,7,0.7058823529411764,0,0,0,17,13.176979177103698,15.0
00-0036450,RB,2024,SF,17,17,1,0.3823529411764706,0,0,0,17,9.920379765432244,0.4
00-0036555,RB,2024,CAR,17,17,15,0.9607843137254902,0,0,0,17,187.33731632452222,239.6
00-0036670,RB,2024,DET,17,17,2,0.35294117647058826,0,0,0,17,7.871214154246287,4.2
00-0036842,RB,2024,NYJ,17,17,2,0.25490196078431376,0,0,0,17,7.295583814975081,0.0
00-0036875,RB,2024,NE,17,17,15,0.823529411764706,0,0,0,17,176.51282387222136,171.9
00-0036893,RB,2024,PIT,17,17,17,1.0,0,0,0,17,191.45755597210479,204.6
00-0036906,RB,2024,CIN,17,17,13,0.8039215686274509,0,0,0,17,133.02171245440417,31.5
00-0036919,RB,2024,PHI,17,17,17,1.0,0,0,0,17,99.40397827582957,62.599999999999994
00-0036924,RB,2024,ARI,17,17,3,0.8823529411764706,0,0,0,17,34.49422577493075,35.8
00-0036950,RB,2024,ATL,17,17,4,0.8823529411764706,0,0,0,17,32.45511911524669,0.0
00-0036973,RB,2024,JAX,17,17,15,1.0,0,0,0,17,261.90070892433505,130.2
00-0036984,RB,2024,IND,17,17,17,0.37254901960784315,0,0,0,17,16.727960909012996,53.800000000000004
00-0036997,RB,2024,DEN,17,17,17,0.7254901960784315,0,0,0,17,126.95910758994329,157.9
00-0037085,RB,2024,DEN,17,17,3,0.058823529411764705,0,0,0,17,1.7974504834397098,9.4
00-0037120,RB,2024,IND,17,17,15,0.35294117647058826,0,0,0,17,11.93475243547281,44.4
00-0037197,RB,2024,KC,17,17,7,1.0,0,0,0,17,236.23081806534987,56.900000000000006
00-0037228,RB,2024,PIT,17,17,15,0.9705882352941176,0,0,0,17,119.12504435131493,124.10000000000001
00-0037248,RB,2024,BUF,17,17,16,1.0,0,0,0,17,225.3739079608831,266.70000000000005
00-0037256,RB,2024,TB,17,17,16,1.0,0,0,0,17,225.50805200061737,199.6
00-0037258,RB,2024,HOU,17,17,10,0.7941176470588235,0,0,0,17,47.5367499397861,43.5
00-0037263,RB,2024,ATL,17,17,17,0.9705882352941176,0,0,0,17,112.1407314960513,104.20000000000002
00-0037267,RB,2024,CLE,17,17,14,0.5588235294117647,0,0,0,17,80.814979230491,133.99999999999997
00-0037276,RB,2024,MIN,17,17,12,0.4411764705882353,0,0,0,17,74.9825130315784,28.4
00-0037429,RB,2024,CAR,17,17,9,0.6470588235294118,0,0,0,17,2.9823199396777986,8.0
00-0037525,RB,2024,SF,17,17,12,0.6176470588235294,0,0,0,17,37.38282081347851,114.99999999999999
00-0037557,RB,2024,LA,17,17,5,0.3235294117647059,0,0,0,17,17.903490713916316,18.299999999999997
00-0037594,RB,2024,TEN,17,17,10,0.1764705882352941,0,0,0,17,4.97519810679631,13.299999999999999
00-0037617,RB,2024,LAC,17,17,14,0.8235294117647058,0,0,0,17,75.28369433670858,32.8
00-0037745,RB,2024,CAR,17,17,2,0.5588235294117647,0,0,0,17,12.69235556428939,2.9
00-0037746,RB,2024,WAS,17,17,14,0.7941176470588236,0,0,0,17,140.30831519150516,159.79999999999998
00-0037827,RB,2024,PHI,17,17,1,0.2058823529411765,0,0,0,17,7.391537761483555,0.7
00-0037840,RB,2024,LA,17,17,16,0.6176470588235294,0,0,0,17,145.93613165691636,272.1
00-0038040,RB,2024,LV,17,17,8,0.7941176470588236,0,0,0,17,159.57306346485967,29.299999999999997
00-0038098,RB,2024,CLE,17,17,12,0.6764705882352942,0,0,0,17,29.49609744682974,35.199999999999996
00-0038120,RB,2024,NYJ,17,17,16,0.7058823529411764,0,0,0,17,189.57388524012634,236.9
00-0038134,RB,2024,SEA,17,17,11,0.9117647058823529,0,0,0,17,192.81797436615446,181.20000000000002
00-0038396,RB,2024,NYG,17,17,14,0.4117647058823529,0,0,0,17,4.994595984726362,19.3
00-0038397,RB,2024,IND,17,17,1,0.058823529411764705,0,0,0,17,1.590469430298498,0.0
00-0038454,RB,2024,BAL,17,17,4,0.4117647058823529,0,0,0,17,60.07483389259331,6.8
00-0038542,RB,2024,ATL,17,17,17,1.0,0,0,0,17,237.07221360031932,339.7
00-0038551,RB,2024,NO,17,17,6,0.47058823529411764,0,0,0,17,19.668352411979747,29.1
00-0038555,RB,2024,JAX,17,17,15,0.9411764705882353,0,0,0,17,44.33865718652378,129.0
00-0038597,RB,2024,CIN,17,17,16,0.6470588235294118,0,0,0,17,42.38895018482618,253.0
00-0038611,RB,2024,WAS,17,17,7,0.5882352941176471,0,0,0,17,53.344973736434255,31.5
00-0038622,RB,2024,DAL,17,17,6,0.35294117647058826,0,0,0,17,20.986381182257144,11.8
00-0038678,RB,2024,NO,17,17,9,0.058823529411764705,0,0,0,17,1.4243695572819726,26.1
00-0038685,RB,2024,GB,17,17,13,0.23529411764705882,0,0,0,17,9.362436718962853,42.199999999999996
00-0038705,RB,2024,ARI,17,17,13,0.8235294117647058,0,0,0,17,47.56895787396378,54.7
00-0038738,RB,2024,DAL,17,17,2,1.0,0,0,0,17,0.0020292227969507136,0.0
00-0038794,RB,2024,DEN,17,17,16,1.0,0,0,0,17,90.34211140670764,97.2
00-0038797,RB,2024,GB,17,17,17,0.5294117647058824,0,0,0,17,27.88556245300003,96.0
00-0038951,RB,2024,TB,17,17,12,0.23529411764705882,0,0,0,17,9.595306470464212,68.7
00-0039021,RB,2024,CHI,17,17,13,0.8823529411764706,0,0,0,17,96.87081138874561,77.39999999999999
00-0039032,RB,2024,TEN,17,17,12,1.0,0,0,0,17,134.75858870131557,113.59999999999998
00-0039040,RB,2024,MIA,17,17,17,0.7058823529411765,0,0,0,17,138.8403796916667,299.90000000000003
00-0039139,RB,2024,DET,17,17,17,1.0,0,0,0,17,215.16233685302683,354.9
00-0039165,RB,2024,SEA,17,17,17,0.9411764705882353,0,0,0,17,117.22577541635198,183.7
00-0030035,WR,2024,CAR,17,17,10,0.9286764705882353,0,0,0,17,151.2433181955227,139.5
00-0030279,WR,2024,CHI,17,17,15,0.7877673796791445,0,0,0,17,214.45774101799486,184.4
00-0030431,WR,2024,HOU,17,17,15,0.8850267379679143,0,0,0,17,48.82844702431947,38.300000000000004
00-0030564,WR,2024,KC,17,17,16,0.9141042780748663,0,0,0,17,175.72555830769892,147.0
00-0031235,WR,2024,MIA,17,17,9,0.7822712418300655,0,0,0,17,48.491800403626804,14.5
00-0031236,WR,2024,DAL,17,17,10,0.9143382352941177,0,0,0,17,165.07095285528862,69.6
00-0031381,WR,2024,NYJ,17,17,14,0.9511029411764707,0,0,0,17,250.1073908967749,239.3
00-0031408,WR,2024,TB,17,17,14,0.9566176470588236,0,0,0,17,210.45917259584098,240.40000000000003
00-0031428,WR,2024,DET,17,17,12,0.7801470588235293,0,0,0,17,43.457726097395515,6.0
00-0031544,WR,2024,BUF,17,17,14,0.9730392156862746,0,0,0,17,160.58967801955623,122.7
00-0031549,WR,2024,BAL,17,17,14,0.9199346405228758,0,0,0,17,72.25091095603551,49.1
00-0031588,WR,2024,HOU,17,17,8,0.9526143790849674,0,0,0,17,207.28273132709626,121.9
00-0031763,WR,2024,CHI,17,17,9,0.7843137254901961,0,0,0,17,0.006136100509974455,16.2
00-0031941,WR,2024,WAS,17,17,6,0.7679738562091504,0,0,0,17,8.922096383139252,28.2
00-0032128,WR,2024,SF,17,17,15,0.8100490196078431,0,0,0,17,44.1082513424732,13.6
00-0032211,WR,2024,SEA,17,17,17,0.9803921568627452,0,0,0,17,185.66927206734385,120.99999999999999
00-0032385,WR,2024,TB,17,17,14,0.6916360294117647,0,0,0,17,17.39309352732191,78.29999999999998
00-0032398,WR,2024,ARI,17,17,5,0.7522977941176471,0,0,0,17,51.18888247204313,0.0
00-0032464,WR,2024,DET,17,17,12,0.6838235294117647,0,0,0,17,56.07054154349902,50.50000000000001
00-0032543,WR,2024,NE,17,17,1,0.8188025210084033,0,0,0,17,67.77056505392069,0.0
00-0032688,WR,2024,MIA,17,17,2,0.9181985294117647,0,0,0,17,10.617182474854395,1.5
00-0032775,WR,2024,LA,17,17,17,0.8685661764705882,0,0,0,17,94.1236959543294,123.5
00-0032951,WR,2024,IND,17,17,1,0.578125,0,0,0,17,4.652140141882835,0.0
00-0033009,WR,2024,TEN,17,17,16,0.9296875,0,0,0,17,77.45383284154835,78.30000000000001
00-0033040,WR,2024,MIA,17,17,17,0.9848345588235294,0,0,0,17,317.41888280256313,218.2
00-0033251,WR,2024,ARI,17,17,14,0.9607843137254902,0,0,0,17,7.176157678652977,0.0
00-0033282,WR,2024,BUF,17,17,14,0.7878151260504201,0,0,0,17,73.21870898823641,63.7
00-0033292,WR,2024,SF,17,17,2,0.71875,0,0,0,17,1.8461545028414448,2.1
00-0033307,WR,2024,NE,17,17,12,0.8623949579831933,0,0,0,17,146.0334741310373,65.1
00-0033375,WR,2024,DET,17,17,16,0.8446691176470589,0,0,0,17,90.5481441364361,90.4
00-0033460,WR,2024,PHI,17,17,1,0.45514705882352946,0,0,0,17,20.257044837310335,1.6
00-0033536,WR,2024,PIT,17,17,18,0.7689075630252101,0,0,0,17,122.75908494988917,56.8
00-0033555,WR,2024,BUF,17,17,17,0.9411764705882354,0,0,0,17,33.90168262069163,98.80000000000001
00-0033589,WR,2024,CAR,17,17,17,0.5986519607843137,0,0,0,17,21.99423124013755,85.1
00-0033591,WR,2024,WAS,17,17,11,0.8020833333333335,0,0,0,17,69.6775929256643,86.3
00-0033857,WR,2024,KC,17,17,14,0.8125,0,0,0,17,62.336662931265955,53.099999999999994
00-0033891,WR,2024,ARI,17,17,11,0.9154411764705882,0,0,0,17,130.6997194646195,16.4
00-0033908,WR,2024,LA,17,17,12,0.8109243697478992,0,0,0,17,175.91967221646945,175.0
00-0033921,WR,2024,TB,17,17,7,0.9401260504201681,0,0,0,17,189.1117876862482,137.8
00-0033943,WR,2024,JAX,17,17,9,0.9159663865546218,0,0,0,17,125.00431380376305,38.4
00-0034054,WR,2024,MIA,17,17,8,0.4713235294117647,0,0,0,17,8.509241968446299,13.600000000000001
00-0034272,WR,2024,NO,17,17,14,0.9411764705882352,0,0,0,17,69.80129464977517,84.5
00-0034279,WR,2024,NO,17,17,2,0.7477941176470588,0,0,0,17,26.583816279495984,0.0
00-0034348,WR,2024,DEN,17,17,17,0.8143382352941176,0,0,0,17,139.9789186325341,240.3
00-0034353,WR,2024,BAL,17,17,2,0.7794117647058824,0,0,0,17,70.50903523683243,2.6
00-0034386,WR,2024,KC,17,17,17,0.8183823529411764,0,0,0,17,49.20345700335903,62.900000000000006
00-0034407,WR,2024,ATL,17,17,17,0.7126225490196078,0,0,0,17,41.20573129581211,142.5
00-0034418,WR,2024,NO,17,17,15,0.8264705882352942,0,0,0,17,75.35676391507651,51.9
00-0034419,WR,2024,MIA,17,17,6,0.9014705882352942,0,0,0,17,33.34827160286141,0.0
00-0034487,WR,2024,MIN,17,17,17,0.8645833333333334,0,0,0,17,36.58868398397141,22.299999999999997
00-0034521,WR,2024,NYJ,17,17,12,0.7432598039215687,0,0,0,17,45.40806404683238,126.0
00-0034646,WR,2024,MIN,17,17,17,0.625,0,0,0,17,12.969192430304163,14.1
00-0034775,WR,2024,JAX,17,17,8,0.8572303921568628,0,0,0,17,157.08306194848467,70.9
00-0034777,WR,2024,LAC,17,17,7,0.7003676470588235,0,0,0,17,54.44837867138878,13.1
00-0034827,WR,2024,CHI,17,17,17,0.9791666666666666,0,0,0,17,169.40928073131965,236.1
00-0034837,WR,2024,TEN,17,17,17,0.8088235294117647,0,0,0,17,148.31822239150304,199.20000000000005
00-0034854,WR,2024,ATL,17,17,15,0.7879901960784313,0,0,0,17,13.636640365419415,26.099999999999994
00-0034860,WR,2024,NO,17,17,8,0.5852941176470589,0,0,0,17,32.512658382305,30.0
00-0034928,WR,2024,HOU,17,17,4,0.5529411764705883,0,0,0,17,7.4283675975902455,0.0
00-0034960,WR,2024,LV,17,17,15,0.9044117647058825,0,0,0,17,191.09325199978852,216.0
00-0035021,WR,2024,IND,17,17,15,0.7601102941176471,0,0,0,17,14.265897553012927,19.2
00-0035140,WR,2024,KC,17,17,11,0.8588235294117647,0,0,0,17,60.13780034898141,33.2
00-0035164,WR,2024,TB,17,17,1,0.23529411764705882,0,0,0,17,-0.12291988726548288,0.0
00-0035208,WR,2024,WAS,17,17,17,0.8625,0,0,0,17,53.930028756289786,114.39999999999999
00-0035215,WR,2024,BAL,17,17,3,0.6823529411764706,0,0,0,17,15.460703303066094,0.0
00-0035216,WR,2024,HOU,17,17,12,0.9529411764705882,0,0,0,17,120.79349266679583,89.1
00-0035298,WR,2024,PIT,17,17,13,0.8073529411764706,0,0,0,17,3.9840620486295064,11.899999999999999
00-0035341,WR,2024,CIN,17,17,7,0.43308823529411755,0,0,0,17,10.050093836142466,4.5
00-0035406,WR,2024,DEN,17,17,17,0.48235294117647065,0,0,0,17,27.025589988148198,64.3
00-0035500,WR,2024,ARI,17,17,17,0.6470588235294118,0,0,0,17,55.43465251327723,90.30000000000001
00-0035535,WR,2024,NYG,17,17,16,0.9279411764705883,0,0,0,17,161.35171397598194,110.00000000000001
00-0035544,WR,2024,DET,17,17,4,0.39338235294117646,0,0,0,17,18.336535745838532,0.0
00-0035602,WR,2024,LV,17,17,5,0.0900735294117647,0,0,0,17,0.1385185725534147,6.1
00-0035639,WR,2024,PHI,17,17,5,0.5110294117647058,0,0,0,17,9.5127600028078,15.0
00-0035640,WR,2024,SEA,17,17,15,0.9882352941176471,0,0,0,17,231.13679735094416,191.2
00-0035659,WR,2024,WAS,17,17,17,0.9632352941176471,0,0,0,17,195.38480529429393,267.8
00-0035662,WR,2024,KC,17,17,2,0.8816176470588235,0,0,0,17,93.92855738888615,18.1
00-0035676,WR,2024,PHI,17,17,13,0.9411764705882353,0,0,0,17,223.5991924733133,216.89999999999998
00-0035719,WR,2024,SF,17,17,15,0.8757352941176471,0,0,0,17,183.0633135844617,155.6
00-0035891,WR,2024,SEA,17,17,1,0.11764705882352941,0,0,0,17,1.7877310386591678,6.4
00-0035934,WR,2024,MIN,17,17,2,0.35294117647058826,0,0,0,17,6.794301112283539,0.0
00-0035976,WR,2024,CAR,17,17,6,0.17647058823529413,0,0,0,17,0.04100322066058836,6.7
00-0036133,WR,2024,CLE,17,17,7,0.5882352941176471,0,0,0,17,-5.211132098722802,5.1
00-0036165,WR,2024,NYG,17,17,3,0.5882352941176471,0,0,0,17,6.867914542291266,3.2
00-0036176,WR,2024,TEN,17,17,6,0.1568627450980392,0,0,0,17,0.015325561403030567,3.7
00-0036182,WR,2024,TEN,17,17,17,0.9264705882352942,0,0,0,17,79.95121785461247,135.7
00-0036183,WR,2024,LV,17,17,2,0.11887254901960785,0,0,0,17,1.9446666075421928,9.8
00-0036196,WR,2024,JAX,17,17,10,1.0,0,0,0,17,112.5562782053202,53.9
00-0036219,WR,2024,TB,17,17,2,0.676470588235294,0,0,0,17,0.4557538759272564,0.0
00-0036252,WR,2024,IND,17,17,16,0.9264705882352942,0,0,0,17,203.27750436365167,165.8
00-0036254,WR,2024,CHI,17,17,8,0.5857843137254902,0,0,0,17,-0.44329704848392465,1.6
00-0036259,WR,2024,SF,17,17,15,0.9803921568627452,0,0,0,17,98.05528414350363,210.49999999999997
00-0036261,WR,2024,SF,17,17,7,0.9375,0,0,0,17,202.26379280174172,62.400000000000006
00-0036268,WR,2024,LAC,17,17,11,0.7628676470588236,0,0,0,17,19.859309394611202,8.7
00-0036309,WR,2024,ATL,17,17,16,0.8823529411764706,0,0,0,17,79.9690014654358,193.2
00-0036322,WR,2024,MIN,17,17,17,0.8970588235294118,0,0,0,17,267.2382064264584,317.5
00-0036331,WR,2024,JAX,17,17,12,0.8382352941176471,0,0,0,17,8.031170624807022,19.2
00-0036345,WR,2024,WAS,17,17,8,0.9803921568627452,0,0,0,17,58.17087879148098,18.7
00-0036358,WR,2024,DAL,17,17,15,1.0,0,0,0,17,350.6760639088481,261.4
00-0036387,WR,2024,LAC,17,17,8,0.7895220588235293,0,0,0,17,48.83800459409261,14.700000000000001
00-0036407,WR,2024,CLE,17,17,17,0.8529411764705883,0,0,0,17,143.80834609311898,236.89999999999998
00-0036410,WR,2024,CIN,17,17,12,0.9264705882352942,0,0,0,17,145.1478130183815,222.10000000000002
00-0036415,WR,2024,PIT,17,17,17,0.8970588235294118,0,0,0,17,32.93842807237233,63.599999999999994
00-0036427,WR,2024,LA,17,17,15,0.5441176470588235,0,0,0,17,13.014430887881444,61.1
00-0036463,WR,2024,ATL,17,17,3,0.058823529411764705,0,0,0,17,-0.05809590769757318,2.7
00-0036497,WR,2024,JAX,17,17,16,0.9705882352941176,0,0,0,17,44.03322844762008,7.1
00-0036527,WR,2024,LV,17,17,12,0.29411764705882354,0,0,0,17,-0.09715566579228162,47.099999999999994
00-0036550,WR,2024,BAL,17,17,17,0.6862745098039215,0,0,0,17,56.28460910698575,174.6
00-0036554,WR,2024,HOU,17,17,12,0.8039215686274509,0,0,0,17,166.13212709538587,210.6
00-0036613,WR,2024,MIA,17,17,15,0.9411764705882352,0,0,0,17,167.85268310141365,145.6
00-0036620,WR,2024,MIA,17,17,6,0.43137254901960786,0,0,0,17,4.38441770934044,7.3999999999999995
00-0036626,WR,2024,WAS,17,17,16,0.9215686274509803,0,0,0,17,4.147870057650645,67.4
00-0036627,WR,2024,LAC,17,17,1,0.14705882352941177,0,0,0,17,2.167907296429747,0.0
00-0036630,WR,2024,BAL,17,17,17,0.5686274509803922,0,0,0,17,19.823920203858858,36.3
00-0036635,WR,2024,NYG,17,17,6,0.5098039215686274,0,0,0,17,10.391315545758406,0.0
00-0036646,WR,2024,LAC,17,17,8,0.2156862745098039,0,0,0,17,1.4435979691442584,16.6
00-0036841,WR,2024,JAX,17,17,1,0.5588235294117647,0,0,0,17,2.7890905274856888,6.0
00-0036849,WR,2024,LA,17,17,17,0.6470588235294118,0,0,0,17,41.503372546873635,98.90000000000002
00-0036862,WR,2024,PIT,17,17,9,0.8823529411764706,0,0,0,17,24.16239854693861,11.9
00-0036877,WR,2024,CLE,17,17,3,0.47058823529411764,0,0,0,17,0.8976858038077791,1.6
00-0036900,WR,2024,CIN,17,17,17,0.9595588235294118,0,0,0,17,165.94732172429454,403.0
00-0036912,WR,2024,PHI,17,17,13,1.0,0,0,0,17,205.2990122481108,199.39999999999998
00-0036913,WR,2024,CLE,17,17,3,0.6862745098039215,0,0,0,17,31.514398917120054,-0.39999999999999997
00-0036955,WR,2024,LV,17,17,7,0.7058823529411765,0,0,0,17,25.110867671595546,7.1
00-0036963,WR,2024,DET,17,17,17,0.9803921568627452,0,0,0,17,236.67137325170222,316.2
00-0036980,WR,2024,CLE,17,17,17,0.8627450980392157,0,0,0,17,29.71136902274195,120.9
00-0036988,WR,2024,LAC,17,17,15,0.8627450980392157,0,0,0,17,137.376086675161,103.39999999999998
00-0037091,WR,2024,GB,17,17,17,0.4117647058823529,0,0,0,17,44.23338583234517,22.5
00-0037093,WR,2024,SEA,17,17,8,0.5588235294117647,0,0,0,17,-0.13043844253973644,0.0
00-0037132,WR,2024,PHI,17,17,5,0.3529411764705882,0,0,0,17,2.622364007534101,10.4
00-0037156,WR,2024,NYJ,17,17,5,0.5294117647058824,0,0,0,17,0.8384572693965187,0.0
00-0037216,WR,2024,KC,17,17,2,0.5882352941176471,0,0,0,17,15.06175236809792,0.0
00-0037238,WR,2024,ATL,17,17,17,0.9705882352941176,0,0,0,17,150.40466560520414,280.8
00-0037239,WR,2024,NO,17,17,8,0.9117647058823529,0,0,0,17,184.68436543246636,76.69999999999999
00-0037240,WR,2024,DET,17,17,15,0.6176470588235294,0,0,0,17,85.70363835837108,212.2
00-0037247,WR,2024,PIT,17,17,14,1.0,0,0,0,17,168.8274980372755,164.4
00-0037257,WR,2024,CLE,17,17,1,0.9411764705882353,0,0,0,17,104.54658056607482,5.7
00-0037261,WR,2024,BUF,17,17,15,1.0,0,0,0,17,182.07211204084825,182.5
00-0037272,WR,2024,KC,17,17,1,0.4411764705882353,0,0,0,17,-0.15588550734659462,0.0
00-0037291,WR,2024,MIN,17,17,17,0.3235294117647059,0,0,0,17,15.803399394323359,104.99999999999999
00-0037300,WR,2024,CLE,17,17,5,0.5882352941176471,0,0,0,17,16.1105532839602,13.5
00-0037382,WR,2024,PIT,17,17,3,0.588235294117647,0,0,0,17,36.61668000221422,1.9
00-0037387,WR,2024,BUF,17,17,6,0.5294117647058824,0,0,0,17,-0.46610208202889236,0.0
00-0037487,WR,2024,CAR,17,17,7,0.6176470588235294,0,0,0,17,14.983074673265293,6.7
00-0037524,WR,2024,TEN,17,17,1,0.058823529411764705,0,0,0,17,0.13640114698632422,11.9
00-0037545,WR,2024,NO,17,17,6,0.7941176470588236,0,0,0,17,132.2625173168149,75.8
00-0037614,WR,2024,HOU,17,17,13,1.0,0,0,0,17,66.44164953104678,55.40000000000001
00-0037664,WR,2024,IND,17,17,16,0.9705882352941176,0,0,0,17,102.55673170098403,161.4
00-0037666,WR,2024,DAL,17,17,17,0.7352941176470589,0,0,0,17,15.818225270464643,152.0
00-0037740,WR,2024,NYJ,17,17,17,1.0,0,0,0,17,183.4163775197578,249.89999999999998
00-0037741,WR,2024,PHI,17,17,17,0.8529411764705883,0,0,0,17,74.45996201762523,41.9
00-0037742,WR,2024,TEN,17,17,5,0.6470588235294118,0,0,0,17,48.90790258575134,7.5
00-0037801,WR,2024,DAL,17,17,17,0.9705882352941176,0,0,0,17,8.413302324914577,92.2
00-0037816,WR,2024,GB,17,17,13,0.8823529411764706,0,0,0,17,164.2945070250841,130.1
00-0037837,WR,2024,PIT,17,17,17,1.0,0,0,0,17,37.722408020613926,114.8
00-0038090,WR,2024,KC,17,17,6,0.9117647058823529,0,0,0,17,49.22973216914691,0.0
00-0038092,WR,2024,MIA,17,17,2,0.08823529411764705,0,0,0,17,0.8757957931825545,0.0
00-0038104,WR,2024,NE,17,17,6,0.6470588235294117,0,0,0,17,45.67488756987231,8.7
00-0038117,WR,2024,NYG,17,17,17,0.6176470588235294,0,0,0,17,121.84228530744434,182.70000000000002
00-0038124,WR,2024,GB,17,17,15,0.7352941176470589,0,0,0,17,91.96097343842595,103.30000000000001
00-0038393,WR,2024,GB,17,17,17,1.0,0,0,0,17,111.10557622474361,110.5
00-0038465,WR,2024,GB,17,17,12,0.7647058823529411,0,0,0,17,41.275301851961615,31.700000000000003
00-0038496,WR,2024,NYJ,17,17,16,0.8823529411764706,0,0,0,17,34.73619919381986,16.4
00-0038543,WR,2024,SEA,17,17,17,1.0,0,0,0,17,120.56529783970379,253.00000000000003
00-0038544,WR,2024,LAC,17,17,15,1.0,0,0,0,17,95.48702925228544,174.70000000000002
00-0038559,WR,2024,ARI,17,17,16,0.7647058823529411,0,0,0,17,76.15202565595375,124.5
00-0038563,WR,2024,LV,17,17,17,0.9411764705882353,0,0,0,17,69.30230668647657,129.29999999999998
00-0038573,WR,2024,LAC,17,17,14,0.9411764705882353,0,0,0,17,34.09183816778122,40.1
00-0038576,WR,2024,CIN,17,17,8,0.5294117647058824,0,0,0,17,16.963917884379896,1.5
00-0038606,WR,2024,JAX,17,17,17,0.5294117647058824,0,0,0,17,22.29482160027843,89.0
00-0038608,WR,2024,NE,17,17,15,0.29411764705882354,0,0,0,17,0.344105141420706,119.9
00-0038618,WR,2024,HOU,17,17,16,0.9411764705882353,0,0,0,17,36.45433567524551,23.699999999999996
00-0038619,WR,2024,CIN,17,17,17,0.9411764705882353,0,0,0,17,22.57226494969698,119.90000000000002
00-0038621,WR,2024,NE,17,17,17,0.8235294117647058,0,0,0,17,96.65587364321615,147.70000000000002
00-0038640,WR,2024,DAL,17,17,14,0.4117647058823529,0,0,0,17,6.444831458786615,35.7
00-0038647,WR,2024,SF,17,17,8,0.8823529411764706,0,0,0,17,11.45777952326401,4.2
00-0038667,WR,2024,JAX,17,17,2,0.5294117647058824,0,0,0,17,8.22708126897308,0.0
00-0038752,WR,2024,SEA,17,17,17,1.0,0,0,0,17,14.398852192517552,29.700000000000003
00-0038821,WR,2024,TB,17,17,10,0.5882352941176471,0,0,0,17,6.050689556286463,21.400000000000006
00-0038824,WR,2024,TB,17,17,11,0.058823529411764705,0,0,0,17,0.030873734543956477,36.800000000000004
00-0038938,WR,2024,NYG,17,17,16,1.0,0,0,0,17,58.00001972883379,14.2
00-0038941,WR,2024,CHI,17,17,9,1.0,0,0,0,17,42.71259014771836,1.5
00-0038976,WR,2024,DEN,17,17,17,0.9411764705882353,0,0,0,17,53.646470768308156,129.5
00-0038977,WR,2024,HOU,17,17,14,0.6470588235294118,0,0,0,17,101.96437727293274,140.0
00-0038979,WR,2024,CLE,17,17,11,0.8235294117647058,0,0,0,17,69.83353620763904,78.4
00-0038994,WR,2024,MIN,17,17,15,1.0,0,0,0,17,191.29819798265132,212.50000000000003
00-0038997,WR,2024,IND,17,17,14,1.0,0,0,0,17,117.07130838550134,182.19999999999996
00-0039052,WR,2024,TB,17,17,15,1.0,0,0,0,17,84.46655935435902,35.2
00-0039062,WR,2024,DAL,17,17,17,0.8823529411764706,0,0,0,17,89.31153204496658,32.2
00-0039064,WR,2024,BAL,17,17,17,1.0,0,0,0,17,183.39062055885915,209.5
00-0039067,WR,2024,KC,17,17,4,1.0,0,0,0,17,181.11513575550873,64.9
00-0039075,WR,2024,LA,17,17,11,1.0,0,0,0,17,202.29042206708814,206.60000000000002
00-0039146,WR,2024,GB,17,17,17,1.0,0,0,0,17,180.6629518942292,197.00000000000003
00-0024243,TE,2024,CHI,17,17,17,0.8858251633986929,0,0,0,17,5.395806052568867,1.2
00-0030061,TE,2024,WAS,17,17,17,0.8582887700534759,0,0,0,17,111.59039837691932,173.4
00-0030506,TE,2024,KC,17,17,16,0.9941176470588236,0,0,0,17,262.39030016389904,195.4
00-0031299,TE,2024,CAR,17,17,3,0.7144607843137254,0,0,0,17,41.84713609824688,0.0
00-0031484,TE,2024,NYG,17,17,17,0.8915441176470589,0,0,0,17,-0.1809568669630366,12.0
00-0031585,TE,2024,PIT,17,17,12,0.7267156862745098,0,0,0,17,8.930663933134637,16.0
00-0031690,TE,2024,LAC,17,17,9,0.7373949579831933,0,0,0,17,5.656459192116943,2.9
00-0032134,TE,2024,PHI,17,17,7,0.7230392156862745,0,0,0,17,4.805156354551687,0.0
00-0032141,TE,2024,CLE,17,17,8,0.6670751633986928,0,0,0,17,12.103201364832012,1.7
00-0032392,TE,2024,NE,17,17,17,0.9545036764705882,0,0,0,17,63.57654127444072,108.60000000000001
00-0032394,TE,2024,TEN,17,17,17,0.7196691176470589,0,0,0,17,2.4682101151205607,48.50000000000001
00-0033090,TE,2024,NE,17,17,16,0.7899816176470588,0,0,0,17,90.02728963306093,145.4
00-0033110,TE,2024,LA,17,17,3,0.9848345588235294,0,0,0,17,101.36997226639991,26.6
00-0033217,TE,2024,IND,17,17,17,0.9215686274509803,0,0,0,17,41.845637111741944,32.699999999999996
00-0033246,TE,2024,MIN,17,17,17,0.6234243697478992,0,0,0,17,31.551098478667885,45.2
00-0033288,TE,2024,SF,17,17,15,0.9196428571428571,0,0,0,17,142.08365393118777,236.59999999999994
00-0033439,TE,2024,SEA,17,17,15,0.7101715686274509,0,0,0,17,18.565242465677827,12.500000000000002
00-0033455,TE,2024,KC,17,17,6,0.7426470588235294,0,0,0,17,12.41576458851014,0.0
00-0033576,TE,2024,SF,17,17,17,0.6691176470588235,0,0,0,17,0.4553296913155998,26.7
00-0033757,TE,2024,MIN,17,17,5,0.8075980392156863,0,0,0,17,29.593823605435713,0.0
00-0033858,TE,2024,MIA,17,17,17,0.9311974789915967,0,0,0,17,104.43629810825466,222.3
00-0033881,TE,2024,JAX,17,17,9,0.8581932773109244,0,0,0,17,160.90472083707164,87.49999999999999
00-0033885,TE,2024,CLE,17,17,11,0.8424369747899159,0,0,0,17,201.04967011694865,144.5
00-0033895,TE,2024,CHI,17,17,17,0.9306722689075632,0,0,0,17,126.40142119053516,11.600000000000001
00-0034073,TE,2024,ATL,17,17,14,0.7886029411764706,0,0,0,17,0.0009398496137967282,1.5
00-0034159,TE,2024,LAC,17,17,15,0.7156862745098039,0,0,0,17,19.942167926302638,110.10000000000001
00-0034270,TE,2024,NYJ,17,17,16,1.0,0,0,0,17,105.57301366278895,119.9
00-0034351,TE,2024,PHI,17,17,10,0.8890931372549021,0,0,0,17,119.3376801174714,103.6
00-0034364,TE,2024,CLE,17,17,17,0.9001225490196078,0,0,0,17,8.143592004185601,91.0
00-0034365,TE,2024,CAR,17,17,5,0.9405637254901961,0,0,0,17,14.978750828991334,3.7
00-0034383,TE,2024,HOU,17,17,17,0.9509803921568628,0,0,0,17,129.62211833872092,118.2
00-0034613,TE,2024,CIN,17,17,11,0.5125000000000001,0,0,0,17,29.879373335451344,38.5
00-0034753,TE,2024,BAL,17,17,17,0.9215686274509806,0,0,0,17,136.7760344444542,188.8
00-0034798,TE,2024,MIA,17,17,17,0.9791666666666666,0,0,0,17,75.86695041432581,14.3
00-0034829,TE,2024,CIN,17,17,17,0.9895833333333334,0,0,0,17,79.80065185566855,141.5
00-0034830,TE,2024,LAC,17,17,9,0.8431372549019608,0,0,0,17,51.04951910257732,15.299999999999999
00-0034970,TE,2024,HOU,17,17,5,0.7619485294117647,0,0,0,17,12.218513619753594,0.0
00-0034981,TE,2024,NO,17,17,17,0.9154411764705882,0,0,0,17,43.68030452240948,103.29999999999998
00-0035229,TE,2024,MIN,17,17,10,0.8676470588235293,0,0,0,17,182.7604314706338,86.5
00-0035249,TE,2024,MIN,17,17,15,0.7536764705882353,0,0,0,17,44.66285362407674,65.8
00-0035547,TE,2024,KC,17,17,3,0.5588235294117647,0,0,0,17,0.6861252836713618,1.5
00-0035572,TE,2024,DET,17,17,5,0.5490196078431373,0,0,0,17,0.41655737511305413,0.0
00-0035631,TE,2024,CIN,17,17,17,0.7375,0,0,0,17,35.374166134775656,36.5
00-0035644,TE,2024,SEA,17,17,14,0.9757352941176471,0,0,0,17,65.28183849737972,104.0
00-0035689,TE,2024,BUF,17,17,16,0.9294117647058823,0,0,0,17,44.1673880108522,59.099999999999994
00-0035771,TE,2024,NE,17,17,1,0.9411764705882352,0,0,0,17,6.038951393311833,0.0
00-0036040,TE,2024,NO,17,17,17,0.7058823529411764,0,0,0,17,106.01895069304076,122.8
00-0036059,TE,2024,SEA,17,17,2,0.23529411764705882,0,0,0,17,1.2268039321317523,0.0
00-0036232,TE,2024,LV,17,17,13,0.9705882352941176,0,0,0,17,26.595194349063373,17.6
00-0036244,TE,2024,LA,17,17,17,0.7647058823529411,0,0,0,17,46.491871824222315,65.39999999999999
00-0036290,TE,2024,CHI,17,17,17,1.0,0,0,0,17,130.56755195115554,118.39999999999999
00-0036332,TE,2024,JAX,17,17,12,0.7518382352941176,0,0,0,17,0.0008960337809856917,4.4
00-0036422,TE,2024,DEN,17,17,17,0.8970588235294117,0,0,0,17,47.39770199617679,43.8
00-0036429,TE,2024,ATL,17,17,16,0.96875,0,0,0,17,0.3060750635038391,11.6
00-0036438,TE,2024,CAR,17,17,1,0.5490196078431372,0,0,0,17,17.745756000542688,0.0
00-0036510,TE,2024,NYJ,17,17,9,0.29411764705882354,0,0,0,17,2.5524164460497833,15.7
00-0036534,TE,2024,DET,17,17,12,0.47058823529411764,0,0,0,17,15.492911036382306,3.2
00-0036556,TE,2024,HOU,17,17,2,0.6862745098039215,0,0,0,17,26.89949064224907,2.7
00-0036590,TE,2024,BUF,17,17,15,0.9411764705882353,0,0,0,17,0.0011216853199625286,14.6
00-0036628,TE,2024,WAS,17,17,17,0.9803921568627452,0,0,0,17,41.94670027435716,14.4
00-0036637,TE,2024,KC,17,17,17,1.0,0,0,0,17,68.65245408577253,113.3
00-0036741,TE,2024,MIA,17,17,9,0.9803921568627452,0,0,0,17,27.188272754412722,3.0
00-0036754,TE,2024,DET,17,17,17,0.823529411764706,0,0,0,17,11.230697246229346,35.0
00-0036825,TE,2024,CAR,17,17,13,0.29411764705882354,0,0,0,17,0.00035052666248829007,2.2
00-0036876,TE,2024,IND,17,17,17,0.8823529411764706,0,0,0,17,61.407366126787416,32.2
00-0036887,TE,2024,JAX,17,17,17,0.9411764705882352,0,0,0,17,12.371091481690547,18.7
00-0036894,TE,2024,PIT,17,17,17,0.9019607843137255,0,0,0,17,86.80658599511428,168.3
00-0036970,TE,2024,ATL,17,17,17,0.8627450980392157,0,0,0,17,104.32721576250691,131.2
00-0037004,TE,2024,LA,17,17,17,0.39215686274509803,0,0,0,17,0.0004673688833177204,13.0
00-0037005,TE,2024,CAR,17,17,12,0.9607843137254902,0,0,0,17,70.06638037172857,56.400000000000006
00-0037086,TE,2024,PHI,17,17,17,0.7941176470588235,0,0,0,17,17.780327571617605,59.800000000000004
00-0037112,TE,2024,SF,17,17,11,0.17647058823529413,0,0,0,17,0.16139755166175476,0.0
00-0037252,TE,2024,NYG,17,17,9,0.35294117647058826,0,0,0,17,7.573727181566675,7.8
00-0037277,TE,2024,HOU,17,17,7,0.47058823529411764,0,0,0,17,1.8460176694196124,0.0
00-0037282,TE,2024,DET,17,17,1,0.8235294117647058,0,0,0,17,2.419009156247923,0.0
00-0037292,TE,2024,IND,17,17,17,0.7058823529411765,0,0,0,17,26.61739443729969,25.900000000000006
00-0037304,TE,2024,PIT,17,17,17,1.0,0,0,0,17,18.83216616943145,16.0
00-0037306,TE,2024,GB,17,17,9,0.29411764705882354,0,0,0,17,0.00035052666248829007,1.2
00-0037311,TE,2024,TB,17,17,17,0.9705882352941176,0,0,0,17,0.0853581977819821,0.0
00-0037317,TE,2024,MIN,17,17,3,0.058823529411764705,0,0,0,17,0.11442089216506116,0.0
00-0037348,TE,2024,MIA,17,17,2,0.11764705882352941,0,0,0,17,0.4024748788708247,4.6
00-0037475,TE,2024,LAC,17,17,14,0.6764705882352942,0,0,0,17,13.584841310460977,34.8
00-0037539,TE,2024,DEN,17,17,13,0.23529411764705882,0,0,0,17,9.689649608894708,34.199999999999996
00-0037569,TE,2024,KC,17,17,6,0.7352941176470589,0,0,0,17,6.424471226171215,10.1
00-0037654,TE,2024,LAC,17,17,9,0.35294117647058826,0,0,0,17,0.04267880633732507,10.9
00-0037744,TE,2024,ARI,17,17,16,0.9705882352941176,0,0,0,17,202.39133571782924,243.8
00-0037805,TE,2024,NYJ,17,17,17,0.5882352941176471,0,0,0,17,24.625892945817725,28.5
00-0037809,TE,2024,TEN,17,17,17,1.0,0,0,0,17,127.94353378874233,111.6
00-0037838,TE,2024,BAL,17,17,16,0.9705882352941176,0,0,0,17,102.42697257068617,123.7
00-0038041,TE,2024,DAL,17,17,14,1.0,0,0,0,17,190.02161165116905,104.39999999999999
00-0038046,TE,2024,BAL,17,17,13,0.5,0,0,0,17,20.638516234291345,28.299999999999997
00-0038115,TE,2024,NYG,17,17,17,0.9117647058823529,0,0,0,17,65.59264780941133,26.5
00-0038129,TE,2024,TB,17,17,14,1.0,0,0,0,17,153.44202447369022,140.6
00-0038394,TE,2024,IND,17,17,10,0.7058823529411765,0,0,0,17,16.66876688307059,6.9
00-0038456,TE,2024,ARI,17,17,1,0.11764705882352941,0,0,0,17,0.014226268779108351,0.0
00-0038547,TE,2024,DAL,17,17,17,1.0,0,0,0,17,8.730683899581795,57.1
00-0038558,TE,2024,PIT,17,17,17,1.0,0,0,0,17,8.50508675021413,45.0
00-0038589,TE,2024,TEN,17,17,17,0.6470588235294118,0,0,0,17,24.352919389765358,58.800000000000004
00-0038643,TE,2024,SF,17,17,7,0.4117647058823529,0,0,0,17,0.0004907373274836063,0.0
00-0038710,TE,2024,CLE,17,17,11,0.058823529411764705,0,0,0,17,0.02705289551873347,17.1
00-0038720,TE,2024,MIA,17,17,16,0.8823529411764706,0,0,0,17,9.911134133060646,22.0
00-0038783,TE,2024,DEN,17,17,17,0.5882352941176471,0,0,0,17,0.0007010533249765801,43.5
00-0038809,TE,2024,GB,17,17,17,1.0,0,0,0,17,3.0838226130414714,8.2
00-0038933,TE,2024,BUF,17,17,13,1.0,0,0,0,17,125.7725974047037,100.80000000000001
00-0038935,TE,2024,JAX,17,17,17,0.8235294117647058,0,0,0,17,4.006207260057402,91.10000000000001
00-0038996,TE,2024,GB,17,17,17,1.0,0,0,0,17,89.33962879233056,161.29999999999998
00-0039041,TE,2024,ARI,17,17,17,0.6470588235294118,0,0,0,17,34.83252091235402,49.2
00-0039050,TE,2024,TB,17,17,16,0.8235294117647058,0,0,0,17,-0.005263289946353336,34.5
00-0039065,TE,2024,DET,17,17,16,1.0,0,0,0,17,157.32440402791227,174.60000000000002
00-0039066,TE,2024,LV,17,17,11,0.8235294117647058,0,0,0,17,57.522376750293375,36.6
00-0039074,TE,2024,LA,17,17,14,0.9411764705882353,0,0,0,17,23.412403524238496,9.9
00-0039144,TE,2024,GB,17,17,7,0.7647058823529411,0,0,0,17,64.72094884427563,11.5
