player,position,season,team,possible_weeks,weeks_predicted,games_actually_played,availability_rate,donor_pool_size,p25,p50,p75,p90,sim_mean,sim_std,actual_season_total
00-0023459,QB,2023,NYJ,17,17,1,0.8397491349480969,237,162.18085179676353,185.54473588485854,213.81682462157337,240.6001529468201,188.79054084584666,39.21974375191346,0.0
00-0026158,QB,2023,CLE,17,17,5,0.758578431372549,237,151.36323036789466,168.76449086216144,187.60472704374178,206.02543208849988,170.46858917800805,27.56178829409202,98.9
00-0026498,QB,2023,LA,17,17,15,0.8458508403361344,237,253.99038012267513,261.9696045864566,269.71093614273815,277.7765055864172,262.4234647135229,11.730331168980888,239.29999999999998
00-0026625,QB,2023,LV,17,17,3,0.3290441176470588,237,5.086230148938725,15.36875182548917,27.37747638306476,40.10343243180828,17.219630174079015,17.357924318213556,5.0
00-0027948,QB,2023,KC,17,17,2,0.37700534759358284,237,-1.5544838116958477,9.592227288431957,21.97663651006336,36.82448237343436,11.271963349669862,18.896365333836208,5.9
00-0027973,QB,2023,CAR,17,17,3,0.8538602941176472,237,124.09391769098507,145.62816262031987,169.12181682743494,195.1446088558377,148.43811085410434,35.19749470674195,23.6
00-0028118,QB,2023,NYG,17,17,11,0.3915441176470589,237,94.53736149462324,104.56681890266609,116.36578297859468,128.873580867217,106.67953032190597,16.10441043050183,87.30000000000001
00-0028986,QB,2023,HOU,17,17,2,0.4783088235294118,237,13.670292193674262,27.91083464479793,42.51219149237452,58.83485072587147,29.275371066052656,21.92857683697248,9.8
00-0029263,QB,2023,DEN,17,17,15,0.9732620320855616,237,274.2127962827323,280.1970883584795,287.9796043608953,294.98965044725145,281.28014528490604,10.906816800497236,252.9
00-0029604,QB,2023,MIN,17,17,8,0.8058155080213903,237,225.87546045374594,245.092599110445,263.91758887984116,283.00637235232676,246.26287920423593,28.41911830898293,149.9
00-0029701,QB,2023,TEN,17,17,9,0.9040441176470587,237,162.79837472879177,178.34503925699525,196.203140303725,215.04646419495054,180.05676341669675,26.20996658093541,80.0
00-0030533,QB,2023,JAX,17,17,1,0.19178921568627452,237,-1.1538551564731756,5.313980459411058,15.19264384176066,25.71672983233038,7.48042655238644,13.762132397639268,-0.3
00-0030565,QB,2023,SEA,17,17,15,0.4195261437908497,237,223.40000000000003,233.74824047904812,242.22730139052322,250.6900522998154,234.91603645446028,11.545822352907328,223.40000000000003
00-0031237,QB,2023,DET,17,17,1,0.5965073529411764,237,21.87050192730861,38.2071290318743,56.00528404922389,78.08294177384873,40.29352099579289,27.229211469888956,-0.2
00-0031280,QB,2023,NO,17,17,17,0.9669117647058825,237,237.10000000000002,237.10000000000002,237.10000000000002,237.10000000000002,237.09999999999994,8.526512829121202e-14,237.1
00-0031288,QB,2023,CIN,17,17,2,0.19264705882352942,237,-1.022733697147175,5.734286671670944,14.807005470836987,24.83835899537536,7.40598125289162,13.177401064790068,0.8
00-0031345,QB,2023,LV,17,17,7,0.5024509803921569,237,99.15624096346376,114.25187767406422,132.91933688073942,150.16698739306216,116.954074272867,25.088762977766272,62.1
00-0031503,QB,2023,NO,17,17,7,0.6727941176470589,237,38.34873282365182,53.68023687746434,70.11382843360376,86.56132901374285,55.388164746119536,23.398592514222567,11.9
00-0031800,QB,2023,ATL,17,17,5,0.4051470588235294,237,100.11290707814194,116.65875088673248,133.55634220015043,151.24335320931775,118.41058339203991,25.18877690426783,66.0
00-0032156,QB,2023,NYJ,17,17,5,0.3596813725490196,237,38.64614380796193,50.03007762228295,64.82140312729999,79.49866066440758,52.72209531468858,19.569794858687768,26.9
00-0032268,QB,2023,PHI,17,17,3,0.6810661764705882,237,113.06188824926686,136.60245828524785,161.4017626998228,184.7038285533618,138.3445981620725,35.32632492736735,11.7
00-0032436,QB,2023,CLE,17,17,1,0.3373161764705882,237,20.81555533166386,33.55933770336273,45.89702407090607,58.64687958049244,34.67613718386032,19.415120885277556,13.9
00-0032950,QB,2023,LA,17,17,2,0.8114495798319327,237,131.67355156764125,154.7635832461599,179.76573883648314,202.81998444704215,156.69049100258945,35.24129662794767,24.1
00-0033077,QB,2023,DAL,17,17,17,0.8765756302521008,237,339.00000000000006,339.00000000000006,339.00000000000006,339.00000000000006,339.00000000000006,0.0,339.0
00-0033106,QB,2023,DET,17,17,17,0.8860294117647058,237,284.9,284.9,284.9,284.9,284.90000000000003,5.684341886080802e-14,284.90000000000003
00-0033119,QB,2023,WAS,17,17,3,0.6649159663865546,237,59.91097962260692,77.3062475244639,97.16744066399153,115.69736837000582,79.51530243563936,27.376564782807943,22.9
00-0033275,QB,2023,CLE,17,17,6,0.2990196078431373,237,22.46022376911011,30.886675422278657,41.61845769330832,53.038251322936304,33.05568154207814,14.868492192315959,19.9
00-0033319,QB,2023,MIN,17,17,5,0.2963235294117647,237,68.51230905951088,78.01244408707427,89.5391337298458,101.48438671259007,80.23025279010427,16.165370738093785,66.60000000000001
00-0033357,QB,2023,NO,17,17,16,0.9294117647058824,237,140.3634091792048,143.5,149.3748810231946,154.1825249442462,144.83526121286857,7.095274631092931,143.5
00-0033537,QB,2023,CLE,17,17,6,0.7580882352941176,237,190.48337686225398,211.25232336635185,234.23022934509697,256.8845956325617,213.28159873015838,32.917387588471655,80.9
00-0033662,QB,2023,DAL,17,17,7,0.22647058823529412,237,0.15773578927790588,4.765553891409752,13.480063254515105,22.23242836696351,7.146524899460139,11.355708540555925,3.2
00-0033869,QB,2023,PIT,17,17,5,0.673406862745098,237,112.9101811256909,129.67846250691625,149.76601224039368,169.43803494074436,132.17710719555652,28.33757428259706,46.699999999999996
00-0033873,QB,2023,KC,17,17,16,0.8431372549019608,237,285.81219836972605,291.9625211693245,297.2942878310769,303.40425784984404,292.03165791743896,8.585193655981282,280.1
00-0033936,QB,2023,JAX,17,17,7,0.29558823529411765,237,19.94613316888671,26.780905963574508,36.943092378511814,47.00323183535646,29.02317766016013,13.725436033533613,21.5
00-0033949,QB,2023,ARI,17,17,13,0.16299019607843138,237,191.9,200.44681851387676,210.7634195652126,221.5672435616523,203.2222600811628,13.173502048775877,196.5
00-0033958,QB,2023,CHI,17,17,2,0.16838235294117648,237,-0.4,4.667935434273861,14.75256041052937,25.006255255142314,7.414865241786172,12.789374601397563,-0.4
00-0034177,QB,2023,NYJ,17,17,3,0.2601102941176471,237,12.063583965909256,20.744222858001127,32.64715754693099,44.054593828614294,23.31660203543586,15.765160595817322,10.9
00-0034401,QB,2023,MIA,17,17,6,0.23529411764705882,237,4.027245613804232,12.53806985909976,22.60709091739607,34.3824568738903,14.991477521540427,14.51328839421424,2.0999999999999988
00-0034438,QB,2023,ATL,17,17,1,0.23529411764705885,237,-2.91561982111089,5.06675190271894,15.871283375427518,26.759578578079626,6.959862048346112,14.63987974325365,-0.3
00-0034577,QB,2023,BUF,17,17,7,0.28161764705882353,237,-3.5265845379575365,2.9184678743653807,12.104730733657973,21.73372113292803,4.746428215001288,12.854917617898867,-1.2999999999999998
00-0034771,QB,2023,PIT,17,17,4,0.3455882352941177,237,55.48180631764333,67.31432190356789,80.33853761467947,94.01035337386797,68.93445499304633,18.696770050183822,39.6
00-0034796,QB,2023,BAL,17,17,16,0.8823529411764707,237,342.6370403686503,347.42745817714945,353.4146604739369,359.3380039182717,347.21753717758577,9.539779522155797,329.2
00-0034855,QB,2023,TB,17,17,17,0.8808823529411764,237,270.0,270.0,270.0,270.0,270.0,0.0,270.0
00-0034857,QB,2023,BUF,17,17,17,0.95,237,388.9,388.9,388.9,388.9,388.8999999999999,5.684341886080802e-14,388.90000000000003
00-0034869,QB,2023,SF,17,17,10,0.6867647058823529,237,29.524272017193894,41.38021011092067,55.35535546871134,68.27724275878658,42.93407888687544,19.067846775528377,23.299999999999997
00-0034955,QB,2023,LA,17,17,2,0.16053921568627452,237,6.8,13.54236776653897,23.21838462497694,33.77207389990091,16.15301342341091,12.838030015232489,6.8
00-0035100,QB,2023,CIN,17,17,9,0.88,237,168.27246607160208,183.52063984648743,199.76043308464375,216.41034878803362,184.93189778169028,23.735434936807046,142.5
00-0035228,QB,2023,ARI,17,17,8,0.8823529411764706,237,237.9464379713841,255.9664166007904,277.19318452929645,296.25378475091054,258.08550024089055,29.25733344929654,144.4
00-0035264,QB,2023,DEN,17,17,3,0.2610294117647059,237,41.26574314417082,53.05771553950504,67.83002961811965,81.79099051857423,55.55491793499421,19.603960194178274,26.7
00-0035282,QB,2023,LAC,17,17,5,0.0625,237,67.6,67.6,74.51148108313457,82.35850910268289,71.64514450636685,7.890236434262994,67.6
00-0035289,QB,2023,IND,17,17,16,0.5064338235294118,237,192.2,192.2,194.42740655720542,201.417943236693,193.73697493468742,5.564423343291132,192.2
00-0035704,QB,2023,SEA,17,17,4,0.49264705882352944,237,63.045444381523154,79.29524959023041,95.71709057070156,114.252008280062,81.13704114672079,25.12886290948949,29.1
00-0035710,QB,2023,NYG,17,17,6,0.8336397058823529,237,147.5047123870883,167.21290435875113,186.98355167533427,207.04220056862636,168.47706426726637,30.299809590103315,57.00000000000001
00-0035993,QB,2023,BAL,17,17,5,0.3333333333333333,237,38.830213803321016,51.41413273986653,64.8762576741158,79.08066833812383,53.257686225441475,19.804865167221887,25.6
00-0036212,QB,2023,MIA,17,17,17,0.7181372549019608,237,272.40000000000003,272.40000000000003,272.40000000000003,272.40000000000003,272.40000000000003,0.0,272.40000000000003
00-0036264,QB,2023,GB,17,17,17,0.29411764705882354,237,315.0999999999999,315.0999999999999,315.0999999999999,315.0999999999999,315.1,1.1368683772161603e-13,315.1
00-0036355,QB,2023,LAC,17,17,13,0.9791666666666666,237,283.8155255049446,293.7959374606304,307.6525429350345,316.5601349138003,295.17205349502177,17.057703566447348,232.20000000000002
00-0036389,QB,2023,PHI,17,17,17,0.9595588235294118,237,356.8999999999999,356.8999999999999,356.8999999999999,356.8999999999999,356.8999999999999,0.0,356.90000000000003
00-0036442,QB,2023,CIN,17,17,10,0.875,237,235.9766835139427,252.1477118454399,270.2877689889968,288.3274750947493,253.8181166142519,26.418706849504375,147.2
00-0036879,QB,2023,IND,17,17,1,0.20588235294117646,237,12.113020226398199,23.295601628607987,37.2972504441988,50.271806908459034,26.013055151623412,18.29897639507451,0.0
00-0036898,QB,2023,HOU,17,17,6,0.8235294117647058,237,104.0714365895117,123.18141511637822,143.72264853663694,162.79068095027722,124.83729108168546,30.345953743248295,15.9
00-0036928,QB,2023,TB,17,17,2,0.058823529411764705,237,-0.1,-0.1,8.19246208216637,17.183642642770486,4.678574600393164,9.130547227904492,-0.1
00-0036945,QB,2023,CHI,17,17,13,0.7941176470588236,237,259.23526567936653,270.6097409471055,284.8059546447436,297.07745942639843,272.1545547975082,17.682558392848875,230.09999999999997
00-0036971,QB,2023,JAX,17,17,16,1.0,237,270.6112045620447,274.1264683486658,279.1882537463191,284.9971270364007,275.08680841632406,7.143226663345723,260.6
00-0036972,QB,2023,NE,17,17,11,0.9117647058823529,237,155.5640464348204,167.90943451292077,183.9625749746191,198.43728377990357,170.45897963219704,21.187075629072623,106.29999999999998
00-0037013,QB,2023,NYJ,17,17,12,0.6470588235294117,237,131.845826417276,142.29685578035517,154.01461274362762,166.0504094209758,143.8645109269521,16.691311530924402,115.80000000000001
00-0037077,QB,2023,WAS,17,17,17,0.058823529411764705,237,253.59999999999994,253.59999999999994,253.59999999999994,253.59999999999994,253.59999999999994,0.0,253.60000000000002
00-0037834,QB,2023,SF,17,17,16,0.7058823529411765,237,295.6,307.88066849527814,313.1775407679763,319.8322363610778,306.9550641412218,9.568403545535494,295.6
00-0038102,QB,2023,PIT,17,17,12,0.7647058823529411,237,141.91175084641952,154.85638623683622,168.26342531992117,181.3576649544401,156.01796081354982,19.18231223667523,110.19999999999999
00-0038108,QB,2023,NE,17,17,10,0.23529411764705882,237,71.30354542980794,79.87856781601947,89.56771935300816,100.30847703991661,82.38274600915425,13.46266691326576,69.19999999999999
00-0038122,QB,2023,ATL,17,17,15,0.23529411764705882,237,177.1,177.1,182.25432397027078,190.46297324894067,180.53338834879023,6.681387649414433,177.1
00-0038128,QB,2023,TEN,17,17,3,0.47058823529411764,237,31.43558360882158,47.12614227691981,63.62239471648889,80.17331295113854,48.66362303504423,24.478309332627497,3.1
00-0038416,QB,2023,CHI,17,12,5,0.88,237,113.4877556447035,127.8105481021716,144.38287657146714,161.7963139039212,129.67504595352986,23.650031919420766,53.300000000000004
00-0038476,QB,2023,NYG,17,10,9,0.88,237,96.34030658681554,101.30819551221457,106.19517728252131,112.92513899081433,102.11753216343244,7.572388352235685,93.5
00-0038579,QB,2023,LV,17,14,11,0.88,237,124.44378923617182,131.6911829198435,140.92713714776272,150.4041464814055,133.0429468541427,12.639715162672061,125.79999999999998
00-0038582,QB,2023,ARI,17,11,7,0.88,237,7.323469751002064,16.672248621244393,27.81201814802094,37.2497691277947,18.04027890250006,15.259362973427143,5.499999999999999
00-0038583,QB,2023,CLE,17,15,8,0.88,237,25.51470921021089,38.66079948816731,54.02498660938624,68.48491762041107,40.32720244449362,20.79749592665769,20.1
00-0039150,QB,2023,CAR,17,17,16,0.88,237,159.648082245797,164.87986357874502,170.08458196207428,176.2282859469714,165.1324662973431,8.369215532157995,152.5
00-0039152,QB,2023,TEN,17,11,9,0.88,237,113.14189437883353,120.397010695357,127.9499397690436,135.82221054543294,121.09542536428818,11.098320922771833,100.1
00-0039163,QB,2023,HOU,17,17,15,0.88,237,291.27930616067033,299.32202617072664,307.29592046476154,315.5526888480864,299.6347358500037,12.207435309459102,273.1
00-0039164,QB,2023,IND,17,17,4,0.88,237,219.78028065047533,243.12059213925374,268.0814230763193,294.43461362314775,245.18474777644266,36.79965190981206,68.6
00-0023459,QB,2024,NYJ,17,17,17,0.7963643790849673,318,252.6,252.6,252.6,252.6,252.59999999999994,5.684341886080802e-14,252.60000000000002
00-0026158,QB,2024,IND,17,17,8,0.7332261029411765,318,143.5780842866654,159.9143698432476,177.63017254596144,195.10147333243782,161.73231095517934,25.367233991487304,99.19999999999999
00-0026300,QB,2024,BAL,17,17,6,0.2771139705882353,318,-0.42989379664864524,6.706286087324463,16.37446066509648,25.882471394118028,8.416387119401511,13.39234197903755,0.7
00-0026498,QB,2024,LA,17,17,16,0.8522058823529411,318,223.2466800440342,229.15565678950594,235.0992600249499,240.72354145487816,228.99336743401207,9.069884669522756,214.60000000000002
00-0027973,QB,2024,CAR,17,17,6,0.8017533936651584,318,139.49137475828292,158.61056391157257,180.34000141667553,200.64820201824665,160.53469371043448,30.43204201377424,58.9
00-0028118,QB,2024,NYJ,17,17,2,0.41119909502262453,318,47.08955341151897,62.46503257175775,78.15112350452247,97.51043074108136,64.33155008709714,24.280000599710448,18.0
00-0029263,QB,2024,PIT,17,17,11,0.965686274509804,318,238.95697061757977,251.03479285691276,266.2226943340336,278.50036494283734,252.48194909515848,20.730643921704868,172.79999999999998
00-0029604,QB,2024,ATL,17,17,14,0.7778799019607843,318,196.7510107078237,206.7523968134396,217.01650822825872,228.58704689651293,207.8847705068761,15.551249080481071,176.3
00-0030565,QB,2024,SEA,17,17,17,0.4658088235294118,318,266.1,266.1,266.1,266.1,266.09999999999997,5.684341886080802e-14,266.1
00-0031280,QB,2024,NO,17,17,10,0.9702205882352942,318,222.02369328920565,237.37648547549776,254.94230740732573,270.7184874710139,239.14713879880344,23.459977611920422,149.0
00-0031345,QB,2024,LA,17,17,1,0.49338235294117655,318,75.14067381948686,92.34559657816975,112.54997842770868,130.79771557728012,94.29821782542396,28.13308401582206,19.9
00-0031503,QB,2024,CLE,17,17,12,0.6437908496732027,318,136.46727522625832,147.26606517013158,159.29657048571067,171.8497338553792,148.72384767697892,17.181387207405812,123.19999999999999
00-0031800,QB,2024,LAC,17,17,4,0.3866421568627451,318,18.738885772672695,31.130885140898314,47.323063915788836,62.9320853259024,34.063091271344895,21.694362112571902,3.2
00-0032268,QB,2024,WAS,17,17,3,0.625,318,71.71884801256624,88.83118995608751,107.13569954875561,124.20253791329063,90.90974542262109,26.452367347890295,45.7
00-0032434,QB,2024,SF,17,17,3,0.22886029411764708,318,7.79881529834775,16.80594855714227,26.32157183906691,37.36578257456922,18.45426126534769,14.583568588433122,6.4
00-0032436,QB,2024,WAS,17,17,1,0.28161764705882353,318,2.702064875862642,12.990952633583962,25.075629233301676,37.62041997094875,14.813838122727029,17.126633968323283,0.0
00-0032950,QB,2024,KC,17,17,3,0.7247242647058824,318,44.67521764901335,62.40300658217045,84.01662252967412,103.16610705467222,65.07892675954787,29.925737799965177,4.7
00-0033077,QB,2024,DAL,17,17,8,0.8920036764705882,318,220.00516795316497,238.83075209517693,260.49558283278895,279.49780578905376,240.8191987969466,29.497840508423092,116.5
00-0033106,QB,2024,DET,17,17,17,0.9002757352941176,318,322.50000000000006,322.50000000000006,322.50000000000006,322.50000000000006,322.50000000000006,0.0,322.5
00-0033119,QB,2024,NE,17,17,8,0.6038602941176471,318,94.05281370269518,110.9919545790609,129.77072213706515,146.75914496933976,112.59438149765761,26.196009637837157,43.2
00-0033319,QB,2024,MIN,17,17,4,0.2959558823529412,318,10.781514706839742,22.46048986271284,34.83182899730045,48.901705792560996,23.788675647506267,18.734774772383442,1.4000000000000001
00-0033357,QB,2024,NO,17,17,8,0.931372549019608,318,148.77674028317472,166.19108567400406,184.4514254960978,200.64367162631092,167.22539879528742,26.511862116112614,102.30000000000001
00-0033537,QB,2024,CLE,17,17,7,0.6905637254901961,318,160.8613337735639,180.73468324839257,202.13779819962875,224.64074706178366,182.30591700724207,31.810527845186353,74.6
00-0033662,QB,2024,DAL,17,17,12,0.25735294117647056,318,107.59999999999998,109.07283472048523,117.50125480538362,125.6097139402036,112.49963667720277,9.949560635061447,107.60000000000001
00-0033869,QB,2024,BUF,17,17,9,0.6192226890756302,318,21.62310702508352,32.8906613613013,45.99683605846095,58.100676825701285,34.5230835383753,18.60434509173756,15.3
00-0033873,QB,2024,KC,17,17,16,0.8655462184873949,318,292.15626430623513,297.4194949973554,303.0029011267518,308.9116560953002,297.4026247691464,8.738540756901564,282.90000000000003
00-0033949,QB,2024,SF,17,17,2,0.3134191176470588,318,72.83732222255303,92.23602524991851,111.65842012309479,130.12977791785121,93.79302991483803,28.863397700374684,30.799999999999997
00-0034177,QB,2024,MIA,17,17,3,0.2433823529411765,318,26.029261503065474,36.88442883580716,50.288579579638274,64.32545241827629,39.47418353462865,18.37936258241573,14.0
00-0034401,QB,2024,BUF,17,17,1,0.2745098039215686,318,-6.819904508651148,3.0087342793961986,13.189136876269853,24.46994223216561,3.7027783075229346,15.987731865339631,1.1
00-0034577,QB,2024,PIT,17,17,1,0.30330882352941174,318,0.8,10.841642750596652,22.877139255899092,34.619362959670134,12.415325203223448,16.828589286129965,0.8
00-0034771,QB,2024,TEN,17,17,8,0.33272058823529416,318,108.90296269963306,120.02254453333826,133.9705459949295,147.95005014002925,122.68176753308592,18.886914873821034,93.8
00-0034796,QB,2024,BAL,17,17,17,0.9019607843137255,318,428.4,428.4,428.4,428.4,428.39999999999986,1.1368683772161603e-13,428.4
00-0034855,QB,2024,TB,17,17,17,0.9007352941176471,318,363.80000000000007,363.80000000000007,363.80000000000007,363.80000000000007,363.8000000000001,5.684341886080802e-14,363.8
00-0034857,QB,2024,BUF,17,17,17,0.9583333333333334,318,370.4,370.4,370.4,370.4,370.3999999999999,5.684341886080802e-14,370.4
00-0034869,QB,2024,MIN,17,17,17,0.670343137254902,318,307.8,307.8,307.8,307.8,307.8000000000001,1.1368683772161603e-13,307.80000000000007
00-0035100,QB,2024,CIN,17,17,3,0.5294117647058824,318,64.2793909222244,86.44530338219207,108.79095060355787,130.74175339170378,87.91367718165294,32.21687195397758,-0.2
00-0035228,QB,2024,ARI,17,17,17,0.8,318,295.4,295.4,295.4,295.4,295.4,0.0,295.4
00-0035264,QB,2024,DEN,17,17,3,0.23988970588235298,318,13.51898797445523,24.726002873141574,38.34321292192915,51.773410010184705,27.291623467659097,19.053750998088024,0.49999999999999994
00-0035289,QB,2024,LV,17,17,10,0.5933823529411765,318,126.45456174953667,141.78619189454278,158.05293550612353,172.0623339165836,143.34657499871227,23.00550352021723,94.50000000000001
00-0035704,QB,2024,NYG,17,17,7,0.4283088235294118,318,93.24744814308555,106.58704924179439,120.3375307412293,135.11931615103268,108.40245553712856,20.221916728360945,78.10000000000001
00-0035710,QB,2024,NYG,17,17,10,0.7375,318,179.15798260569738,193.77834058428837,211.19069888084172,228.90636120739597,196.24254040022603,23.871322036712066,135.3
00-0035993,QB,2024,MIA,17,17,5,0.3235294117647059,318,82.81829640858254,97.22658261356504,112.8546847160624,128.8377403715936,98.99678244164815,22.30098008937259,60.7
00-0036212,QB,2024,MIA,17,17,11,0.7886029411764706,318,233.81154400825943,248.75653393073912,265.9745343178471,281.76936376582415,250.12378030448377,24.12164833331536,177.50000000000003
00-0036264,QB,2024,GB,17,17,15,0.5294117647058824,318,236.30782687209955,247.52790461612506,259.8369040813222,270.5352838998149,248.86635895171239,16.168486587834607,227.89999999999998
00-0036355,QB,2024,LAC,17,17,17,0.9255514705882353,318,279.6,279.6,279.6,279.6,279.59999999999997,5.684341886080802e-14,279.59999999999997
00-0036389,QB,2024,PHI,17,17,15,0.9696691176470589,318,349.19410943348794,355.68143220089433,363.7332791655941,371.4882184806949,356.2937024762207,11.656563235741784,315.0
00-0036442,QB,2024,CIN,17,17,17,0.8033088235294118,318,372.90000000000003,372.90000000000003,372.90000000000003,372.90000000000003,372.8999999999999,1.1368683772161603e-13,372.90000000000003
00-0036898,QB,2024,HOU,17,17,4,0.6862745098039215,318,16.04536614285302,31.20165935162961,49.722178583933974,66.39583873485657,33.595258737136575,24.916659288569072,9.600000000000001
00-0036928,QB,2024,TB,17,17,4,0.08823529411764705,318,-0.5252966708165816,-0.2,7.125411434931763,14.533215495732087,2.8549864936408635,8.74050018747755,-0.2
00-0036945,QB,2024,PIT,17,17,10,0.7843137254901961,318,167.64721651745023,182.28404300617999,198.85893050852957,216.29754237795578,184.32861792850983,23.803860687205287,119.1
00-0036971,QB,2024,JAX,17,17,10,0.9803921568627452,318,232.37314439224394,247.8067700309081,265.6565635344555,281.6612943551709,249.40898911524076,23.69706822964685,139.7
00-0036972,QB,2024,JAX,17,17,10,0.823529411764706,318,135.09404480374855,150.06540410013065,165.55490792589237,180.56525406223022,151.26237948367765,22.582141254212075,94.10000000000001
00-0037012,QB,2024,DAL,17,17,4,0.23529411764705882,318,18.661383155142914,29.095036076166036,41.214011900457734,54.44498180957452,31.411712929482018,16.565065551925027,12.700000000000001
00-0037077,QB,2024,SEA,17,17,2,0.5294117647058824,318,38.402554605117075,55.55935410311231,74.9137307828693,93.92039390009337,57.81810846906855,27.00280884795966,-0.8
00-0037324,QB,2024,KC,17,1,1,0.88,318,0.5,0.5,0.5,0.5,0.5,0.0,0.5
00-0037327,QB,2024,MIA,17,17,3,0.47058823529411764,318,30.519947647051698,43.864711964941336,59.83708203248885,75.12093193055674,46.08281859789235,22.15988552063203,7.9
00-0037834,QB,2024,SF,17,17,15,0.8529411764705883,318,286.4759591783197,294.97570396491153,303.2796089332442,311.966935245849,295.17259386555827,12.409379430909235,267.0
00-0038102,QB,2024,PHI,17,17,5,0.7352941176470589,318,66.24563537574409,82.65986068769064,101.43998329306697,120.75715366334194,84.96466859986889,27.220824192378213,25.1
00-0038108,QB,2024,CLE,17,17,1,0.4117647058823529,318,41.5194378431295,56.40521110356677,74.01091027623258,92.9805423975478,59.25144557612972,25.066535564302963,7.0
00-0038122,QB,2024,LV,17,17,5,0.5588235294117647,318,69.05450473193375,86.82212416926744,105.64292298218461,124.47016901416791,88.20183025262891,27.47208960897788,21.9
00-0038128,QB,2024,GB,17,17,7,0.3235294117647059,318,54.20873166063141,63.290070213690925,73.59967947878894,84.21254342037406,65.01518421764783,14.981883527013958,51.800000000000004
00-0038400,QB,2024,PHI,17,2,2,0.88,318,28.9,28.9,28.9,28.9,28.89999999999999,7.105427357601002e-15,28.9
00-0038416,QB,2024,CHI,17,17,4,0.29411764705882354,318,18.227845252429173,30.108731738080124,45.559873793374216,60.67501869063472,33.14653260399663,20.61634038672675,-0.29999999999999993
00-0038476,QB,2024,NYG,17,17,3,0.5294117647058824,318,48.05988158727013,64.31972782513265,81.98486590273225,98.64737903583384,66.17169356041573,25.577629347926376,13.5
00-0038579,QB,2024,LV,17,17,9,0.6470588235294118,318,120.14686673067015,132.93849170401234,147.63795128456456,161.56645080423996,135.13419803265757,20.97430465833749,93.7
00-0038582,QB,2024,ARI,17,17,6,0.4117647058823529,318,-3.3687784368869256,6.536964495724153,18.16250366091512,29.95841582727873,8.266101725028623,17.03108468043236,-2.0999999999999996
00-0038583,QB,2024,CLE,17,17,7,0.47058823529411764,318,17.325541071424468,28.19765975926053,39.73381509433085,53.944566116505726,29.572155670234437,17.586216283032368,15.8
00-0038998,QB,2024,NO,17,17,8,0.88,318,15.481704423877009,30.58031537432771,47.93600239948188,63.37769120525884,32.04954208247314,24.327804805079918,13.3
00-0039150,QB,2024,CAR,17,17,14,0.9411764705882353,318,212.95592512406816,220.73541389960315,230.5583778715403,240.25677997001264,222.23325168116395,13.529509939103361,194.8
00-0039152,QB,2024,TEN,17,17,12,0.5294117647058824,318,135.96779906567838,147.77961052893463,161.04836049067887,173.80751935708193,149.59477854181893,18.581746672928038,118.0
00-0039163,QB,2024,HOU,17,17,17,1.0,318,220.4,220.4,220.4,220.4,220.40000000000006,5.684341886080802e-14,220.4
00-0039164,QB,2024,IND,17,17,11,0.23529411764705882,318,165.1915151393631,175.35603977494966,186.17432251389522,198.5708936394241,177.7077789341533,14.786485843443048,161.5
00-0039376,QB,2024,NO,17,12,7,0.88,318,98.18979638880525,109.34508188566502,122.3590999997286,135.75236959079692,110.99998809006793,18.567071787817106,67.2
00-0039398,QB,2024,NE,17,1,1,0.88,318,19.2,19.2,19.2,19.2,19.199999999999992,7.105427357601002e-15,19.2
00-0039732,QB,2024,DEN,17,17,17,0.88,318,317.09999999999997,317.09999999999997,317.09999999999997,317.09999999999997,317.1,5.684341886080802e-14,317.1
00-0039851,QB,2024,NE,17,15,13,0.88,318,187.17539914188845,194.43712096030941,202.39989656545166,210.19018998525735,195.21545752349888,11.623890872907168,173.10000000000002
00-0039910,QB,2024,WAS,17,17,17,0.88,318,349.7,349.7,349.7,349.7,349.6999999999999,1.1368683772161603e-13,349.7
00-0039917,QB,2024,ATL,17,11,5,0.88,318,60.95848520054588,72.94692811869405,85.58227223981652,99.40626036425476,74.11836543998824,19.59165527747022,44.2
00-0039918,QB,2024,CHI,17,17,17,0.88,318,248.5,248.5,248.5,248.5,248.5,0.0,248.50000000000003
00-0022942,QB,2025,IND,17,17,3,1.0,398,209.32755007547178,233.86957054422783,261.45241902628436,277.4810749060753,234.8525670362441,35.52001002412241,31.800000000000004
00-0023459,QB,2025,PIT,17,17,16,0.8070820433436532,398,231.97946570211104,238.96164428760386,243.86365036590192,250.31371139442135,238.91015076684943,8.32042572232356,227.89999999999998
00-0026158,QB,2025,CLE,17,17,13,0.7177768166089966,398,147.58250471108323,159.6471916801676,174.0849980929547,188.5738611696317,161.6483849959922,19.7446504662216,150.59999999999997
00-0026300,QB,2025,WAS,17,17,5,0.2855392156862745,398,20.046969614330028,27.717072990789497,37.5936698022431,48.72172261003079,29.34383178084153,14.41954025392767,26.4
00-0026498,QB,2025,LA,17,17,17,0.8614430147058824,398,358.3999999999999,358.3999999999999,358.3999999999999,358.3999999999999,358.3999999999999,0.0,358.4
00-0027973,QB,2025,CAR,17,17,4,0.7696953781512607,398,60.021580718557914,77.96558802189611,99.12397329054916,118.39652867892784,80.05505271489145,28.47951688740693,13.799999999999999
00-0028118,QB,2025,NYJ,17,17,6,0.39023109243697485,398,79.16716426688926,92.32543781190662,107.37768800171625,121.99615498864345,94.61156108761314,20.875721562593586,61.6
00-0029263,QB,2025,NYG,17,17,6,0.9457013574660634,398,86.71140689229372,107.87337515236379,125.8407339510613,145.87343863982616,107.91323832568037,28.63387650772863,49.8
00-0029604,QB,2025,ATL,17,17,10,0.7813914027149321,398,154.6469339779156,169.9163490240337,186.15889815059836,202.20287235195136,171.5347910884014,23.62235152433389,106.6
00-0030565,QB,2025,LV,17,17,15,0.5143716577540107,398,174.90294255753776,184.37185568930255,192.99514384394377,201.8489957523389,186.28784398517902,11.142639556880733,174.5
00-0031237,QB,2025,TB,17,17,4,0.48897058823529405,398,5.275740673291091,17.9039663927311,31.621465505738342,45.77137760621988,19.46414997382284,20.42332016521323,3.1
00-0031345,QB,2025,LA,17,17,3,0.4538770053475936,398,16.987896098114014,30.939455448933224,46.015182185091064,61.37908738972764,32.731191247218,22.071727086825163,0.0
00-0031503,QB,2025,NYG,17,17,3,0.6500000000000001,398,110.70247149876276,130.6457552774056,151.92257997719327,172.12655583723358,132.5304023839069,30.49982863583745,45.4
00-0032268,QB,2025,WAS,17,17,11,0.5919117647058824,398,137.30751450438643,147.9627953714089,160.05682111605688,171.51397414778768,149.43419712281477,16.698061162485274,130.0
00-0032434,QB,2025,TEN,17,17,1,0.2183823529411765,398,4.491022387999717,14.020393305511227,25.908391143607695,36.901397755046744,15.963318698482723,15.590754217540658,0.9
00-0032950,QB,2025,MIN,17,17,5,0.6638071895424837,398,141.65943390256865,161.17555145044773,183.46823327818845,207.26063993042663,163.81570260972774,32.24242904901972,68.3
00-0033077,QB,2025,DAL,17,17,17,0.8451797385620915,398,313.0,313.0,313.0,313.0,313.0,0.0,312.99999999999994
00-0033106,QB,2025,DET,17,17,17,0.9113562091503269,398,307.90000000000003,307.90000000000003,307.90000000000003,307.90000000000003,307.9,5.684341886080802e-14,307.90000000000003
00-0033119,QB,2025,ARI,17,17,14,0.5890522875816994,398,230.67608144512266,235.2791988710735,243.54453706317744,251.31697765882714,237.36417227666013,10.82581128767975,233.49999999999997
00-0033319,QB,2025,JAX,17,17,5,0.2872899159663866,398,-0.798772001762406,7.393759544317831,17.376110030433956,27.287285818857864,8.735917746461334,14.408161756538059,0.7
00-0033357,QB,2025,NO,17,17,13,0.8655462184873951,398,67.38451044854045,78.1597288717507,90.30935185009099,101.3589015718774,79.45111783966148,16.66152926034403,43.800000000000004
00-0033662,QB,2025,BAL,17,17,4,0.32142857142857145,398,7.506343401794369,16.912085450494708,29.04658606113431,41.434174876854186,18.854840374197018,16.61431866568172,4.2
00-0033869,QB,2025,BUF,17,17,4,0.6153492647058824,398,35.39302549863247,49.027726915113966,65.74551377656954,83.80006401192047,51.35106974248665,23.646610356881194,29.900000000000002
00-0033873,QB,2025,KC,17,17,14,0.8823529411764706,398,320.33006562006386,331.83358313729883,342.66590029106396,353.3966516198734,331.67876126902013,16.582377653485654,282.40000000000003
00-0033949,QB,2025,NE,17,17,4,0.27426470588235297,398,16.464064024309813,28.278658432821487,42.77464574344895,57.49338083579487,30.709927772344205,19.301774523816697,2.8
00-0034577,QB,2025,DET,17,17,3,0.26838235294117646,398,-6.43973745717288,2.0447901399109796,12.817593185359062,23.722138666347984,3.528742708668023,15.625798738272252,0.0
00-0034771,QB,2025,PIT,17,17,5,0.3602941176470589,398,30.300880670491257,41.86666982444572,56.021630860275195,70.60957493254277,44.53147035251052,19.666898007454517,17.1
00-0034796,QB,2025,BAL,17,17,13,0.9159663865546219,398,281.333226956316,293.11817127065626,307.03738546481617,318.1476012706973,294.13311611800987,19.318778775143887,219.79999999999995
00-0034855,QB,2025,TB,17,17,17,0.9149159663865546,398,274.79999999999995,274.79999999999995,274.79999999999995,274.79999999999995,274.8000000000001,1.7053025658242404e-13,274.79999999999995
00-0034857,QB,2025,BUF,17,17,17,0.9642857142857143,398,370.50000000000006,370.50000000000006,370.50000000000006,370.50000000000006,370.50000000000006,0.0,370.5
00-0034869,QB,2025,SEA,17,17,17,0.717436974789916,398,244.70000000000002,244.70000000000002,244.70000000000002,244.70000000000002,244.69999999999993,8.526512829121202e-14,244.70000000000002
00-0034955,QB,2025,CIN,17,17,1,0.14981617647058823,398,0.0,5.421472485561697,14.98912207793877,25.36644218325281,8.0524878592382,12.760912056785635,0.0
00-0035100,QB,2025,CIN,17,17,5,0.35294117647058826,398,69.55424509141261,84.42667232243878,100.48592049810131,115.79535833670016,86.51700913027973,22.810737607634138,48.800000000000004
00-0035228,QB,2025,ARI,17,17,5,0.8333333333333334,398,191.94330075488836,214.019327746994,236.5464982376957,262.28830298622023,216.06651018159627,33.82255181222904,80.0
00-0035264,QB,2025,DEN,17,17,1,0.2272058823529412,398,-4.075393731160629,4.546789630669231,14.44535149111791,25.4681238595202,5.699804039906166,15.090795762597114,0.0
00-0035289,QB,2025,KC,17,17,4,0.5925245098039216,398,42.913125708572224,60.873241933561744,79.73033487211964,99.33098592497754,62.60555598812699,27.452907769136498,0.2999999999999998
00-0035704,QB,2025,SEA,17,17,5,0.425,398,12.773130177038663,24.658160632495125,39.67488718035718,55.69265645063075,27.37469916571749,20.37731069568705,0.6
00-0035710,QB,2025,IND,17,17,13,0.7126225490196078,398,255.7535287323891,267.9787739454414,280.65640439009746,293.3696133295325,269.20928705646634,18.316721009482794,230.79999999999998
00-0035993,QB,2025,BAL,17,17,5,0.31764705882352945,398,62.05001924050463,76.46432903094089,91.27925696821401,107.21085434517732,78.47739986955959,22.13129088413922,40.599999999999994
00-0036212,QB,2025,MIA,17,17,14,0.7602941176470588,398,174.8023358516836,183.2454086065821,192.6569947290547,203.15539794112232,184.63971585202333,13.725535927703424,160.9
00-0036264,QB,2025,GB,17,17,15,0.6323529411764706,398,246.24826521926133,253.93620291055913,263.6079254313446,274.42528849022216,255.47116144347947,13.389683748686046,236.5
00-0036355,QB,2025,LAC,17,17,16,0.9404411764705882,398,300.16815913725384,304.4018757190539,309.55531590528255,315.47448082781585,304.85876972469356,7.93914170276119,290.0
00-0036389,QB,2025,PHI,17,17,16,0.9757352941176471,398,322.3020561341656,325.89775088971385,331.1620701241709,337.2598762384345,326.68562892275884,7.781722294368138,308.5
00-0036442,QB,2025,CIN,17,17,8,0.8426470588235293,398,233.81134366105178,253.31253927181925,273.4928027305884,296.15322304289896,254.7604127838297,30.66804722552892,134.5
00-0036898,QB,2025,HOU,17,17,6,0.5735294117647058,398,86.5471990746164,100.8558507962175,117.84362983527694,133.68277051664145,102.97914627678276,22.928161981701056,66.89999999999999
00-0036945,QB,2025,NYJ,17,17,9,0.75,398,165.3367849829907,179.4998558430545,196.43135636698088,211.64269227671772,181.63012108318634,22.270495956227315,139.0
00-0036971,QB,2025,JAX,17,17,17,0.8823529411764707,398,343.1,343.1,343.1,343.1,343.1000000000001,5.684341886080802e-14,343.09999999999997
00-0036972,QB,2025,SF,17,17,11,0.7647058823529412,398,170.9086805255474,184.68975089602895,200.5150553182832,214.87631321978188,186.3145823300569,21.523653388147693,133.60000000000002
00-0037012,QB,2025,LAC,17,17,4,0.2352941176470588,398,10.481109562247482,17.061151201437873,26.638415344893467,36.355873760138664,18.885684075625182,13.42358089440421,15.8
00-0037013,QB,2025,MIA,17,17,4,0.6666666666666666,398,51.11940552444021,68.77230533086431,88.5485317963898,106.81949552772274,70.56724053278452,28.001418026204146,1.6
00-0037324,QB,2025,KC,17,17,3,0.058823529411764705,398,15.100000000000001,15.100000000000001,18.23494641025508,26.239267359658765,16.95208941789665,6.797210593583832,15.100000000000001
00-0037834,QB,2025,SF,17,17,9,0.8627450980392157,398,278.23901692258147,296.5077099589023,317.58020209238185,337.70971271206645,298.31311910558816,29.120186006587424,179.79999999999998
00-0038102,QB,2025,LV,17,17,6,0.6274509803921569,398,15.899154008830019,29.78452184544501,44.77403677410543,61.752818411407475,31.51194610612268,22.16473258779907,9.700000000000001
00-0038128,QB,2025,GB,17,17,4,0.35294117647058826,398,51.44184667554762,62.67559694250211,74.80686444313848,86.5582436615039,63.761239812517424,17.505989736549626,53.5
00-0038400,QB,2025,PHI,17,17,4,0.11764705882352941,398,14.100000000000001,18.977172061453274,28.339235663506642,38.328148173358755,22.34468016728638,11.623156764265062,14.100000000000001
00-0038416,QB,2025,CHI,17,17,3,0.2647058823529412,398,6.775696648298626,17.3779547763162,29.469148201613265,42.39297015142798,19.483665377627513,17.347676770107924,2.6
00-0038579,QB,2025,LV,17,17,1,0.5882352941176471,398,71.35340901989501,91.23641912222215,114.59705621225345,138.32656430562744,94.39803358606211,31.863324892797618,4.8
00-0038582,QB,2025,GB,17,17,2,0.38235294117647056,398,-8.451555815868627,2.914056721805445,15.88683424431129,28.4743857929518,4.391391320331754,18.672559870740734,2.0999999999999996
00-0039150,QB,2025,CAR,17,17,16,0.8823529411764706,398,232.4532918126134,236.99042688653873,242.43416801932528,248.23744975150856,237.54438567224523,8.072691175025476,225.8
00-0039163,QB,2025,HOU,17,17,14,1.0,398,242.9384230955277,250.93843155759924,261.47018928333034,270.33567687294914,252.3160951561781,13.704322292785788,209.2
00-0039164,QB,2025,IND,17,17,2,0.4411764705882353,398,15.676117671833628,30.166083159058587,46.448992585115825,63.103522809847476,32.131755489642735,23.187361022973302,2.5
00-0039376,QB,2025,NO,17,17,9,0.4117647058823529,398,115.46111375834003,125.91442875539494,138.073426830102,152.89998143716375,128.34474823133664,18.151401452936675,103.2
00-0039398,QB,2025,DAL,17,17,4,0.058823529411764705,398,12.2,12.2,18.89590929486821,26.9819128663389,16.07678755893632,8.08614818715344,12.2
00-0039732,QB,2025,DEN,17,17,17,1.0,398,302.5,302.5,302.5,302.5,302.5,0.0,302.5
00-0039851,QB,2025,NE,17,17,17,0.7647058823529411,398,356.5999999999999,356.5999999999999,356.5999999999999,356.5999999999999,356.6,1.1368683772161603e-13,356.59999999999997
00-0039910,QB,2025,WAS,17,17,7,1.0,398,286.7155771377548,305.36505425197606,325.6018563494602,341.87271749403595,305.8121867692518,27.19087981817875,116.6
00-0039917,QB,2025,ATL,17,17,9,0.29411764705882354,398,131.36319423237705,140.73854287428762,152.5710091230943,165.84872565330727,143.2891231377954,16.236891753617225,122.9
00-0039918,QB,2025,CHI,17,17,17,1.0,398,319.50000000000006,319.50000000000006,319.50000000000006,319.50000000000006,319.50000000000006,0.0,319.5
00-0039923,QB,2025,MIN,17,17,10,0.88,398,186.63806414797153,201.66975975406683,218.67403030124635,235.3798484631348,203.26071965518827,23.876303606697146,128.3
00-0040206,QB,2025,IND,17,10,5,0.88,398,36.96481901661003,48.46822133570279,60.19990403188342,71.12893842626424,49.25570870482472,17.523095099523992,33.4
00-0040234,QB,2025,MIA,17,11,4,0.88,398,43.4837551138266,57.605062706101776,73.03467024342007,87.53565795655457,59.01241779475333,21.520667332151355,33.4
00-0040398,QB,2025,NYJ,17,5,5,0.88,398,28.4,28.4,28.4,28.4,28.39999999999999,7.105427357601002e-15,28.4
00-0040494,QB,2025,MIN,17,15,7,0.88,398,9.072805381268743,22.821241055386828,39.81855869169698,55.36375257796794,24.92827409910912,23.312292677165065,6.7
00-0040668,QB,2025,CLE,17,8,8,0.88,398,87.2,87.2,87.2,87.2,87.20000000000003,2.842170943040401e-14,87.2
00-0040676,QB,2025,TEN,17,17,17,0.88,398,201.69999999999996,201.69999999999996,201.69999999999996,201.69999999999996,201.69999999999993,2.842170943040401e-14,201.7
00-0040691,QB,2025,NYG,17,16,14,0.88,398,255.4262977090283,262.2052167092511,270.7561428076474,279.8682533381967,263.6241914959475,11.607528119235328,244.00000000000003
00-0040704,QB,2025,CLE,17,16,10,0.88,398,105.70954019973274,118.79700357793173,132.31239571358643,146.93337466257137,119.80151734688968,20.231342870644472,70.1
00-0040743,QB,2025,NO,17,15,11,0.88,398,172.9592245736457,182.616759089048,194.4781307775032,204.8086694128351,184.07782721337813,15.714557488824688,161.1
00-0029239,RB,2023,LV,17,17,3,0.5665441176470588,454,11.049628908711126,21.713615793645722,34.87409083287719,49.03402230264898,24.10145518659223,18.424808969039006,9.1
00-0030513,RB,2023,BUF,17,17,16,0.8929738562091502,454,81.46948284442607,82.89999999999999,86.09646908613269,91.86717421435597,84.28592969872355,5.467826431326577,82.9
00-0030578,RB,2023,ATL,17,17,14,0.8628676470588236,454,46.058388335497355,51.58077668299656,58.749483907975666,67.55728694710156,53.57236869403408,11.261249220133214,36.9
00-0030874,RB,2023,ARI,17,17,3,0.7132352941176471,454,21.076050387476386,32.74707716027904,48.57184864310906,67.06724757232291,36.52141139046116,22.29518271479304,7.5
00-0031376,RB,2023,KC,17,17,12,0.9206932773109244,454,95.73240992800383,102.25353617073586,111.66312215529133,124.4128276466199,105.21202063859991,14.828724131861815,84.39999999999999
00-0031687,RB,2023,MIA,17,17,15,0.4642857142857143,454,267.70000000000005,276.9191275643204,283.72542699595465,290.6250179307176,278.0640388084965,9.845857610471027,267.70000000000005
00-0032104,RB,2023,LV,17,17,17,0.7274816176470589,454,41.0,41.0,41.0,41.0,41.0,0.0,41.00000000000001
00-0032144,RB,2023,BAL,17,17,4,0.8409926470588235,454,65.4865435006736,79.14694826738955,97.70448470516477,116.18809385586161,83.12737527475568,25.383742801879443,19.7
00-0032450,RB,2023,DEN,17,17,1,0.3492647058823529,454,-1.3630032085884713,6.719749050919633,17.102662739797815,29.26125035361837,9.05924838835804,14.846643702487858,0.0
00-0032764,RB,2023,TEN,17,17,17,0.9065126050420168,454,246.7,246.7,246.7,246.7,246.69999999999993,5.684341886080802e-14,246.7
00-0032975,RB,2023,WAS,17,17,1,0.32536764705882354,454,16.56651049412446,27.152908253620808,40.784986385885645,55.693735718690704,29.945416668126715,18.71934855852022,-0.2
00-0033045,RB,2023,NE,17,17,17,0.9375,454,174.5,174.5,174.5,174.5,174.5,0.0,174.5
00-0033118,RB,2023,BAL,17,17,3,0.8461134453781513,454,42.182381415266065,56.32427120780049,74.02648850289029,92.51215252645213,59.88075089192118,25.165153118151025,3.1
00-0033280,RB,2023,SF,17,17,16,0.7665441176470589,454,406.9442748020533,413.5473015005093,417.15364517428407,422.3992900587619,410.3563151743871,11.610706695088723,391.29999999999995
00-0033293,RB,2023,GB,17,17,11,0.886029411764706,454,179.55191529382174,189.1081825161616,201.0513772777153,213.33586120066585,191.17534199762378,17.43175475982994,134.89999999999998
00-0033296,RB,2023,WAS,17,17,7,0.5779411764705882,454,0.8772172903341177,8.815372059398204,19.638520987441353,31.02843104665843,11.184513338877746,15.09191682333542,4.3
00-0033308,RB,2023,NYG,17,17,17,0.8174019607843137,454,46.900000000000006,46.900000000000006,46.900000000000006,46.900000000000006,46.899999999999984,2.1316282072803006e-14,46.9
00-0033526,RB,2023,DEN,17,17,17,0.65625,454,121.3,121.3,121.3,121.3,121.29999999999997,2.842170943040401e-14,121.30000000000001
00-0033553,RB,2023,ARI,17,17,13,0.7861519607843137,454,227.49675355930052,236.15947250765515,246.05038966436612,254.7677620831414,237.33374805826344,14.522734111016945,201.5
00-0033699,RB,2023,LAC,17,17,14,0.8866421568627452,454,211.41582344689593,217.93396746734498,224.48363148360062,233.56286676519395,218.82446892607504,12.241850524990209,185.4
00-0033854,RB,2023,HOU,17,17,8,0.6316176470588235,454,32.36138193995116,42.66849526099406,55.79607368614967,69.51261717782,45.098177630352005,18.61255337618094,7.3
00-0033856,RB,2023,BUF,17,17,2,0.8768382352941178,454,88.43923445170891,105.55670682273893,125.29488865201176,144.6519696259863,108.5507018480171,28.13072702747287,4.0
00-0033893,RB,2023,NYJ,17,17,15,0.7530637254901961,454,42.270066754842695,45.92416908765894,50.91205894931214,58.955412495944,47.74962808313192,8.261938803728354,40.199999999999996
00-0033897,RB,2023,CIN,17,17,17,0.8541666666666666,454,265.0,265.0,265.0,265.0,265.0,0.0,265.0
00-0033906,RB,2023,NO,17,17,13,0.9215686274509803,454,271.9768194686344,280.38477128479093,288.94056594464143,299.66662815795246,281.41462448942985,15.017857499303169,227.0
00-0033923,RB,2023,CLE,17,17,15,0.7763480392156863,454,123.38153690731463,127.93302886808883,132.94651691251633,139.99344088443442,129.1808462955607,8.466276057914769,118.5
00-0033925,RB,2023,CHI,17,17,9,0.5125,454,110.78787891528107,121.18013644903571,133.51414734353844,144.85438567783086,123.30734643004664,17.0780309146598,91.20000000000002
00-0033948,RB,2023,NO,17,17,13,0.9399509803921569,454,96.66691503417123,102.95986650154254,111.35465929338993,123.06893418040781,104.92799334592755,13.737160709750569,60.8
00-0034115,RB,2023,MIA,17,17,10,0.6308823529411764,454,74.462500421377,85.41311284356001,97.83743498482036,114.46032628054604,87.36901807599234,18.93649015075223,41.300000000000004
00-0034184,RB,2023,BAL,17,17,17,0.823529411764706,454,185.0,185.0,185.0,185.0,185.0,0.0,185.0
00-0034208,RB,2023,HOU,17,17,9,0.3852941176470588,454,10.322459596090633,14.97824220477876,22.97047798246186,32.93973337743689,17.444810549437594,11.364235104760526,13.3
00-0034414,RB,2023,PHI,17,17,11,0.8088235294117647,454,22.083379260279646,29.606788403155253,39.400519554481946,52.923508831464545,32.21462013192985,14.571542613354852,17.8
00-0034614,RB,2023,ATL,17,17,2,0.3235294117647059,454,-3.7337228939811276,3.2585024780229253,13.291894321323866,23.03853328491777,5.532779188145392,13.967296814328776,0.0
00-0034681,RB,2023,TB,17,17,13,0.8308823529411764,454,41.72315444460722,47.491326963279974,55.70983306978633,65.72507499729483,49.75811412392441,11.762022919598403,39.699999999999996
00-0034750,RB,2023,PHI,17,17,3,0.48235294117647054,454,35.93215430546958,48.08784209991788,63.439538927373334,77.15158654558948,50.6024947736152,20.636625802102866,4.800000000000001
00-0034791,RB,2023,CLE,17,17,2,0.9294117647058823,454,177.47983572964472,195.5867450522731,216.28935172917937,239.51804526788172,198.88083367989597,30.266984859646684,23.1
00-0034838,RB,2023,LA,17,17,9,0.7625,454,77.68227925460283,88.99915260303169,102.2707101669339,115.90334788715177,90.89329995643199,19.153281362209373,46.2
00-0034844,RB,2023,NYG,17,17,14,0.7404411764705883,454,240.5537350789964,249.63817225491835,257.32924828936797,266.07636481336385,249.669334004973,13.350703323033796,221.2
00-0034972,RB,2023,MIN,17,17,16,0.9090073529411764,454,138.99615848702177,141.4561452489623,144.54310457689255,149.93485438862993,142.1236927428823,6.248433373579963,133.2
00-0034975,RB,2023,BAL,17,17,16,0.8627450980392156,454,109.3,111.89742745821164,115.35157950266907,120.60097218663002,113.33108287153387,5.874234917015398,109.3
00-0035184,RB,2023,DET,17,17,2,0.2141544117647059,454,-0.5621521458012141,3.960272619303123,12.033142367307399,20.228434846032822,6.279666814712314,10.783807661851405,2.3
00-0035243,RB,2023,CAR,17,17,16,0.8786764705882353,454,92.98748997904728,96.12646855891015,99.32080725053056,104.39836151061824,96.62836057705974,6.461142032107722,87.60000000000001
00-0035250,RB,2023,HOU,17,17,17,0.9411764705882353,454,167.3,167.3,167.3,167.3,167.3,0.0,167.3
00-0035261,RB,2023,DAL,17,17,17,0.9696691176470589,454,220.6,220.6,220.6,220.6,220.59999999999994,5.684341886080802e-14,220.6
00-0035273,RB,2023,PIT,17,17,1,0.2426470588235294,454,1.622291451109295,8.241532811972625,17.813747849128134,29.458633548402116,11.210037319952528,13.419764621631227,0.0
00-0035291,RB,2023,CIN,17,17,17,0.26378676470588236,454,14.899999999999999,14.899999999999999,14.899999999999999,14.899999999999999,14.900000000000004,5.329070518200751e-15,14.900000000000002
00-0035537,RB,2023,BUF,17,17,8,0.8189338235294118,454,63.18376369171166,74.04874772342195,88.47149443978898,104.49137246103471,76.97298932159445,19.723928237550293,32.4
00-0035567,RB,2023,DET,17,17,14,0.275735294117647,454,31.526224567342638,31.6,33.686966018594184,40.26647038574418,33.218451088359615,6.069787000764305,31.599999999999998
00-0035594,RB,2023,CHI,17,17,3,0.5735294117647058,454,8.602371317970553,20.416546679997563,33.30822128237584,47.80447797275733,22.447829660943135,18.635705520654607,0.0
00-0035628,RB,2023,JAX,17,17,17,0.5808823529411764,454,34.8,34.8,34.8,34.8,34.800000000000004,7.105427357601002e-15,34.800000000000004
00-0035657,RB,2023,BUF,17,17,6,0.5680147058823529,454,29.72541880029747,39.36380324419362,51.52033959192619,64.40414524217505,42.07172489198185,17.343997268018278,19.000000000000004
00-0035664,RB,2023,LA,17,17,4,0.6838235294117647,454,100.2947415800868,116.1994549798572,133.67523355241838,151.06284255846472,118.16786222327039,24.687266859911826,43.5
00-0035685,RB,2023,DET,17,17,14,0.911764705882353,454,227.06536178223678,233.1493977010253,240.48491502650512,250.1722911398324,234.5275063073441,12.412755115021776,205.2
00-0035700,RB,2023,LV,17,17,13,0.9227941176470589,454,217.63431003581758,224.40313354271638,232.91717555195413,244.43546063022467,226.30716670653027,13.859087294311871,181.1
00-0035715,RB,2023,WAS,17,17,5,0.5882352941176471,454,6.969615067897898,16.42193370879476,28.92374864182287,42.6550217059437,19.17052299480896,17.8348512852564,2.5999999999999996
00-0035806,RB,2023,JAX,17,17,2,0.7144607843137255,454,28.425175654974762,41.0255280535097,57.924057253504124,78.54888381396505,45.10242517749441,23.850721508563463,0.0
00-0035831,RB,2023,GB,17,17,1,0.7818627450980392,454,47.65834550777325,62.713342164862894,79.65788238296238,98.1841202070715,65.37913580194756,25.318301133043413,1.0
00-0035860,RB,2023,NO,17,17,7,0.29411764705882354,454,30.432655471386973,36.89765604367922,46.15801729949975,55.865148651821634,39.4884524465113,12.589413036392376,32.2
