player_id,name,position,first_season_added,source
00-0034307,Janarion Grant,WR,2018,complete_player_game_panel
00-0034679,Mark Walton,RB,2018,complete_player_game_panel
00-0028292,Nick Bellore,RB,2018,complete_player_game_panel
00-0033992,Lance Lenoir,WR,2018,complete_player_game_panel
00-0034170,Saeed Blacknall,WR,2018,complete_player_game_panel
00-0034795,Garrett Dickerson,TE,2018,complete_player_game_panel
00-0033305,Malachi Dupre,WR,2018,complete_player_game_panel
00-0032488,Mose Frazier,WR,2018,complete_player_game_panel
00-0032550,Alonzo Russell,WR,2018,complete_player_game_panel
00-0033078,Keenan Reynolds,WR,2018,complete_player_game_panel
00-0034433,Nick Bawden,RB,2019,complete_player_game_panel
00-0033763,Evan Baylis,TE,2019,complete_player_game_panel
00-0035304,Cullen Gillaspia,RB,2019,complete_player_game_panel
00-0032689,Jason Vander Laan,TE,2019,complete_player_game_panel
00-0035589,Gary Jennings Jr,WR,2019,complete_player_game_panel
00-0035587,Spencer Schnell,WR,2019,complete_player_game_panel
00-0035427,Jeremy Cox,RB,2020,complete_player_game_panel
00-0035099,Khari Blasingame,RB,2020,complete_player_game_panel
00-0032956,Andy Janovich,RB,2020,complete_player_game_panel
00-0035320,Caleb Wilson,TE,2020,complete_player_game_panel
00-0032609,Marken Michel,WR,2020,complete_player_game_panel
00-0035436,Matt Sokol,TE,2020,complete_player_game_panel
00-0036111,Tony Brown,WR,2020,complete_player_game_panel
00-0035908,Gabe Nabers,RB,2020,complete_player_game_panel
00-0035310,Chandler Cox,RB,2020,complete_player_game_panel
00-0032897,Derek Watt,RB,2020,complete_player_game_panel
00-0031595,Michael Burton,RB,2020,complete_player_game_panel
00-0035750,Reggie Begelton,WR,2020,complete_player_game_panel
00-0036526,Dillon Stoner,WR,2021,complete_player_game_panel
00-0036474,Sammis Reyes,TE,2021,complete_player_game_panel
00-0036691,Tory Carter,TE,2021,complete_player_game_panel
00-0036571,Marquez Stevenson,WR,2021,complete_player_game_panel
00-0034669,Jordan Veasy,WR,2021,complete_player_game_panel
00-0036083,Nick Bowers,TE,2021,complete_player_game_panel
00-0036583,Tony Poljan,TE,2021,complete_player_game_panel
00-0035787,Jared Pinkney,TE,2021,complete_player_game_panel
00-0035987,Aaron Fuller,WR,2021,complete_player_game_panel
00-0036453,Paul Quessenberry,TE,2021,complete_player_game_panel
00-0030968,Keith Smith,TE,2021,complete_player_game_panel
00-0036519,Matt Bushman,TE,2021,complete_player_game_panel
00-0036598,Landen Akers,WR,2021,complete_player_game_panel
00-0035819,Binjimen Victor,WR,2022,complete_player_game_panel
00-0037031,Nikola Kalinic,TE,2022,complete_player_game_panel
00-0037460,Johnny Johnson,WR,2022,complete_player_game_panel
00-0036647,Cornell Powell,WR,2022,complete_player_game_panel
00-0037581,Stanley Berryhill,WR,2022,complete_player_game_panel
00-0037172,Kyric McGowan,WR,2022,complete_player_game_panel
00-0037185,Raleigh Webb,WR,2022,complete_player_game_panel
00-0037580,Jared Bernhardt,WR,2022,complete_player_game_panel
00-0038181,Lucky Jackson,WR,2023,complete_player_game_panel
00-0038456,Travis Vokolek,TE,2023,complete_player_game_panel
00-0036565,Ben Mason,TE,2023,complete_player_game_panel
00-0038406,Zack Kuntz,TE,2023,complete_player_game_panel
00-0038468,Henry Pearson,TE,2023,complete_player_game_panel
00-0038910,SaRodorick Thompson,RB,2023,complete_player_game_panel
00-0039385,Keilan Robinson,RB,2024,complete_player_game_panel
00-0038735,Princeton Fant,TE,2024,complete_player_game_panel
00-0039399,Tanner McLachlan,TE,2024,complete_player_game_panel
00-0038590,Justin Shorter,TE,2024,complete_player_game_panel
00-0037380,Kaden Davis,WR,2024,complete_player_game_panel
00-0039552,Joshua Cephus,WR,2024,complete_player_game_panel
00-0036775,Brandon Smith,WR,2024,complete_player_game_panel
00-0039415,Brenden Rice,WR,2024,complete_player_game_panel
00-0039230,Dante Miller,RB,2024,complete_player_game_panel
00-0038740,Jalen Moreno-Cropper,WR,2024,complete_player_game_panel
00-0039489,Hayden Rucci,TE,2025,complete_player_game_panel
00-0040075,LaJohntay Wester,WR,2025,complete_player_game_panel
00-0038564,Cameron Latu,TE,2025,complete_player_game_panel
00-0040431,Dalen Cambre,WR,2025,complete_player_game_panel
00-0040241,Dominic Lovett,WR,2025,complete_player_game_panel
00-0040506,Myles Price,WR,2025,complete_player_game_panel
00-0040390,Jackson Meeks,WR,2025,complete_player_game_panel
00-0039397,Tejhaun Palmer,WR,2025,complete_player_game_panel
00-0040566,CJ Dippre,TE,2025,complete_player_game_panel
00-0040653,Ricky White,WR,2025,complete_player_game_panel
00-0040629,Dalevon Campbell,WR,2025,complete_player_game_panel
00-0040225,Thomas Fidone,TE,2025,complete_player_game_panel
00-0040315,Ja'Corey Brooks,WR,2025,complete_player_game_panel
