position,season,model,n_features_requested,n_features_actual,n_features_available,mae,rmse,medae,r2,spearman,bias,n
QB,2023,F_yeojohnson_huber,10,10,57,5.911896402926387,7.448214369011288,4.902219706981627,0.2970484410298858,0.5460914573824978,-0.15424900773089031,718
QB,2023,F_yeojohnson_huber,20,20,57,5.94809555845207,7.475329866737689,4.910283385152814,0.2919208825649836,0.5460115227598785,-1.0415836877467404,718
QB,2023,F_yeojohnson_huber,30,30,57,5.928241713322391,7.449015900793748,4.882505524103415,0.29689713809873375,0.545168829305764,-1.078356255105597,718
QB,2023,F_yeojohnson_huber,all,57,57,5.840332317200244,7.351480311942363,4.855074651474606,0.31518910679301515,0.5568133471981976,-0.9535872730526662,718
QB,2024,F_yeojohnson_huber,10,10,57,6.352315815329255,8.0050215072155,5.3689904100337245,0.2715606443299684,0.5109956811131015,0.2971353942956917,720
QB,2024,F_yeojohnson_huber,20,20,57,6.1652367947585365,7.799570662225238,5.172683161251963,0.3084719680928273,0.544070613800014,-0.061893508312985034,720
QB,2024,F_yeojohnson_huber,30,30,57,6.114615773631585,7.742996440052346,5.127668081128803,0.31846758810930764,0.5424456794549882,0.11964457865518471,720
QB,2024,F_yeojohnson_huber,all,57,57,6.084246021920107,7.677831424019433,5.076641268077886,0.3298908620363491,0.5561220842632795,0.02175562239805144,720
QB,2025,F_yeojohnson_huber,10,10,57,6.5738961951062596,8.309497585652123,5.705402047766091,0.20818522987272048,0.4699052527770423,-0.9914040893390106,708
QB,2025,F_yeojohnson_huber,20,20,57,6.3921808555676085,8.055151756123948,5.420625689353792,0.2559167638076949,0.4905894143801312,-0.6201200706984091,708
QB,2025,F_yeojohnson_huber,30,30,57,6.45431654742592,8.108254767398126,5.201881672510088,0.24607379493711534,0.4950018224611565,-0.5811286244629549,708
QB,2025,F_yeojohnson_huber,all,57,57,6.416649950014786,8.26707343657915,4.936506872469467,0.2162498126783592,0.49760082806799316,-1.5497903514794202,708
RB,2023,C_gbm_mae,10,10,64,4.261050572226855,6.064289347054145,2.972634105331739,0.3984059573958031,0.6972715472858801,-0.4631640518957669,1515
RB,2023,C_gbm_mae,20,20,64,4.210803135147314,6.051066370423119,2.837991136621993,0.4010266078485857,0.7007155958609307,-0.6959937047234817,1515
RB,2023,C_gbm_mae,30,30,64,4.1857727280451975,6.055170046744114,2.7698299252694607,0.4002139159198267,0.7008549910865828,-0.8535250342133459,1515
RB,2023,C_gbm_mae,all,64,64,4.202038226394641,6.051059227722923,2.7825546844324025,0.40102802190838227,0.7005219817972447,-0.7746382324207747,1515
RB,2024,C_gbm_mae,10,10,64,4.489412718040224,6.262535831833891,3.3065054770236957,0.40019306980546865,0.685123915818389,-0.6060645969143958,1500
RB,2024,C_gbm_mae,20,20,64,4.402736765450559,6.265547381659239,3.015052072522741,0.39961605665107747,0.6883507288890517,-0.9261604853807738,1500
RB,2024,C_gbm_mae,30,30,64,4.379678301168416,6.275742259562061,2.948408253049557,0.3976606582366038,0.6897028996793189,-1.0935110094649307,1500
RB,2024,C_gbm_mae,all,64,64,4.366171187106253,6.246267011309795,2.955900276510209,0.403305379799876,0.6916782175553345,-1.070668285281539,1500
RB,2025,C_gbm_mae,10,10,64,5.671962085115401,8.659619542043483,3.399838757738598,-0.1072829953126131,0.31472439912794,-3.3098808672384132,1552
RB,2025,C_gbm_mae,20,20,64,5.651757599532597,8.66877583649606,3.1998387577385983,-0.10962581630010004,0.32013709781051075,-3.516302563006968,1552
RB,2025,C_gbm_mae,30,30,64,5.649710619806329,8.663060580727834,3.306127603946078,-0.10816316345987298,0.3219792084603007,-3.508654875854663,1552
RB,2025,C_gbm_mae,all,64,64,5.640945079059312,8.660519837266632,3.2682288873444056,-0.10751324409127805,0.31996603424386116,-3.5583551180812267,1552
WR,2023,C_gbm_mae,10,10,67,4.0518539471540445,6.2046355551719365,2.4449450410020743,0.35777641347190003,0.6831628723069333,-1.4256483002455438,2812
WR,2023,C_gbm_mae,20,20,67,4.032306246968917,6.188098777294821,2.459238060549025,0.3611951979994552,0.6854007920184925,-1.4613174987939601,2812
WR,2023,C_gbm_mae,30,30,67,4.024076619973959,6.117168909657411,2.518914836564344,0.37575561832683013,0.6885398737993383,-1.2444001279269328,2812
WR,2023,C_gbm_mae,all,67,67,4.021729572913203,6.1024762311952685,2.5792191423824535,0.3787507316969253,0.6896803144038188,-1.2121087871761391,2812
WR,2024,C_gbm_mae,10,10,67,4.053925529985761,6.179856680163845,2.3975127550785196,0.3695353870327639,0.7011881050561244,-1.2643534025590077,2739
WR,2024,C_gbm_mae,20,20,67,4.094040581676035,6.214114030174854,2.48128545875839,0.3625261920868168,0.7008916994769984,-1.3235310344125022,2739
WR,2024,C_gbm_mae,30,30,67,4.077518310574791,6.197952951206086,2.4678565641125374,0.36583764338092084,0.7033715539144343,-1.3098135865504,2739
WR,2024,C_gbm_mae,all,67,67,4.050585009690983,6.195244616653692,2.460300619370485,0.36639174522083473,0.7054922057762719,-1.3595992790648288,2739
WR,2025,C_gbm_mae,10,10,67,4.4189193353369305,6.819355892837642,2.5979325074919775,0.12826059569508408,0.5183952675156401,-2.6022685410546083,2723
WR,2025,C_gbm_mae,20,20,67,4.351198540590303,6.6908748649087615,2.5107678528157464,0.1607994108160541,0.543128396440156,-2.4102024699917117,2723
WR,2025,C_gbm_mae,30,30,67,4.216916175718341,6.48973464641195,2.4776930408998816,0.21049689180099673,0.5835488045783367,-2.282840931156003,2723
WR,2025,C_gbm_mae,all,67,67,4.294471266020231,6.625722644896175,2.471637153761681,0.17706322698952426,0.5688926091787309,-2.451383824335642,2723
TE,2023,B_gbm_huber,10,10,65,2.7220340972716044,4.499948811946255,1.4801420955267568,0.3629555635170223,0.7186328332603816,-1.16155195524311,1629
TE,2023,B_gbm_huber,20,20,65,2.7115988370961333,4.473400456789141,1.4653644100320709,0.37045013439192953,0.7196826782344539,-1.1470571064257808,1629
TE,2023,B_gbm_huber,30,30,65,2.717909923331352,4.486490943986921,1.4676315862328986,0.36676024679978436,0.7189424260723464,-1.138493844399691,1629
TE,2023,B_gbm_huber,all,65,65,2.7205490006002155,4.493460830466851,1.4672218967356128,0.36479120793137987,0.7188018020152892,-1.151253433828936,1629
TE,2024,B_gbm_huber,10,10,65,2.750191006590312,4.483445351463063,1.5303923906667014,0.3606411398760089,0.7115030786460327,-1.087100450328746,1691
TE,2024,B_gbm_huber,20,20,65,2.7493211159290882,4.486192704069887,1.5106794961321985,0.35985733087273086,0.7124237028199095,-1.0894758717929165,1691
TE,2024,B_gbm_huber,30,30,65,2.7471513164435253,4.483007216193858,1.5269648942662424,0.3607660937706122,0.7123839565588276,-1.0954991332294866,1691
TE,2024,B_gbm_huber,all,65,65,2.752096125462127,4.487936055822224,1.5225886888525577,0.35935971039258174,0.7124136663399636,-1.0958807901127496,1691
TE,2025,B_gbm_huber,10,10,65,3.130364752921875,5.2429531658943676,1.6172431244218872,0.20607071245892516,0.581947426751329,-2.0179310241652697,1691
TE,2025,B_gbm_huber,20,20,65,3.120441499264703,5.2121814791966905,1.6599276943876382,0.21536274664082766,0.5860681062416714,-1.9796841602702822,1691
TE,2025,B_gbm_huber,30,30,65,3.088124278376553,5.163293534167092,1.6046709207961283,0.2300128145477388,0.592672100967782,-1.9114258792452496,1691
TE,2025,B_gbm_huber,all,65,65,3.09224365915644,5.167845055108155,1.606523005667842,0.22865470563520351,0.5909603111575277,-1.9273229512687402,1691
