position,season,window,actual_years,n_train_rows,weighting,model,mae,rmse,medae,r2,spearman,bias,n
QB,2023,3y,3,2059,,existing_methodology,6.001025501947266,7.401358083738348,5.266916719564286,0.3058650761522473,0.5386224639296129,0.2381644990169686,718
QB,2023,3y,3,2059,none,B_gbm_huber,6.186152435550735,7.55797423139827,5.558180426310836,0.2761778370538778,0.5708374745421194,0.3260392501183534,718
QB,2023,3y,3,2059,none,F_yeojohnson_huber,5.892518863965545,7.4002620994207,4.929676313634648,0.3060706342825174,0.5439197029053283,-0.7060125933938844,718
QB,2023,3y,3,2059,linear,B_gbm_huber,6.207341667859349,7.58985241304208,5.670614954756742,0.2700590557605409,0.5493029693943247,0.254731936913717,718
QB,2023,3y,3,2059,linear,F_yeojohnson_huber,6.029673239900739,7.595300470137932,4.904940448859019,0.2690107647004636,0.5314298654365202,-1.403523305441063,718
QB,2023,3y,3,2059,exponential,B_gbm_huber,6.264672143890325,7.64837702579204,5.701898527563472,0.2587586478598642,0.5437000959092504,0.3727134005474803,718
QB,2023,3y,3,2059,exponential,F_yeojohnson_huber,6.062198713126246,7.604433795871747,4.875279868635015,0.2672516830227464,0.5326381086249815,-1.4728518331832534,718
QB,2023,5y,5,3337,,existing_methodology,6.065999356574656,7.442598569630016,5.420885697793153,0.2981080632472203,0.5301617507242053,0.3970234605511618,718
QB,2023,5y,5,3337,none,B_gbm_huber,6.323470183034233,7.671674704342173,5.638732628763702,0.2542359878228564,0.5449267600696556,0.7768670659816568,718
QB,2023,5y,5,3337,none,F_yeojohnson_huber,5.8754984121318525,7.4127478157872435,4.889560794854097,0.303727064759606,0.5475713583291933,-0.5163871731917025,718
QB,2023,5y,5,3337,linear,B_gbm_huber,6.266285010125421,7.634441117194957,5.7922478130257655,0.2614573801011925,0.5411623899040043,0.3224514000869518,718
QB,2023,5y,5,3337,linear,F_yeojohnson_huber,5.90004843038257,7.40443498365788,5.076337736712141,0.3052878232718383,0.5455010986141856,-0.5796306020687776,718
QB,2023,5y,5,3337,exponential,B_gbm_huber,6.260059739433238,7.643440173827621,5.821264066195449,0.2597152476153618,0.5405062346487952,0.2678614250728568,718
QB,2023,5y,5,3337,exponential,F_yeojohnson_huber,5.915841578285392,7.390488213201889,5.031702083073806,0.3079024363617738,0.5474106299204994,-0.5056085022320513,718
QB,2023,7y,7,4554,,existing_methodology,6.125562801023267,7.490227086147567,5.539238202887441,0.289095877952353,0.5272460090901921,0.6741751504982484,718
QB,2023,7y,7,4554,none,B_gbm_huber,6.336230612120959,7.713098866843286,5.734600958890296,0.2461605531426303,0.5281745363033253,0.4477546243762584,718
QB,2023,7y,7,4554,none,F_yeojohnson_huber,5.857690991346284,7.362347746610923,4.770460506630018,0.3131629466045013,0.5524209145587918,-0.8860849205059858,718
QB,2023,7y,7,4554,linear,B_gbm_huber,6.289051437795903,7.668960935162925,5.852867173639821,0.2547635058721359,0.533337272062134,0.2864505677715411,718
QB,2023,7y,7,4554,linear,F_yeojohnson_huber,5.849530701224492,7.324609579344721,4.988816849229423,0.3201861250167772,0.5558616858809222,-0.5827590633529037,718
QB,2023,7y,7,4554,exponential,B_gbm_huber,6.233622010742334,7.595725585608913,5.689858249399902,0.2689289342236114,0.5394446864154062,0.2524021097052363,718
QB,2023,7y,7,4554,exponential,F_yeojohnson_huber,5.908116051778543,7.4096595430260335,4.90371726855806,0.3043071014403402,0.5471598190340332,-1.0810595910889356,718
QB,2024,3y,3,2107,,existing_methodology,6.264971893863791,7.801214043157126,5.511503535257808,0.3081805254593988,0.54367642920851,0.7822497310899378,720
QB,2024,3y,3,2107,none,B_gbm_huber,6.639496753353058,8.136903741352112,6.209028660059143,0.2473609420613008,0.5338279025194518,-0.0336940222482338,720
QB,2024,3y,3,2107,none,F_yeojohnson_huber,6.256023555869996,7.780138786500879,5.320126274480321,0.3119134260932411,0.5579196110134595,0.5214287776982686,720
QB,2024,3y,3,2107,linear,B_gbm_huber,6.667383691894765,8.137482030642985,6.211890065171052,0.2472539582288047,0.5399595774887654,0.1965330016909678,720
QB,2024,3y,3,2107,linear,F_yeojohnson_huber,6.367351917250891,7.896137749454834,5.55815854815036,0.2912422389893281,0.5502582026396101,1.2023817890278587,720
QB,2024,3y,3,2107,exponential,B_gbm_huber,6.6253036224086905,8.099748404110532,6.1196644212441695,0.254218762180516,0.5409465910111088,0.1549350494390058,720
QB,2024,3y,3,2107,exponential,F_yeojohnson_huber,6.295493014862089,7.829787822161331,5.357992926084249,0.303103341587872,0.5545397835861439,0.7777505183587144,720
QB,2024,5y,5,3409,,existing_methodology,6.210173401043093,7.770966887156056,5.413297684934947,0.3135348215356094,0.5488749716116015,0.4933439333358991,720
QB,2024,5y,5,3409,none,B_gbm_huber,6.541437992996635,8.027269091086513,5.977507898529336,0.2675060554563743,0.55815540451021,0.1326063261508136,720
QB,2024,5y,5,3409,none,F_yeojohnson_huber,6.086408559558911,7.599758548350389,5.162366678910365,0.3434497296851768,0.569655621271216,0.4726709782485155,720
QB,2024,5y,5,3409,linear,B_gbm_huber,6.562456858268975,8.048046245973547,6.101101014714416,0.2637092882165767,0.5522456506889456,0.0229351156892434,720
QB,2024,5y,5,3409,linear,F_yeojohnson_huber,6.097147731416307,7.626094433760429,5.2009505647463445,0.3388914816727065,0.5741622829055821,0.690809841951958,720
QB,2024,5y,5,3409,exponential,B_gbm_huber,6.582786348908625,8.077047775555728,6.134248493074381,0.258393207642468,0.5428914350763075,0.0472336872163114,720
QB,2024,5y,5,3409,exponential,F_yeojohnson_huber,6.238174828577298,7.791421585501816,5.498870093687743,0.3099162453006289,0.5473434551565117,0.7178961083132118,720
QB,2024,7y,7,4661,,existing_methodology,6.25732665086794,7.800029660740167,5.48649945575374,0.3083905739512531,0.5457941264450031,0.6658940169306943,720
QB,2024,7y,7,4661,none,B_gbm_huber,6.603020939943104,8.081960422499186,6.049553019249848,0.2574908085486188,0.5600914973948995,0.27055144985792,720
QB,2024,7y,7,4661,none,F_yeojohnson_huber,6.0484183727644725,7.587096518444524,5.163784130462565,0.345635676437185,0.5658140255646852,0.2499152509090909,720
QB,2024,7y,7,4661,linear,B_gbm_huber,6.573488001986681,8.059784145053358,5.868796348850764,0.2615599942744614,0.5561907888909884,0.1184416293279059,720
QB,2024,7y,7,4661,linear,F_yeojohnson_huber,6.074043140110728,7.677167616762842,4.996240666799644,0.3300067291490098,0.5595623736909479,0.0571148694513619,720
QB,2024,7y,7,4661,exponential,B_gbm_huber,6.56486301350004,8.047578565599803,6.029856732406189,0.263794858974874,0.5560553776544763,0.1014062476179478,720
QB,2024,7y,7,4661,exponential,F_yeojohnson_huber,6.249099379441507,7.7918390034008596,5.493731030255056,0.3098423021763919,0.5491602088549561,0.8154729965260146,720
QB,2025,3y,3,2126,,existing_methodology,6.795058161920843,8.631051387773425,5.57950327692167,0.1457175759330733,0.4522100613568517,-2.1163318982665285,708
QB,2025,3y,3,2126,none,B_gbm_huber,6.975822359405903,8.396058759834817,6.502834551020256,0.1916024189439271,0.4460078594074104,-0.3994499036599092,708
QB,2025,3y,3,2126,none,F_yeojohnson_huber,6.797051911006657,8.609029096173309,5.487224289939387,0.1500714500132067,0.4356772620534335,-1.3067726312168069,708
QB,2025,3y,3,2126,linear,B_gbm_huber,6.971519769914404,8.437430171677983,6.389349011698805,0.1836160651338475,0.4487887730626911,-0.582204453116826,708
QB,2025,3y,3,2126,linear,F_yeojohnson_huber,6.838686215780083,8.609316845406788,5.883036212189127,0.1500146328336514,0.414701477479001,-0.8506428742946657,708
QB,2025,3y,3,2126,exponential,B_gbm_huber,6.942568092467167,8.374034225301529,6.372182563004692,0.195838031978264,0.4603651032040748,-0.4579827318820486,708
QB,2025,3y,3,2126,exponential,F_yeojohnson_huber,6.798270716874674,8.591099561508,5.72013912116496,0.1536079591166371,0.4187024242494786,-1.0265361551926222,708
QB,2025,5y,5,3497,,existing_methodology,6.687839029015657,8.471569739877374,5.516601352120825,0.1769961867286484,0.4679177479674895,-1.871604945539995,708
QB,2025,5y,5,3497,none,B_gbm_huber,6.943278561280729,8.337029901547755,6.38087741599988,0.2029294101204181,0.4664148321690555,-0.2655085926431322,708
QB,2025,5y,5,3497,none,F_yeojohnson_huber,6.945200577991336,8.937795093496291,5.435088832405282,0.0839169356640527,0.4265852403832554,-2.119075664061429,708
QB,2025,5y,5,3497,linear,B_gbm_huber,6.883544381338655,8.28817080513673,6.391343546480842,0.2122444859498444,0.4774094610366579,-0.3203420016742255,708
QB,2025,5y,5,3497,linear,F_yeojohnson_huber,6.958356465484986,8.942792039841324,5.568911603616613,0.0828923210917824,0.4287256238035688,-1.7524574846985823,708
QB,2025,5y,5,3497,exponential,B_gbm_huber,6.925561764591713,8.332507470197482,6.549495482692401,0.2037939192755027,0.4719273859320503,-0.3378748832972757,708
QB,2025,5y,5,3497,exponential,F_yeojohnson_huber,7.07639823309639,9.116806477821898,5.621994904317555,0.0468537601217765,0.4153652469395785,-2.103878653161088,708
QB,2025,7y,7,4775,,existing_methodology,6.56854921803404,8.291491028824453,5.353989774683108,0.2116132131476341,0.4784992867105819,-1.2935601986042429,708
QB,2025,7y,7,4775,none,B_gbm_huber,6.903558613589034,8.249094710359982,6.2848707485702136,0.2196550099859484,0.495822347388215,0.0890697082256812,708
QB,2025,7y,7,4775,none,F_yeojohnson_huber,6.5628870593260284,8.401213297929717,5.44628648087388,0.1906095256518356,0.4779472220713366,-1.4633334214382845,708
QB,2025,7y,7,4775,linear,B_gbm_huber,6.913287775658882,8.284228758525279,6.319298081112999,0.2129936573979217,0.478123392755544,-0.0463429148879544,708
QB,2025,7y,7,4775,linear,F_yeojohnson_huber,6.684907307709296,8.609229884391215,5.329440874793283,0.1500318038168488,0.4502846543206885,-1.4937709924231115,708
QB,2025,7y,7,4775,exponential,B_gbm_huber,6.858406391750987,8.262303873813789,6.30981677626054,0.217153897396173,0.4837943066493537,-0.0448161626872913,708
QB,2025,7y,7,4775,exponential,F_yeojohnson_huber,6.801968763871219,8.78723382684752,5.261991594322668,0.1145206598219806,0.4380254137358889,-1.7713250886663423,708
QB,2023,10y,10,6387,,existing_methodology,6.1489316460236685,7.506859092197579,5.5216243903108255,0.285935255765596,0.526618286878789,0.7237341272214455,718
QB,2023,10y,10,6387,none,B_gbm_huber,6.327788227804697,7.699104197357005,5.754390526104093,0.2488936085208101,0.5459600894908317,0.6111129543557653,718
QB,2023,10y,10,6387,none,F_yeojohnson_huber,5.848314590203254,7.317760079323887,4.980965195685238,0.3214569662611288,0.5520535330231156,-0.1203704492899487,718
QB,2023,10y,10,6387,linear,B_gbm_huber,6.311511224677738,7.680357310882369,5.744557016846026,0.2525469590360994,0.541769133707957,0.4667846041732938,718
QB,2023,10y,10,6387,linear,F_yeojohnson_huber,5.832492264064375,7.323578473561435,4.867562339532406,0.3203775101472498,0.5493772550700226,-0.2903461534880581,718
QB,2023,10y,10,6387,exponential,B_gbm_huber,6.2555501802323885,7.611740033176954,5.805471946632741,0.2658429772382541,0.5373026246040957,0.1998730088933433,718
QB,2023,10y,10,6387,exponential,F_yeojohnson_huber,5.920798779560741,7.368017009403875,4.934385678477894,0.3121047626965559,0.542298542518052,-0.5211857908901321,718
QB,2024,10y,10,6499,,existing_methodology,6.276761192966104,7.816562350668153,5.469546259540568,0.3054556410261733,0.5464901226809155,0.6326337692138796,720
QB,2024,10y,10,6499,none,B_gbm_huber,6.605423228309728,8.125464196283449,5.919262850179395,0.2494757013043579,0.5539240513303086,0.3063007081112732,720
QB,2024,10y,10,6499,none,F_yeojohnson_huber,5.969400698491621,7.521297142626222,4.803554751142912,0.3569364575074654,0.5749017487636571,-0.0105129850183299,720
QB,2024,10y,10,6499,linear,B_gbm_huber,6.588556227182099,8.101750864469583,6.006539756907193,0.2538499650541539,0.5520199862978936,0.21049302007009,720
QB,2024,10y,10,6499,linear,F_yeojohnson_huber,6.074132085868807,7.593831424662596,5.092885443535904,0.3444734298839357,0.5650733379272891,0.3241151902761559,720
QB,2024,10y,10,6499,exponential,B_gbm_huber,6.603768338572211,8.092895999082918,6.007751759972837,0.2554800935567283,0.5468139586226546,0.3062160050967998,720
QB,2024,10y,10,6499,exponential,F_yeojohnson_huber,6.205420053415044,7.752891680030891,5.267672535624884,0.316724532677087,0.5528415103297625,0.4603868982539597,720
QB,2025,10y,10,6603,,existing_methodology,6.52165276464026,8.149465464102029,5.412802916640596,0.2383905678554382,0.487493976719908,-0.1363102364632278,708
QB,2025,10y,10,6603,none,B_gbm_huber,6.909315148640219,8.276898084864104,6.38907904237171,0.2143858772962741,0.503716054889779,0.2512639935969027,708
QB,2025,10y,10,6603,none,F_yeojohnson_huber,6.514723850613396,8.362939031913132,5.246775767421731,0.1979675722881612,0.4901454528172979,-1.7129506001879409,708
QB,2025,10y,10,6603,linear,B_gbm_huber,6.918821855553935,8.308003984630833,6.167579036226451,0.208469855759716,0.4829419697145132,0.0302140914440294,708
QB,2025,10y,10,6603,linear,F_yeojohnson_huber,6.639491816900171,8.518016331786416,5.4919236521121775,0.1679469756793594,0.4712152057136097,-1.8965237384267344,708
QB,2025,10y,10,6603,exponential,B_gbm_huber,6.8870390419111445,8.29840019451209,6.349406151896056,0.2102987657447429,0.4892706254453798,-0.1707878261594607,708
QB,2025,10y,10,6603,exponential,F_yeojohnson_huber,6.933952510021843,8.944925903787704,5.591235029474841,0.0824546017569765,0.4254297735574495,-2.32298838397885,708
QB,2023,all,17,10872,,existing_methodology,6.151293310346601,7.507681321361522,5.546703079197188,0.285778823626815,0.5262851946652907,0.7464685475170105,718
QB,2023,all,17,10872,none,B_gbm_huber,6.3240145537694,7.694334629564687,5.650804243053473,0.2498239357649077,0.5396131087669489,0.1062124252160543,718
QB,2023,all,17,10872,none,F_yeojohnson_huber,5.828688822894278,7.284278469837056,5.072779032662028,0.3276519601224015,0.5535778510993947,-0.0978310457770287,718
QB,2023,all,17,10872,linear,B_gbm_huber,6.31208225885454,7.664059539600607,5.687819033171507,0.2557157943548711,0.5494149775596271,0.3985321722940573,718
QB,2023,all,17,10872,linear,F_yeojohnson_huber,5.840163762734282,7.303657500559259,5.033409691101422,0.3240697837691372,0.5512649506560631,-0.2415927015002242,718
QB,2023,all,17,10872,exponential,B_gbm_huber,6.279657815267063,7.627388321465604,5.911209316571647,0.2628213003100602,0.5389609949648032,0.3173172734987907,718
QB,2023,all,17,10872,exponential,F_yeojohnson_huber,5.92677683485355,7.345442240674891,5.049428917733743,0.3163135711746536,0.5516109341585094,-0.180740489709905,718
QB,2024,all,18,11590,,existing_methodology,6.262612984963481,7.805197824868045,5.449489124555567,0.3074737735458271,0.5483112169111586,0.605835799039812,720
QB,2024,all,18,11590,none,B_gbm_huber,6.644976863390879,8.17763723278584,5.889652219693391,0.2398066305207882,0.5544443684371981,-0.0206324208075229,720
QB,2024,all,18,11590,none,F_yeojohnson_huber,5.975579849575395,7.573972836290982,5.123130067536034,0.3478974750499004,0.5676922701302789,-0.2220598968877335,720
QB,2024,all,18,11590,linear,B_gbm_huber,6.588766603509773,8.11808162667814,5.90733982167868,0.2508388925349845,0.5562185068409945,0.1246138593162521,720
QB,2024,all,18,11590,linear,F_yeojohnson_huber,5.996002647911822,7.510508694768941,5.130525455925838,0.3587799378870197,0.5750305017976439,0.1488878630869823,720
QB,2024,all,18,11590,exponential,B_gbm_huber,6.628000547229835,8.107147485584568,6.130271647277288,0.2528556046496314,0.5452275226063077,-0.1229721059935151,720
QB,2024,all,18,11590,exponential,F_yeojohnson_huber,6.140924658725627,7.744144724946887,5.148592631940773,0.3182654308672122,0.5547348181483024,-0.2538172299140465,720
RB,2023,3y,3,4614,,existing_methodology,4.546931636606917,6.109519198578896,3.613290418791258,0.3893986428929741,0.6771686613855882,0.2615246590426495,1515
RB,2023,3y,3,4614,none,B_gbm_huber,4.472002113921473,6.355832146350231,3.176158096070937,0.339171848282726,0.6893975719657907,-0.9195592092677818,1515
RB,2023,3y,3,4614,none,C_gbm_mae,4.212962167434528,6.075229536895726,2.8126321681573483,0.3962334061428996,0.6955116118519313,-0.951027233753138,1515
RB,2023,3y,3,4614,linear,B_gbm_huber,4.4788950173708,6.348899899771985,3.158593755337076,0.340612580305949,0.6842436026764496,-0.8527591569928311,1515
RB,2023,3y,3,4614,linear,C_gbm_mae,4.252590922877792,6.117498923839133,2.93442712962338,0.3878025719457612,0.6924264819505457,-0.9234109473144408,1515
RB,2023,3y,3,4614,exponential,B_gbm_huber,4.481938119721883,6.3517192584088855,3.18357759285848,0.3400268213805908,0.6827056274341782,-0.8587041341963749,1515
RB,2023,3y,3,4614,exponential,C_gbm_mae,4.2262205386957845,6.094974154727314,2.863032980395158,0.392302521702806,0.6974989707229449,-0.9282657318583378,1515
RB,2023,5y,5,7478,,existing_methodology,4.532103106213135,6.066945081432232,3.558745337417181,0.3978789298336783,0.685438595978124,0.4328518087308074,1515
RB,2023,5y,5,7478,none,B_gbm_huber,4.489662008993797,6.309727079197892,3.222380263426968,0.348724341245999,0.6949177532866927,-0.7597073728575202,1515
RB,2023,5y,5,7478,none,C_gbm_mae,4.163135209131879,6.029440423001067,2.81624975703995,0.4053003074680559,0.7008018309494458,-0.8649443835430706,1515
RB,2023,5y,5,7478,linear,B_gbm_huber,4.483045389957406,6.33089583393932,3.241862198545125,0.3443470294283852,0.6916789191185817,-0.8673247981454945,1515
RB,2023,5y,5,7478,linear,C_gbm_mae,4.197178727416822,6.053951896335476,2.8577502912883497,0.4004552158884392,0.6944836554688872,-0.9166771655263396,1515
RB,2023,5y,5,7478,exponential,B_gbm_huber,4.47599448216735,6.334041220051904,3.165445105432287,0.3436953699775587,0.6881666591112094,-0.8703803724425042,1515
RB,2023,5y,5,7478,exponential,C_gbm_mae,4.201256003347687,6.088452853893462,2.7964034149721755,0.393602234509671,0.696777990475912,-1.048787913490395,1515
RB,2023,7y,7,10150,,existing_methodology,4.539806715498039,6.062321659392258,3.527398893686037,0.3987962940242402,0.6874274356227169,0.5010509139902346,1515
RB,2023,7y,7,10150,none,B_gbm_huber,4.548180809348738,6.326645183554583,3.35288872445686,0.3452271626752192,0.6864070697925112,-0.6670523174768019,1515
RB,2023,7y,7,10150,none,C_gbm_mae,4.162501050603162,6.039291935936646,2.789423126341698,0.403355358164117,0.7039467387968709,-0.9481643972390232,1515
RB,2023,7y,7,10150,linear,B_gbm_huber,4.477782691321179,6.297956889240909,3.240725856411016,0.3511518593829251,0.693720755909263,-0.7650010730168052,1515
RB,2023,7y,7,10150,linear,C_gbm_mae,4.168137637273922,6.038370035440194,2.7558422323277245,0.4035375003804213,0.7024115519935925,-0.9498593743350908,1515
RB,2023,7y,7,10150,exponential,B_gbm_huber,4.466937249253358,6.307782849670021,3.218406029863772,0.3491256372981667,0.6906655503516976,-0.8290229797707425,1515
RB,2023,7y,7,10150,exponential,C_gbm_mae,4.20990745640529,6.065745590778592,2.830689712972023,0.3981169960069287,0.699628333581535,-0.8028078536090235,1515
RB,2024,3y,3,4610,,existing_methodology,4.782248158322409,6.29702326822275,3.7520370849142095,0.3935686730142185,0.6690146742801105,0.387815335172089,1500
RB,2024,3y,3,4610,none,B_gbm_huber,4.681631505578595,6.630691606949942,3.1938055316252,0.3275984737430206,0.6758671123891421,-1.43325080051764,1500
RB,2024,3y,3,4610,none,C_gbm_mae,4.440098903539067,6.296616938651943,2.962239515836783,0.3936469331762701,0.6831574709351645,-1.0101262538796396,1500
RB,2024,3y,3,4610,linear,B_gbm_huber,4.736249895800622,6.641379150337705,3.39737956471198,0.3254291338088593,0.6756948715977943,-1.3247082685467126,1500
RB,2024,3y,3,4610,linear,C_gbm_mae,4.484795206063826,6.30665735124918,3.088794378793546,0.3917116435003597,0.6828249380971135,-0.7979946060525899,1500
RB,2024,3y,3,4610,exponential,B_gbm_huber,4.666174138252443,6.632832397187713,3.12683632806463,0.3271642194953746,0.6760928414422305,-1.4991232990260086,1500
RB,2024,3y,3,4610,exponential,C_gbm_mae,4.455161998627816,6.334568896511001,2.9581428757214447,0.3863154922149492,0.6848563634039594,-1.1415055958840217,1500
RB,2024,5y,5,7563,,existing_methodology,4.679857726635754,6.242248309900457,3.628158454032421,0.4040729314010102,0.6750493543888886,0.0545639011244182,1500
RB,2024,5y,5,7563,none,B_gbm_huber,4.658457776275756,6.535674857971374,3.31141188263289,0.3467312123190325,0.6859793989138208,-1.2035125802137507,1500
RB,2024,5y,5,7563,none,C_gbm_mae,4.407044381461255,6.233619689825671,2.9722410625681284,0.4057192851234703,0.6885552134515026,-0.8795813627853639,1500
RB,2024,5y,5,7563,linear,B_gbm_huber,4.651496532785066,6.599247869757174,3.16196186653947,0.3339606111852851,0.6780952099323417,-1.3940022093008724,1500
RB,2024,5y,5,7563,linear,C_gbm_mae,4.385495099791481,6.240971277045842,2.955207738433153,0.4043167347755589,0.6913402238053878,-0.9797749010516744,1500
RB,2024,5y,5,7563,exponential,B_gbm_huber,4.629442094685046,6.57915296987788,3.1206427664468626,0.3380106537879331,0.6783384174766945,-1.414417474890978,1500
RB,2024,5y,5,7563,exponential,C_gbm_mae,4.40647341855906,6.294611102241175,2.969144988985013,0.3940331886365882,0.687470749905704,-1.1912464747471532,1500
RB,2024,7y,7,10349,,existing_methodology,4.682048944842611,6.244192195833512,3.6062927670989167,0.4037017207224287,0.6748819639115476,0.073011279405988,1500
RB,2024,7y,7,10349,none,B_gbm_huber,4.69329026189485,6.540782350094236,3.4138654320768502,0.3457097817896973,0.6824839842777741,-1.0723657141661882,1500
RB,2024,7y,7,10349,none,C_gbm_mae,4.371953649519944,6.286978645815074,2.861726403559137,0.3955018135299964,0.6914668634909166,-1.158618044645341,1500
RB,2024,7y,7,10349,linear,B_gbm_huber,4.618087746436697,6.520858528429399,3.266324384208919,0.3496897666177777,0.6892041595269189,-1.2594620894501007,1500
RB,2024,7y,7,10349,linear,C_gbm_mae,4.365488649589212,6.28381151025526,2.7798388289649667,0.3961107055201587,0.6930617605893059,-1.306805187455202,1500
RB,2024,7y,7,10349,exponential,B_gbm_huber,4.62527945247516,6.57976585093738,3.1415638785421054,0.3378873127951941,0.6851525970362332,-1.467587557736783,1500
RB,2024,7y,7,10349,exponential,C_gbm_mae,4.395264273726411,6.313643522508204,2.8851692815369123,0.3903632396985161,0.689868520922606,-1.3021068286931814,1500
RB,2025,3y,3,4581,,existing_methodology,4.510355457181993,6.527981409742906,3.131245800856324,0.3707563743902052,0.666038100176504,-1.0732168045333548,1552
RB,2025,3y,3,4581,none,B_gbm_huber,4.797823107156697,7.130750336011341,3.011551727669095,0.2491875440839389,0.6189473990270027,-2.373547224027371,1552
RB,2025,3y,3,4581,none,C_gbm_mae,4.759873032699795,7.184253218359258,2.987927127004148,0.2378784023683656,0.6326902518806417,-2.722613046764613,1552
RB,2025,3y,3,4581,linear,B_gbm_huber,4.778226773627994,7.202498967025624,2.854575679703734,0.2340023872900979,0.6204317096539592,-2.561911452123282,1552
RB,2025,3y,3,4581,linear,C_gbm_mae,5.003257689420716,7.604857878036258,2.904225257488249,0.1460288259324696,0.5998426431438543,-3.350118466871538,1552
RB,2025,3y,3,4581,exponential,B_gbm_huber,4.767498583924463,7.184180856683759,2.8428583746529847,0.2378937548667611,0.6194120841041076,-2.5340231900012924,1552
RB,2025,3y,3,4581,exponential,C_gbm_mae,4.886549681329579,7.393755934581448,2.926177175537171,0.1927812745190347,0.6109988004174851,-3.118365670333109,1552
RB,2025,5y,5,7629,,existing_methodology,4.509250896778155,6.587308032579538,3.028237649653762,0.3592672081568701,0.6649569003322794,-1.3349477790654198,1552
RB,2025,5y,5,7629,none,B_gbm_huber,4.786375994961458,7.195368410347205,2.94289140416031,0.2355183293823766,0.63379327141952,-2.5402672749376576,1552
RB,2025,5y,5,7629,none,C_gbm_mae,4.969221684926476,7.654455808387738,2.885245027479651,0.1348535163715731,0.6262360474202331,-3.510154801020897,1552
RB,2025,5y,5,7629,linear,B_gbm_huber,4.7879662373482965,7.216621752589898,2.8574904156908056,0.2309954792272786,0.6214954846901983,-2.5650795524844945,1552
RB,2025,5y,5,7629,linear,C_gbm_mae,4.986782610359033,7.62978841440268,2.849184235447618,0.1404206064145914,0.6120478021997058,-3.530878429304441,1552
RB,2025,5y,5,7629,exponential,B_gbm_huber,4.814412273133854,7.296222972207668,2.846694673657192,0.2139372762678127,0.6141677202934772,-2.679457030725054,1552
RB,2025,5y,5,7629,exponential,C_gbm_mae,5.030142662367361,7.68178352717328,2.922961108678342,0.1286650467382604,0.6025085046058108,-3.5195443791016614,1552
RB,2025,7y,7,10493,,existing_methodology,4.512193313709177,6.53387481477236,3.1427769257467624,0.3696197101550867,0.6678983082233487,-1.137540051725601,1552
RB,2025,7y,7,10493,none,B_gbm_huber,4.854516380106587,7.318891251122539,3.0245128326707604,0.209045328984498,0.6234424536711607,-2.5907061593681773,1552
RB,2025,7y,7,10493,none,C_gbm_mae,5.1019065260804295,7.859008393924652,2.836704820454861,0.0879964852576302,0.6097658160577961,-3.7420013949244857,1552
RB,2025,7y,7,10493,linear,B_gbm_huber,4.80177925525088,7.26449450021193,2.935566616174368,0.2207589813425078,0.6261556201747139,-2.6471878407316187,1552
RB,2025,7y,7,10493,linear,C_gbm_mae,5.115521192533574,7.8536264349042035,2.9197020657807453,0.0892451631157444,0.6182033282251006,-3.845446878273175,1552
RB,2025,7y,7,10493,exponential,B_gbm_huber,4.8237580521152905,7.288105127938765,2.8611990988383607,0.2156854643225763,0.6204348674793306,-2.708476184334295,1552
RB,2025,7y,7,10493,exponential,C_gbm_mae,5.187638364113046,7.88868508684657,2.949259755118413,0.0810957802487689,0.6063955789156968,-4.001670190467925,1552
RB,2023,10y,10,14246,,existing_methodology,4.55419617469451,6.06945774914084,3.5343433842811613,0.3973800812551367,0.6874734828072124,0.524994220691162,1515
RB,2023,10y,10,14246,none,B_gbm_huber,4.555013501258316,6.346351654698154,3.30627187742296,0.3411417880632189,0.685858685932458,-0.7305946795483171,1515
RB,2023,10y,10,14246,none,C_gbm_mae,4.164353672316736,6.015853476673732,2.806898907376332,0.4079775206723902,0.7042826247761095,-0.834220601861285,1515
RB,2023,10y,10,14246,linear,B_gbm_huber,4.5124838193240375,6.318953341404745,3.3126215629169526,0.3468183212012611,0.6889094899891579,-0.7354698523328584,1515
RB,2023,10y,10,14246,linear,C_gbm_mae,4.146401513333294,6.01379376727337,2.7969878663250096,0.4083828448786292,0.7052922711775266,-0.9148392201380126,1515
RB,2023,10y,10,14246,exponential,B_gbm_huber,4.469398826546059,6.286610857991302,3.221773647227295,0.3534876073305292,0.6899799475626268,-0.7246959086234385,1515
RB,2023,10y,10,14246,exponential,C_gbm_mae,4.222298555960889,6.059690755863519,2.8592053867294984,0.399317997037819,0.7004280903166497,-0.8307457980517537,1515
QB,2025,all,19,12310,,existing_methodology,6.533016128936122,8.16297183500242,5.37526630938085,0.2358639963504903,0.4850185464740002,-0.2459909160701163,708
QB,2025,all,19,12310,none,B_gbm_huber,6.791367553094944,8.159028604958872,6.231224574594136,0.2366020697712337,0.5209887997813469,-0.2590382226638943,708
QB,2025,all,19,12310,none,F_yeojohnson_huber,6.458768571922111,8.26970554172273,5.372454633155003,0.2157506659574439,0.4989374812638528,-1.6818777880347282,708
QB,2025,all,19,12310,linear,B_gbm_huber,6.898782608779468,8.260146863068577,6.3805005741289245,0.2175625938231092,0.5021855538580632,0.0412747844692974,708
QB,2025,all,19,12310,linear,F_yeojohnson_huber,6.5543515701586585,8.397811255580907,5.5433691886414245,0.1912649126885242,0.4904709964473747,-2.0236821769729096,708
QB,2025,all,19,12310,exponential,B_gbm_huber,6.883759626160675,8.262848426188683,6.28344457459556,0.2170507022682317,0.4906873881287452,-0.1835434515367969,708
QB,2025,all,19,12310,exponential,F_yeojohnson_huber,6.841532236431346,8.803384408452214,5.740130449251936,0.1112627179118179,0.4416494624193737,-2.302216665901368,708
WR,2023,3y,3,7963,,existing_methodology,4.270342828804626,6.0114562371448015,3.0361466579208862,0.3971447090825616,0.6647189604575288,-0.1785637914450294,2812
WR,2023,3y,3,7963,none,B_gbm_huber,4.231071620979457,6.290661834742183,2.817602934246151,0.3398443017848466,0.6835482637357855,-1.1354037967085544,2812
WR,2023,3y,3,7963,none,C_gbm_mae,4.038060503056899,6.114558623119132,2.651970116877556,0.3762882533001281,0.6880323990898192,-1.2682316587615772,2812
WR,2023,3y,3,7963,linear,B_gbm_huber,4.219192230192329,6.318400033534122,2.779289575019128,0.3340096528630419,0.6863949021793008,-1.2636374376162842,2812
WR,2023,3y,3,7963,linear,C_gbm_mae,4.030002036974052,6.1654009206079685,2.475557374757252,0.3658728569670435,0.6921143434550243,-1.4057862670991628,2812
WR,2023,3y,3,7963,exponential,B_gbm_huber,4.217576562418715,6.314371766473446,2.797387392044441,0.3348585803651241,0.686309698169797,-1.2558767585609976,2812
WR,2023,3y,3,7963,exponential,C_gbm_mae,4.0440065401803205,6.162587551158461,2.5443749116920458,0.366451449312587,0.69024544572735,-1.3703118907319944,2812
WR,2023,5y,5,12822,,existing_methodology,4.328640975355073,6.005664267407666,3.1503371911158595,0.3983058378830117,0.668620457352246,0.0437922523891906,2812
WR,2023,5y,5,12822,none,B_gbm_huber,4.225115700021834,6.251280310868776,2.8508152494011374,0.3480839943428478,0.6866693303745255,-0.9800624317764892,2812
WR,2023,5y,5,12822,none,C_gbm_mae,4.005014655417588,6.03132910026921,2.5946718421475805,0.3931522443949015,0.6925947586550856,-1.0295838169667055,2812
WR,2023,5y,5,12822,linear,B_gbm_huber,4.209696519151562,6.280362358614157,2.839050983940389,0.3420042308803532,0.6869830488315373,-1.1371943274673375,2812
WR,2023,5y,5,12822,linear,C_gbm_mae,4.0054854863116365,6.103855685363997,2.553300241541666,0.3784698353130694,0.6920060163009384,-1.3518170067835922,2812
WR,2023,5y,5,12822,exponential,B_gbm_huber,4.208961993555832,6.295236661153482,2.7931224945889968,0.33888376822816,0.6875478253818379,-1.2019765362030903,2812
WR,2023,5y,5,12822,exponential,C_gbm_mae,4.002140654213465,6.185257225229852,2.4158285942878406,0.3617817369037784,0.6908496373690934,-1.6845461629104477,2812
WR,2023,7y,7,16950,,existing_methodology,4.351980292273222,6.01481652954632,3.181606716160542,0.3964705508895151,0.6673067380024761,0.0862604348346246,2812
WR,2023,7y,7,16950,none,B_gbm_huber,4.230547681207427,6.2155195986306575,2.94040827188445,0.3555212865716102,0.6873135707662575,-0.861305321773677,2812
WR,2023,7y,7,16950,none,C_gbm_mae,3.98168036573382,6.008417135798076,2.542935878604526,0.397754103922685,0.6947580781707169,-1.01278769367874,2812
WR,2023,7y,7,16950,linear,B_gbm_huber,4.22077186892068,6.3153237011724,2.7974395023713794,0.3346580160182902,0.6868362417522549,-1.196089351850516,2812
WR,2023,7y,7,16950,linear,C_gbm_mae,3.9981642004315696,6.101732792503453,2.5381064435238807,0.3789020907821745,0.6885511701167323,-1.3811246663794132,2812
WR,2023,7y,7,16950,exponential,B_gbm_huber,4.239599323621421,6.395064574300144,2.75236350364515,0.3177499668772467,0.687897170970075,-1.3832208589491024,2812
WR,2023,7y,7,16950,exponential,C_gbm_mae,4.034470756128229,6.190986479907315,2.438852232417105,0.3605988569339676,0.6912733506302093,-1.5415127497530876,2812
WR,2024,3y,3,8226,,existing_methodology,4.331004190992526,6.144884804145419,3.0820577544631265,0.3766508089528886,0.6629810654582509,-0.4173214668023018,2739
WR,2024,3y,3,8226,none,B_gbm_huber,4.257239947543172,6.427085254882989,2.6949362222910542,0.3180821945365527,0.6980360839691178,-1.561004902152645,2739
WR,2024,3y,3,8226,none,C_gbm_mae,4.068942111920271,6.185749777183445,2.453421310941711,0.3683323945307506,0.7027008353916786,-1.2927791009816425,2739
WR,2024,3y,3,8226,linear,B_gbm_huber,4.336831819723783,6.519759049304988,2.747200894176511,0.2982749173552751,0.6948380076125821,-1.5672527777830096,2739
WR,2024,3y,3,8226,linear,C_gbm_mae,4.070708590890465,6.224769280652683,2.414247357881552,0.360338183783527,0.7031036846591989,-1.4181931224608466,2739
WR,2024,3y,3,8226,exponential,B_gbm_huber,4.359086905958369,6.523513828582551,2.8021654652296144,0.2974664268922792,0.6940075609698022,-1.5485995329992068,2739
WR,2024,3y,3,8226,exponential,C_gbm_mae,4.0731564744089175,6.251437772988414,2.3921408687920094,0.3548454955816554,0.7028420461405345,-1.5410222512504193,2739
WR,2024,5y,5,13226,,existing_methodology,4.369253427875875,6.109545517524215,3.122388218292718,0.3837999656119762,0.6705712151606255,-0.1853558985688003,2739
WR,2024,5y,5,13226,none,B_gbm_huber,4.279866758467413,6.393358153332656,2.7836881103762234,0.3252203495501911,0.6990171852153495,-1.3598956491118628,2739
WR,2024,5y,5,13226,none,C_gbm_mae,4.036428326596856,6.144157181382665,2.431849741616185,0.3767984231788823,0.7110366225560542,-1.2777913186965677,2739
WR,2024,5y,5,13226,linear,B_gbm_huber,4.260237016908852,6.370693903356277,2.772636583401719,0.3299960142474667,0.7012111628102228,-1.375516772903553,2739
WR,2024,5y,5,13226,linear,C_gbm_mae,4.049488700171951,6.161420495217,2.4213934978429106,0.3732914690878045,0.7089275317504751,-1.3543636230604337,2739
WR,2024,5y,5,13226,exponential,B_gbm_huber,4.271086341535592,6.391871419256091,2.750089443235653,0.3255341443448899,0.697796796814464,-1.4105757381214687,2739
WR,2024,5y,5,13226,exponential,C_gbm_mae,4.077982646416704,6.233813689281951,2.4269378096346235,0.3584780133671447,0.7071621723804963,-1.482211341644738,2739
WR,2024,7y,7,17669,,existing_methodology,4.400814671855821,6.113306365486347,3.1598173364706104,0.3830411046107369,0.6698428710553227,-0.0997463994223857,2739
WR,2024,7y,7,17669,none,B_gbm_huber,4.285474847569645,6.366889368383236,2.851716271244383,0.3307960189238219,0.7005821285809728,-1.2230508622594822,2739
WR,2024,7y,7,17669,none,C_gbm_mae,4.014533600778022,6.155584136808909,2.381382361208957,0.3744781964811278,0.7100966747151408,-1.3623510003343338,2739
WR,2024,7y,7,17669,linear,B_gbm_huber,4.295689219358812,6.445806739757616,2.759643237599258,0.3141036857130719,0.6975711169223293,-1.44802700209834,2739
WR,2024,7y,7,17669,linear,C_gbm_mae,4.074153555887799,6.215295621573822,2.445974403516516,0.3622837423418767,0.7074038369837119,-1.406783968323302,2739
WR,2024,7y,7,17669,exponential,B_gbm_huber,4.3420995050393305,6.533745226473363,2.802107874175796,0.2952610089491293,0.6921496860946139,-1.569541314247502,2739
WR,2024,7y,7,17669,exponential,C_gbm_mae,4.11570374913854,6.254689118142379,2.4499240609516217,0.3541742370554959,0.7018518578139463,-1.3968719917992696,2739
WR,2025,3y,3,8207,,existing_methodology,4.1304507505109935,5.943963163215551,2.8208767043826537,0.337703921730612,0.628894212548885,-0.7873030584197713,2723
WR,2025,3y,3,8207,none,B_gbm_huber,4.176269245372981,6.30042779814279,2.547058108600896,0.2558850280913585,0.597143927672405,-1.909493788673332,2723
WR,2025,3y,3,8207,none,C_gbm_mae,4.228504497323112,6.507264155992485,2.458117314329323,0.2062260566368202,0.5745085062756313,-2.284409689664798,2723
WR,2025,3y,3,8207,linear,B_gbm_huber,4.178509092858495,6.272636831634739,2.6652364971613114,0.2624350803302984,0.5937583661300391,-1.8159132091474428,2723
WR,2025,3y,3,8207,linear,C_gbm_mae,4.291616773177479,6.601920752383293,2.53457542954492,0.1829651553388225,0.5618935753895115,-2.3029542837696035,2723
WR,2025,3y,3,8207,exponential,B_gbm_huber,4.180958765513071,6.296699715357978,2.6442350290331715,0.2567653814753337,0.5947973944062096,-1.872715126440004,2723
WR,2025,3y,3,8207,exponential,C_gbm_mae,4.254287180861341,6.560330773473985,2.4892642932929894,0.1932268443937314,0.5676777806838434,-2.3005429192644744,2723
WR,2025,5y,5,13514,,existing_methodology,4.15610309896174,5.907404488155972,2.861721551479792,0.3458258450265528,0.6326781473955436,-0.5500465321494558,2723
WR,2025,5y,5,13514,none,B_gbm_huber,4.290435926987841,6.443823774871442,2.6960435423176663,0.221627875101067,0.560912487620766,-2.040264543343379,2723
WR,2025,5y,5,13514,none,C_gbm_mae,4.4050115356569215,6.814005498534407,2.566504426097594,0.1296279740501176,0.5177412616309512,-2.657039675233372,2723
WR,2025,5y,5,13514,linear,B_gbm_huber,4.246468918174686,6.374872425820835,2.6735171753382767,0.2381965046378183,0.5704392921876074,-1.9602686254880817,2723
WR,2025,5y,5,13514,linear,C_gbm_mae,4.434648628937997,6.821359924221788,2.650133705053839,0.127748157321018,0.5115557611972389,-2.502865904885582,2723
WR,2025,5y,5,13514,exponential,B_gbm_huber,4.259534609397082,6.395203642230197,2.693830062778802,0.2333295554492653,0.5723305574344371,-1.979146266225089,2723
WR,2025,5y,5,13514,exponential,C_gbm_mae,4.347820273645128,6.668101063517903,2.599849273528444,0.1665024802752507,0.5384121908111117,-2.367479823291492,2723
WR,2025,7y,7,18373,,existing_methodology,4.137780897020854,5.920454470656334,2.837177061397577,0.3429323946980662,0.6327960547702102,-0.6879273206875677,2723
WR,2025,7y,7,18373,none,B_gbm_huber,4.301207492765917,6.443898548294715,2.6906469935452915,0.2216098107069822,0.5576549066394502,-2.01476893927805,2723
WR,2025,7y,7,18373,none,C_gbm_mae,4.340890610096273,6.727215393410709,2.5267258172756746,0.1516586590991167,0.5623744136655855,-2.599672305931509,2723
WR,2025,7y,7,18373,linear,B_gbm_huber,4.273848540934235,6.427871529738469,2.7181956906662093,0.2254769603530243,0.5629748017984431,-2.073458698532596,2723
WR,2025,7y,7,18373,linear,C_gbm_mae,4.433669763633935,6.844929969088523,2.6008187605330324,0.1217099085320752,0.5266777676576478,-2.6215004950758867,2723
WR,2025,7y,7,18373,exponential,B_gbm_huber,4.271705988670378,6.405772976070432,2.7609562788947453,0.2307933134806501,0.5683332573348148,-1.999180248857001,2723
WR,2025,7y,7,18373,exponential,C_gbm_mae,4.412084253831888,6.784485835658779,2.599849273528444,0.1371528975140188,0.521172675535292,-2.560624052061416,2723
RB,2024,10y,10,14449,,existing_methodology,4.689159191488694,6.249839333358752,3.590789127453972,0.4026226696675086,0.67531251647515,0.0933408522240137,1500
RB,2024,10y,10,14449,none,B_gbm_huber,4.727576766766633,6.566269584187846,3.483224707641415,0.3406007481775001,0.678028737911457,-1.0782500026191886,1500
RB,2024,10y,10,14449,none,C_gbm_mae,4.385180846242787,6.278704325729342,2.9282424979064583,0.3970919318729118,0.6909642065775728,-1.0408577997746284,1500
RB,2024,10y,10,14449,linear,B_gbm_huber,4.667401060948356,6.542581081570578,3.3547980330418,0.3453498694210137,0.6820177944753494,-1.145903126359542,1500
RB,2024,10y,10,14449,linear,C_gbm_mae,4.388651558145392,6.280404966663837,2.9431397016888767,0.3967652819951895,0.6898133465341946,-1.1831942936387156,1500
RB,2024,10y,10,14449,exponential,B_gbm_huber,4.623790443910395,6.557449551819426,3.174331265903039,0.3423710125870065,0.6844553913031203,-1.3779783441502282,1500
RB,2024,10y,10,14449,exponential,C_gbm_mae,4.387607815222879,6.352969950584299,2.779728968303905,0.382744975106683,0.6917426976659912,-1.6045770213971535,1500
RB,2025,10y,10,14549,,existing_methodology,4.543477316597012,6.45059826674023,3.3100077190871806,0.3855861486262828,0.671669256797446,-0.6649724228435839,1552
RB,2025,10y,10,14549,none,B_gbm_huber,4.691561301265747,6.842574046200677,3.1990039797028054,0.3086467347512472,0.6483163557150212,-1.7009439505859711,1552
RB,2025,10y,10,14549,none,C_gbm_mae,4.797997322669821,7.250662397639997,2.875008769388893,0.2237236143673229,0.6410264256599952,-3.046550991092371,1552
RB,2025,10y,10,14549,linear,B_gbm_huber,4.712744699186396,6.964890129493709,3.0234246183364744,0.2837089140629798,0.6390914443766014,-2.0660887837723645,1552
RB,2025,10y,10,14549,linear,C_gbm_mae,4.792290506949559,7.279883696725138,2.8546609807706838,0.2174539764159918,0.6386467091205119,-2.999171953525464,1552
RB,2025,10y,10,14549,exponential,B_gbm_huber,4.745591404728931,7.11356381273602,2.964444237840284,0.2528023965791867,0.6292268759969147,-2.387261099617906,1552
RB,2025,10y,10,14549,exponential,C_gbm_mae,4.841201979656416,7.403058181691613,2.720656730901556,0.1907488374980446,0.6243497256232979,-3.1299375418302318,1552
RB,2023,all,17,23397,,existing_methodology,4.554915707870717,6.070658951677285,3.5500149001911776,0.3971415293992655,0.6879776620128337,0.5292140728467303,1515
RB,2023,all,17,23397,none,B_gbm_huber,4.570035815200207,6.353388326513259,3.314973240860992,0.3396799279284278,0.6859590544120782,-0.7177487850554984,1515
RB,2023,all,17,23397,none,C_gbm_mae,4.148539014301665,6.022335215351506,2.733211430265424,0.4067010925572596,0.7055639510416841,-0.9124052774845388,1515
RB,2023,all,17,23397,linear,B_gbm_huber,4.528375538159507,6.324161039681839,3.265662422109947,0.3457412520714157,0.6887081625436561,-0.7286105400227735,1515
RB,2023,all,17,23397,linear,C_gbm_mae,4.161274583804915,6.026541512244678,2.8129041852466017,0.4058720245017404,0.7039622988198392,-0.9314873746932136,1515
RB,2023,all,17,23397,exponential,B_gbm_huber,4.45468198981222,6.287823759807757,3.226052324604444,0.3532381146488987,0.6919314578415553,-0.7843047920848721,1515
RB,2023,all,17,23397,exponential,C_gbm_mae,4.186377978658004,6.050200269942572,2.827112073850417,0.4011980599479939,0.7003744420023124,-0.9447485473608614,1515
RB,2024,all,18,24912,,existing_methodology,4.686423615039497,6.249218102879121,3.6108044562552064,0.4027414216998848,0.6754327804780407,0.0882100411213265,1500
RB,2024,all,18,24912,none,B_gbm_huber,4.74712616062998,6.548503019588812,3.568954266889194,0.3441642358104528,0.675528210844823,-0.982496576162398,1500
RB,2024,all,18,24912,none,C_gbm_mae,4.349546840384438,6.231608855671911,2.8315213821391234,0.406102628117417,0.6953500647011821,-1.0667850439431217,1500
RB,2024,all,18,24912,linear,B_gbm_huber,4.716508251756279,6.538743876362426,3.446966841262387,0.3461175451168743,0.6801087699288382,-1.0505416852678455,1500
RB,2024,all,18,24912,linear,C_gbm_mae,4.368019154085134,6.23462776695572,2.9649335170050835,0.4055270599740915,0.6950229997489281,-1.0945235118690133,1500
RB,2024,all,18,24912,exponential,B_gbm_huber,4.619850606476933,6.55901217197117,3.174274291203032,0.3420575532946874,0.6852603183013714,-1.3720355755623113,1500
RB,2024,all,18,24912,exponential,C_gbm_mae,4.378182909312937,6.2917456105308975,2.8670355253741544,0.3945847708131421,0.6924757694388038,-1.2679092107250174,1500
RB,2025,all,19,26412,,existing_methodology,4.549180662972499,6.448716295152476,3.2903916678686587,0.3859446086283197,0.6720772739156652,-0.6352345651750995,1552
RB,2025,all,19,26412,none,B_gbm_huber,4.673572591161085,6.765037354044912,3.260155364238379,0.3242261148991185,0.6561265189177067,-1.420842555846329,1552
RB,2025,all,19,26412,none,C_gbm_mae,4.62618147515218,6.932921153347839,2.8749471198860657,0.2902694020485737,0.6486314345126183,-2.271593948192886,1552
RB,2025,all,19,26412,linear,B_gbm_huber,4.697406787273006,6.849909917151991,3.2153790006813496,0.3071635510969616,0.6505072619694657,-1.7153102453502016,1552
RB,2025,all,19,26412,linear,C_gbm_mae,4.629158761457797,6.957308973826523,2.795520470513281,0.2852674049295071,0.6432192481999631,-2.4160328104592907,1552
RB,2025,all,19,26412,exponential,B_gbm_huber,4.726590967159327,7.034304016946088,3.016253163460238,0.2693602849285796,0.6261509519396893,-2.2205122499770367,1552
RB,2025,all,19,26412,exponential,C_gbm_mae,4.817454769469337,7.308100628634088,2.7218217384999224,0.2113759009930137,0.6220292929337401,-2.9360563274054483,1552
TE,2023,3y,3,4857,,existing_methodology,2.9297922070520706,4.26666122713582,1.9704814727552973,0.4272950952069986,0.6588126367213786,0.0531202345448694,1629
TE,2023,3y,3,4857,none,B_gbm_huber,2.7141379641892813,4.471895986941919,1.4327834348794397,0.3708735167968717,0.7183067657218627,-1.130682469245057,1629
TE,2023,3y,3,4857,linear,B_gbm_huber,2.724829243244773,4.47444746635052,1.3674361721629569,0.3701554047462446,0.7167472521704397,-1.1479698795340982,1629
TE,2023,3y,3,4857,exponential,B_gbm_huber,2.72395471188601,4.480520763510813,1.3903917820386202,0.3684444317286315,0.7179058607231125,-1.1625398375735707,1629
TE,2023,5y,5,7832,,existing_methodology,2.924968491132826,4.256427290570835,1.9509178238911276,0.4300391596073868,0.6629206309050172,0.050372981736436,1629
TE,2023,5y,5,7832,none,B_gbm_huber,2.7211751955757864,4.5054841313871306,1.4426531224917132,0.3613873620144778,0.718784886916283,-1.1599736917867771,1629
TE,2023,5y,5,7832,linear,B_gbm_huber,2.722906815665587,4.493983640855303,1.4077126848573742,0.3646433873150334,0.7182031502955053,-1.1677738352698066,1629
TE,2023,5y,5,7832,exponential,B_gbm_huber,2.7160036872356854,4.46078709781663,1.4017593861655024,0.3739953316209212,0.7179854817352765,-1.1420943043315608,1629
TE,2023,7y,7,9955,,existing_methodology,2.9392594859386034,4.259045010421658,1.9781629761024195,0.4293378876266764,0.6621334432516595,0.0907101827069237,1629
TE,2023,7y,7,9955,none,B_gbm_huber,2.7114442677434885,4.453538221839288,1.5084439516643708,0.3760282209144667,0.7173085279914695,-1.0567548499038375,1629
TE,2023,7y,7,9955,linear,B_gbm_huber,2.7115839640887547,4.471825069638649,1.4292744148006982,0.3708934705703787,0.7189172522908033,-1.120849983017008,1629
TE,2023,7y,7,9955,exponential,B_gbm_huber,2.719252170992896,4.461918073848712,1.4368482500630284,0.373677860281392,0.7178453020241927,-1.0988310987593872,1629
TE,2024,3y,3,4939,,existing_methodology,2.925749470121708,4.258021060193178,1.982812502051365,0.4233178125537227,0.6724927138097447,0.0874868924025321,1691
TE,2024,3y,3,4939,none,B_gbm_huber,2.767794054497113,4.532554531875732,1.4589092130951835,0.3465580642805727,0.7082300577539332,-1.130965608919165,1691
TE,2024,3y,3,4939,linear,B_gbm_huber,2.764067029423777,4.503688800596417,1.404918137162337,0.3548544972463888,0.7049532321979568,-1.0961764880693403,1691
TE,2024,3y,3,4939,exponential,B_gbm_huber,2.7629869520161243,4.500309419583431,1.4219293141861609,0.3558223147827142,0.7074025716784327,-1.0921878569729169,1691
TE,2024,5y,5,7920,,existing_methodology,2.8934686807163903,4.242096993341478,1.8986210754386657,0.4276230774339801,0.6770609635262166,0.0170537324681519,1691
TE,2024,5y,5,7920,none,B_gbm_huber,2.746127034680068,4.4705692502883725,1.4677461146407145,0.3643082428528762,0.7111215165768462,-1.0491796022452524,1691
TE,2024,5y,5,7920,linear,B_gbm_huber,2.756831830698775,4.48738932766288,1.416941666875397,0.3595157887090193,0.7056586558882904,-1.0628369312110155,1691
TE,2024,5y,5,7920,exponential,B_gbm_huber,2.7586789523540656,4.483064906922894,1.4596599421009913,0.360749641373557,0.7038769049533969,-1.0456420053912563,1691
TE,2024,7y,7,10557,,existing_methodology,2.919698853720027,4.247816262875014,1.9158678221527667,0.4260786598274871,0.678384520890726,0.0732839822340026,1691
TE,2024,7y,7,10557,none,B_gbm_huber,2.7547033721361407,4.482988923617832,1.5372129754692925,0.3607713104523652,0.7110364390752315,-1.048570924629682,1691
TE,2024,7y,7,10557,linear,B_gbm_huber,2.747101596684353,4.475279655269148,1.4723656569578267,0.3629679468169184,0.7089707522404505,-1.0573428507810558,1691
TE,2024,7y,7,10557,exponential,B_gbm_huber,2.744342127443349,4.4761623177959935,1.464443917268777,0.3627166374843511,0.7081482013314623,-1.0837001274082418,1691
TE,2025,3y,3,4993,,existing_methodology,2.9812057314591693,4.847622120624418,1.6646207486169031,0.321285099677506,0.6433376367820766,-1.3386241968012291,1691
TE,2025,3y,3,4993,none,B_gbm_huber,3.2143186258883865,5.311085027509474,1.5636767861054015,0.1853025159875606,0.5847404049030486,-2.219983877135941,1691
TE,2025,3y,3,4993,linear,B_gbm_huber,3.235923550595532,5.39189257163149,1.6365692657870663,0.1603228635709361,0.5788866950585624,-2.240903136459074,1691
TE,2025,3y,3,4993,exponential,B_gbm_huber,3.2446081356810628,5.369874006886188,1.6368847109582971,0.1671667444386835,0.5843148967544082,-2.236341894544475,1691
TE,2025,5y,5,8177,,existing_methodology,2.9609326832612606,4.815726554438531,1.654283773908966,0.3301871046488848,0.6521988455954592,-1.3001663193080475,1691
TE,2025,5y,5,8177,none,B_gbm_huber,3.282592577700684,5.484806325253071,1.6137825613302064,0.1311346861131819,0.5750358907462024,-2.3458809220532664,1691
TE,2025,5y,5,8177,linear,B_gbm_huber,3.3092396310796133,5.557637226468222,1.598414088216562,0.1079067438228988,0.5648680240241302,-2.39201639624152,1691
TE,2025,5y,5,8177,exponential,B_gbm_huber,3.2630501648298824,5.4483733302502895,1.6504665078218683,0.1426392782162379,0.577719211101249,-2.299942283809309,1691
TE,2025,7y,7,11152,,existing_methodology,2.954389517426899,4.711386074741333,1.725393933600292,0.3588978187823255,0.6620920672121265,-0.9824677484209224,1691
TE,2025,7y,7,11152,none,B_gbm_huber,3.0924042609710973,5.159606004590417,1.6042493649062148,0.231112243272909,0.5929639675424206,-1.9082998569698464,1691
TE,2025,7y,7,11152,linear,B_gbm_huber,3.147431283191618,5.287526596557779,1.6009300878500268,0.1925140093262773,0.5805859589152398,-2.058828365103574,1691
TE,2025,7y,7,11152,exponential,B_gbm_huber,3.167306914810192,5.330198581331437,1.5996027406033453,0.1794280914615631,0.5796738818660082,-2.1167399623650454,1691
TE,2023,10y,10,13031,,existing_methodology,2.9470534389895406,4.259062057821334,2.0414736967498106,0.4293333193140358,0.6633518030301454,0.124717773070364,1629
TE,2023,10y,10,13031,none,B_gbm_huber,2.7160140872652563,4.433457912852613,1.534569765834496,0.381642318567167,0.7162115027331066,-0.9907799105395312,1629
TE,2023,10y,10,13031,linear,B_gbm_huber,2.7119077965455647,4.468436147380815,1.4983423157524585,0.3718466318561887,0.7168369748696379,-1.0819916314477538,1629
TE,2023,10y,10,13031,exponential,B_gbm_huber,2.704886974281846,4.442377550972429,1.4011840308536885,0.3791516779984082,0.7200286113163626,-1.096880547992212,1629
TE,2024,10y,10,13674,,existing_methodology,2.9299750184027693,4.251306417056814,1.9603281157371415,0.4251351647518168,0.6779740393245278,0.0960914056422653,1691
TE,2024,10y,10,13674,none,B_gbm_huber,2.7544339442446613,4.466462430816031,1.5593808788648893,0.3654756432505056,0.7093660704926976,-0.9955770364705362,1691
TE,2024,10y,10,13674,linear,B_gbm_huber,2.751001010829707,4.47562167645255,1.5254026972954806,0.3628705733345402,0.7107444309935141,-1.0395326323403518,1691
TE,2024,10y,10,13674,exponential,B_gbm_huber,2.760412162804423,4.499474138758029,1.476729150084961,0.3560614180461678,0.7079975386835577,-1.11468121588531,1691
TE,2025,10y,10,14335,,existing_methodology,2.981620569052147,4.616172771423108,1.831155731645918,0.3845482988062525,0.6679564157885016,-0.5939573857395049,1691
TE,2025,10y,10,14335,none,B_gbm_huber,3.060993926624505,5.08043454332682,1.731404762331639,0.2545275690035349,0.5966483728501801,-1.759648438148762,1691
TE,2025,10y,10,14335,linear,B_gbm_huber,3.087900321053522,5.141441536737436,1.63051192604422,0.2365164746832924,0.5842807015981373,-1.8842134796102896,1691
TE,2025,10y,10,14335,exponential,B_gbm_huber,3.1094588629812683,5.174804030035542,1.6019336479819153,0.2265759333019219,0.5875334890921547,-1.8931646842382128,1691
TE,2023,all,17,19491,,existing_methodology,2.952231668320445,4.260901043603745,2.0491591190386487,0.4288404058676863,0.6623414515474704,0.13930224670427,1629
TE,2023,all,17,19491,none,B_gbm_huber,2.741317241977117,4.423833671877953,1.5567606097880586,0.3843240915456962,0.7070431937331729,-0.8851211409747948,1629
TE,2023,all,17,19491,linear,B_gbm_huber,2.7175655405724,4.459943144517149,1.5186347475110802,0.374232181628093,0.7151197689870978,-1.0039806744110715,1629
TE,2023,all,17,19491,exponential,B_gbm_huber,2.710396206111477,4.4762262127964805,1.4191039104797047,0.369654535519678,0.7212182638552153,-1.149450356240057,1629
TE,2024,all,18,21120,,existing_methodology,2.9344554703420838,4.255797164783335,1.9511593583489464,0.4239200387719519,0.6769370826745764,0.0945669116265449,1691
TE,2024,all,18,21120,none,B_gbm_huber,2.7807514432245606,4.432532078353634,1.6442456298765116,0.3750796009096205,0.7014951820378211,-0.8469254776315869,1691
TE,2024,all,18,21120,linear,B_gbm_huber,2.7595119792509184,4.451417798335161,1.5890794111895308,0.3697430510356647,0.7092246290015758,-0.9555438096302554,1691
TE,2024,all,18,21120,exponential,B_gbm_huber,2.7553730710337674,4.486461591881819,1.4587396079571924,0.3597805924304328,0.709677187082082,-1.1099942220359864,1691
TE,2025,all,19,22811,,existing_methodology,2.9877448483891254,4.590091920509651,1.9,0.3914831170074153,0.6700534961848497,-0.4737740206372323,1691
TE,2025,all,19,22811,none,B_gbm_huber,3.0559051833086275,5.002153764654705,1.7609446197872654,0.2773234844786467,0.600495739334718,-1.576508472522584,1691
TE,2025,all,19,22811,linear,B_gbm_huber,3.088166120141697,5.104760228497472,1.6879835484103012,0.2473716686119367,0.587676686822006,-1.7365438341025876,1691
TE,2025,all,19,22811,exponential,B_gbm_huber,3.194310602345896,5.346162016573179,1.5893165657054815,0.1745056625243213,0.570930779541276,-2.0330853451440305,1691
WR,2023,10y,10,22950,,existing_methodology,4.368363986628534,6.023349168349884,3.241239750075044,0.3947569985438337,0.6655115274902359,0.1150674201269479,2812
WR,2023,10y,10,22950,none,B_gbm_huber,4.294018872699341,6.233517017888151,3.0273930829311597,0.3517836275825151,0.6857478044343052,-0.7464263443519388,2812
WR,2023,10y,10,22950,none,C_gbm_mae,3.984448187504224,6.004734386897866,2.601954543374539,0.3984921487835984,0.6942165777832656,-1.0177087953031216,2812
WR,2023,10y,10,22950,linear,B_gbm_huber,4.232702875624317,6.255138680442068,2.899001742637016,0.3472790043237989,0.6870690991393795,-0.9940874387622364,2812
WR,2023,10y,10,22950,linear,C_gbm_mae,3.980322363097631,6.073476434481566,2.497724490929512,0.384641224121375,0.6931673459826927,-1.2998500520074423,2812
WR,2023,10y,10,22950,exponential,B_gbm_huber,4.234590469313497,6.382787686012627,2.735527838326364,0.3203669436234895,0.6851709031131845,-1.3833908958539824,2812
WR,2023,10y,10,22950,exponential,C_gbm_mae,4.04786972078162,6.20920344097848,2.499519931391367,0.3568304485245971,0.6879846426980256,-1.552224315040607,2812
WR,2024,10y,10,23793,,existing_methodology,4.4074204771254895,6.116179378538048,3.199733252283889,0.3824610756173691,0.6697285374416683,-0.0789420091385813,2739
WR,2024,10y,10,23793,none,B_gbm_huber,4.310256332115122,6.332375484812356,2.948329466905696,0.3380316483996987,0.6963136007181819,-1.0273742510165174,2739
WR,2024,10y,10,23793,none,C_gbm_mae,4.029363023881586,6.108454424428929,2.427581113689264,0.3840200381413132,0.7090055237572022,-1.154324672459857,2739
WR,2024,10y,10,23793,linear,B_gbm_huber,4.291984839867917,6.387714723042807,2.840324500931392,0.3264110825360825,0.6987484255970153,-1.2591282255206258,2739
WR,2024,10y,10,23793,linear,C_gbm_mae,4.032504088831485,6.160557479873579,2.427201286027936,0.3734670199043849,0.7086568035510453,-1.3368408766768258,2739
WR,2024,10y,10,23793,exponential,B_gbm_huber,4.27337885482083,6.421290594643529,2.7710185860825933,0.3193112744410902,0.6980552341337101,-1.4515199472287907,2739
WR,2024,10y,10,23793,exponential,C_gbm_mae,4.052655620920975,6.190751557923096,2.4070421474285517,0.3673104520521946,0.7060034356598833,-1.4031165906409788,2739
WR,2025,10y,10,24508,,existing_methodology,4.18753607312471,5.891790382492649,2.973054566359834,0.3492794244859983,0.6335722998086113,-0.4021537369179573,2723
WR,2025,10y,10,24508,none,B_gbm_huber,4.321848563036192,6.347880067686563,2.808798531780978,0.2446340732511202,0.5552489966752023,-1.6244579045819132,2723
WR,2025,10y,10,24508,none,C_gbm_mae,4.505270148790708,6.953237975117139,2.714403801223023,0.0936954681143777,0.5139248002040756,-2.6130166175443303,2723
WR,2025,10y,10,24508,linear,B_gbm_huber,4.296950223181216,6.393680573446381,2.8004049958749238,0.2336946893337587,0.5557000901018262,-1.85115038721266,2723
WR,2025,10y,10,24508,linear,C_gbm_mae,4.32913435761745,6.6817693558873605,2.5987574822606785,0.163081967041577,0.5573545840741284,-2.476782396004934,2723
WR,2025,10y,10,24508,exponential,B_gbm_huber,4.299987998201016,6.416292518483994,2.7790329766836828,0.2282648609490507,0.5549923880056354,-1.918965635256617,2723
WR,2025,10y,10,24508,exponential,C_gbm_mae,4.479193191373212,6.926157489091965,2.612376209241112,0.1007412139015744,0.5136782132291436,-2.7557103657573365,2723
WR,2023,all,17,35741,,existing_methodology,4.374492087829556,6.027663414233208,3.246361664282865,0.3938896730133219,0.6643875982500616,0.1199252749916435,2812
WR,2023,all,17,35741,none,B_gbm_huber,4.33239292669747,6.216944005294804,3.125888123375669,0.3552258631726648,0.6842280447122118,-0.5888810000507652,2812
WR,2023,all,17,35741,none,C_gbm_mae,3.964601772383569,6.01770493027363,2.517577102196351,0.3958907648048239,0.6957863115939905,-1.1745957854381686,2812
WR,2023,all,17,35741,linear,B_gbm_huber,4.275151639578308,6.227993265336604,2.9903323637977777,0.3529319361168052,0.6846748295260318,-0.7824738792672963,2812
WR,2023,all,17,35741,linear,C_gbm_mae,3.986807834234301,6.055745832252664,2.5491774073163374,0.3882288747041964,0.6897447840424293,-1.205247971336277,2812
WR,2023,all,17,35741,exponential,B_gbm_huber,4.224023639653857,6.322880172819005,2.8017372316688585,0.3330648607236449,0.6835110585227643,-1.2355823658466856,2812
WR,2023,all,17,35741,exponential,C_gbm_mae,4.0188028773118,6.140109399076831,2.533084588329622,0.3710647804494698,0.6886180151900188,-1.4179396948038228,2812
WR,2024,all,18,38553,,existing_methodology,4.416526923143964,6.123292925783544,3.210478929979555,0.3810237577546911,0.6680903180024834,-0.0660209823824512,2739
WR,2024,all,18,38553,none,B_gbm_huber,4.377848641595227,6.3061231136681215,3.075611291261494,0.3435089660600109,0.6921571692209368,-0.760141590557862,2739
WR,2024,all,18,38553,none,C_gbm_mae,4.008464063214599,6.1325470167901095,2.402707649103268,0.3791514348274442,0.7055959031633747,-1.2402348110966572,2739
WR,2024,all,18,38553,linear,B_gbm_huber,4.344925445897426,6.382037488340137,2.9597221709937256,0.3276078870751202,0.6943343828391803,-1.0645608986547812,2739
WR,2024,all,18,38553,linear,C_gbm_mae,4.000223431595369,6.147752825034946,2.354950958024642,0.3760687978115725,0.7103639829234477,-1.354168793472608,2739
WR,2024,all,18,38553,exponential,B_gbm_huber,4.273074194749042,6.404455138753756,2.759593651268561,0.3228758794730948,0.6960542510676752,-1.3887317978535083,2739
WR,2024,all,18,38553,exponential,C_gbm_mae,4.056530686798446,6.220990884467098,2.441462924385071,0.3611144895828847,0.7051932534200047,-1.4638328480873355,2739
WR,2025,all,19,41292,,existing_methodology,4.203040404694661,5.886364067072318,3.00826858895992,0.3504774946272322,0.6336112574215791,-0.3164857149040539,2723
WR,2025,all,19,41292,none,B_gbm_huber,4.304902469084685,6.200449554782053,2.9684573688442875,0.2793136077706242,0.5823827932385166,-1.1357240119602885,2723
WR,2025,all,19,41292,none,C_gbm_mae,4.14116381072526,6.3094556776164845,2.5185386389982405,0.2537510164184523,0.5882123406754557,-1.9197717335214,2723
WR,2025,all,19,41292,linear,B_gbm_huber,4.302057505303264,6.286341265613764,2.868136527312269,0.2592087014148397,0.5688427044391382,-1.486079570043459,2723
WR,2025,all,19,41292,linear,C_gbm_mae,4.4072136505144766,6.774529229141234,2.63815001886805,0.1396835904473091,0.5329390089059731,-2.5023718402335207,2723
WR,2025,all,19,41292,exponential,B_gbm_huber,4.317095329106908,6.478237083294632,2.7404623968285984,0.213291866122951,0.5657624848824317,-2.03221338962441,2723
WR,2025,all,19,41292,exponential,C_gbm_mae,4.632601844727313,7.198815201654789,2.7297585773129653,0.0285465051701441,0.4912868908590594,-3.0343818668668834,2723
