position,season,model,mae,rmse,medae,r2,spearman,bias,n,p25_pinball,p25_coverage,p50_pinball,p50_coverage,p75_pinball,p75_coverage,p90_pinball,p90_coverage
QB,2023,baseline_recent_game,7.3728285077951,9.700940188173576,5.700000000000002,-0.2027231710941832,0.4024784162066525,-0.0906458797327393,898,,,,,,,,
QB,2023,baseline_rolling3,6.388567186340015,8.231139908422872,5.216666666666667,0.1341194358632458,0.4517532502269954,-0.1020415738678544,898,,,,,,,,
QB,2023,baseline_rolling5,6.175237564959168,7.943136445927025,4.83,0.1936528230084633,0.4660249701057355,-0.090430586488493,898,,,,,,,,
QB,2023,baseline_position_role,7.231824835539132,8.88656687664899,6.386681612785752,-0.0078176713935675,-0.0612376792541846,0.7489934529159284,908,,,,,,,,
QB,2023,existing_methodology,6.8938789476894335,8.841172288413308,5.769992821673024,0.0024523506613114,0.3804193657439333,-1.7664204014293203,908,,,,,,,,
QB,2023,A_gbm_mse,6.282615830523411,7.886453528878067,5.37130080879532,0.2062615126924836,0.4445721853029363,-0.0406191481930778,908,,,,,,,,
QB,2023,B_gbm_huber,6.4470513898147415,7.951175754320658,5.6614772447620485,0.1931800123485491,0.4517618510105294,-0.019052695626469,908,,,,,,,,
QB,2023,C_gbm_mae,6.185709609111893,7.789772317989713,5.2416140285468185,0.2256033414901938,0.4576171720700365,-0.5308837239855861,908,,,,,,,,
QB,2023,D_hurdle,6.240782794030446,7.825916573794306,5.214310082904201,0.2184003255261523,0.4595830996287821,0.3107477723498901,908,,,,,,,,
QB,2023,D_hurdle_t5,6.184177976386765,7.807883994942643,5.095003929088535,0.2219981199931709,0.4638185617615667,-0.4355715609862216,908,,,,,,,,
QB,2023,F_yeojohnson_huber,6.214572782038683,7.873433874743372,5.17736812441013,0.2088800966313195,0.4499615945428989,-0.8240311577932968,908,,,,,,,,
QB,2023,E_quantile_gbm,6.189099118566125,7.807143937363826,5.301435956271902,0.2221455962880226,0.4545722453766583,-0.4861127891924432,908,2.3614597798790964,0.3039647577092511,3.0945495592830623,0.5055066079295154,2.6254055097366797,0.7015418502202643,1.541934157403004,0.8359030837004405
QB,2024,baseline_recent_game,7.570092378752887,9.92591320165737,6.100000000000001,-0.1889605476143976,0.4180497109352543,0.098729792147806,866,,,,,,,,
QB,2024,baseline_rolling3,6.586200923787528,8.465531385852575,5.2333333333333325,0.1351616369136635,0.4641640889995283,0.2042917628945344,866,,,,,,,,
QB,2024,baseline_rolling5,6.517986913010008,8.312059174093136,5.369999999999999,0.166234826970071,0.4619876074128389,0.2657775211701308,866,,,,,,,,
QB,2024,baseline_position_role,7.432389052575512,9.127907345181724,6.679744816586921,-0.0027255738712836,-0.1116499492297725,0.4390401005541312,877,,,,,,,,
QB,2024,existing_methodology,6.664980218567057,8.616417040781235,5.510718099606074,0.1065030644168905,0.461155123879485,-1.3256454482632087,877,,,,,,,,
QB,2024,A_gbm_mse,6.434494526022887,7.972882363484071,5.464672574256375,0.2349842823761595,0.4909385997228549,0.894240230822926,877,,,,,,,,
QB,2024,B_gbm_huber,6.656781319187584,8.219173743277397,6.044445463981399,0.18698985027245,0.4713463592750043,0.2156664002367406,877,,,,,,,,
QB,2024,C_gbm_mae,6.336977044841516,7.929675614891795,5.409037492575401,0.2432533818991148,0.4925300026319388,0.3497135797507661,877,,,,,,,,
QB,2024,D_hurdle,6.509379214671686,8.0493366212859,5.45151214699481,0.2202420251275211,0.4815139780151523,1.136853929709951,877,,,,,,,,
QB,2024,D_hurdle_t5,6.633729546208953,8.140667295630077,5.623505024826271,0.2024468091414867,0.468046731786558,1.278923612951441,877,,,,,,,,
QB,2024,F_yeojohnson_huber,6.349001044472709,7.986193028880677,5.370214922279729,0.2324277744821091,0.4844588081478871,0.4111438145942541,877,,,,,,,,
QB,2024,E_quantile_gbm,6.424542689237268,8.023009211938724,5.387189807253101,0.2253344782530327,0.4785805694343964,0.6456762105535746,877,2.428775575322543,0.3443557582668187,3.212271344618634,0.5815279361459521,2.711929008384291,0.7616875712656784,1.5719324493599287,0.8745724059293044
QB,2025,baseline_recent_game,7.788372093023256,10.185526355857972,5.95,-0.3174228245427311,0.3632707549491646,-0.0232558139534883,946,,,,,,,,
QB,2025,baseline_rolling3,6.6792283298097255,8.59451492580937,5.266666666666668,0.0620040355591107,0.4214899925450434,0.0437455954897816,946,,,,,,,,
QB,2025,baseline_rolling5,6.542847075405215,8.310462225739904,5.329999999999999,0.1229818338790496,0.433372162841487,0.0480338266384778,946,,,,,,,,
QB,2025,baseline_position_role,7.430388346309733,8.91041177598974,6.75873830365228,-0.0042555267460562,0.0202490472165171,0.5925330969981847,959,,,,,,,,
QB,2025,existing_methodology,7.035896238401164,8.891869383613539,5.918391088052649,-8.020349271009586e-05,0.4186387366919029,-2.1107248051359653,959,,,,,,,,
QB,2025,A_gbm_mse,6.344368653303108,7.747565172506106,5.602916138514031,0.2407598647372235,0.4922334425373765,0.3287303025778524,959,,,,,,,,
QB,2025,B_gbm_huber,6.622385613556279,7.993769220248554,5.9806018280138655,0.191738498057661,0.4841031865361223,0.1267469167314821,959,,,,,,,,
QB,2025,C_gbm_mae,6.315455207714369,7.842406937559387,5.413895514401169,0.2220576238041353,0.4808291971812804,-0.5995759167975204,959,,,,,,,,
QB,2025,D_hurdle,6.384992575279628,7.816771653155033,5.583153116581336,0.2271351923927804,0.4768695022997558,0.3874838229801465,959,,,,,,,,
QB,2025,D_hurdle_t5,6.418625228913484,7.888040852892869,5.590346086278053,0.2129777983616738,0.4734640723162248,0.4491941616785089,959,,,,,,,,
QB,2025,F_yeojohnson_huber,6.319793748039941,7.829738290871081,5.4502485773342855,0.2245689744400512,0.4849806632411039,-0.8035144165540609,959,,,,,,,,
QB,2025,E_quantile_gbm,6.278861839074281,7.786675414178186,5.436589081085387,0.2330751242140405,0.4948908839692464,-0.6840061927203488,959,2.2855457833743804,0.2877997914494264,3.1394309195371406,0.5005213764337852,2.6282086857598586,0.7340980187695516,1.4743318850342004,0.8915537017726799
RB,2023,baseline_recent_game,5.406594259115594,7.595573105373224,3.7,-0.0643666977980017,0.518221041413854,0.0055081458494956,1289,,,,,,,,
RB,2023,baseline_rolling3,4.806051202482545,6.621195067252623,3.4333333333333336,0.1911966389948957,0.5786432616318129,-0.0154900439617273,1289,,,,,,,,
RB,2023,baseline_rolling5,4.639959917248514,6.384977498997275,3.360000000000001,0.2478769060662219,0.5935220740236998,0.0096082234290147,1289,,,,,,,,
RB,2023,baseline_position_role,5.94449821831057,7.377517192385361,5.685938027242461,-0.0080714458219699,-0.0408188349137473,0.646450748287718,1312,,,,,,,,
RB,2023,existing_methodology,4.60511848569808,6.081296018510177,3.7118510184617617,0.3150432641748947,0.6210597016449928,0.3635640440772013,1312,,,,,,,,
RB,2023,A_gbm_mse,4.657246454927836,6.16913157150544,3.7052752068787447,0.2951139460232536,0.5968576936241405,0.2488175008495577,1312,,,,,,,,
RB,2023,B_gbm_huber,4.580745544338506,6.23376621415532,3.50193571256501,0.2802662396820081,0.6052455336130258,-0.6084901980961611,1312,,,,,,,,
RB,2023,C_gbm_mae,4.327218635833978,6.109184579196941,3.0827663452675047,0.3087464948813795,0.6098341685534453,-0.9003406592758737,1312,,,,,,,,
RB,2023,D_hurdle,4.622921084529428,6.137875583648928,3.647730250494957,0.3022384812045753,0.5960431091122198,0.1231166465449864,1312,,,,,,,,
RB,2023,D_hurdle_t5,4.409709932393344,6.169626270667983,3.11832112934974,0.2950008926646608,0.5955880830503245,-0.8008941174531021,1312,,,,,,,,
RB,2023,F_yeojohnson_huber,4.352626106427327,6.217530553277263,2.884904684961513,0.2840104083834159,0.6066315281378896,-1.3087399064156389,1312,,,,,,,,
RB,2023,E_quantile_gbm,4.350721728349899,6.130201742748862,3.137491713838013,0.3039821345538419,0.6063002834479089,-0.9396451534329312,1312,1.4624323200450289,0.2736280487804878,2.1753608641749493,0.5327743902439024,2.0438499825246037,0.7439024390243902,1.3110934346417231,0.868140243902439
RB,2024,baseline_recent_game,5.769608595548733,7.898391571013431,4.2,0.0131553867270239,0.520133189361378,-0.0145817344589408,1303,,,,,,,,
RB,2024,baseline_rolling3,4.974238935789204,6.735681749433984,3.733333333333333,0.2823138384387741,0.5921537338292038,-0.0170376055257097,1303,,,,,,,,
RB,2024,baseline_rolling5,4.862839600920951,6.528265352448605,3.64,0.3258336815298153,0.6018137790648043,-0.0075876183167049,1303,,,,,,,,
RB,2024,baseline_position_role,6.360549805424776,7.937421152647485,5.986278748036247,-0.0002558190726078,-0.0589322442521238,0.0997239385852434,1324,,,,,,,,
RB,2024,existing_methodology,4.830900766748759,6.382044503379952,3.84757204235661,0.3533461094947403,0.6162781597127871,0.0170932656830245,1324,,,,,,,,
RB,2024,A_gbm_mse,4.756287657965292,6.411802501934491,3.52904617228228,0.3473016550406019,0.6212208636572258,-0.1093201450373249,1324,,,,,,,,
RB,2024,B_gbm_huber,4.775834617210156,6.6396770645012655,3.47635022425972,0.3000836282821927,0.6290089324059612,-1.3406971872499502,1324,,,,,,,,
RB,2024,C_gbm_mae,4.544303982053431,6.471463948058529,2.99842337600122,0.335098503539128,0.6276458960483229,-1.5309339933507715,1324,,,,,,,,
RB,2024,D_hurdle,4.749999093580885,6.353869860946785,3.601583016397804,0.3590430381611196,0.6236669594088377,-0.0443782051654124,1324,,,,,,,,
RB,2024,D_hurdle_t5,4.623638384037183,6.4232168670321,3.3010250481063643,0.3449757042284839,0.6239075666927099,-0.7040101587585708,1324,,,,,,,,
RB,2024,F_yeojohnson_huber,4.517072622905963,6.418781989708139,3.030623190625488,0.3458799083372018,0.6355695972963216,-1.3756612575133824,1324,,,,,,,,
RB,2024,E_quantile_gbm,4.551777854501356,6.476881484248447,2.962591204237313,0.3339848032402311,0.6305198380239186,-1.515232869218707,1324,1.5470216053167465,0.2787009063444108,2.275888927250678,0.4901812688821752,2.142875000260079,0.7220543806646526,1.322687855407901,0.8904833836858006
RB,2025,baseline_recent_game,5.915846153846154,8.498543766660624,4.0,-0.1274576409083723,0.5050133481576591,0.0578461538461538,1300,,,,,,,,
RB,2025,baseline_rolling3,5.030461538461538,7.055139788544054,3.699999999999999,0.2229974396243891,0.5905336271401795,0.1149999999999998,1300,,,,,,,,
RB,2025,baseline_rolling5,4.850544871794871,6.745205797770258,3.56,0.2897657481236634,0.6083560648379743,0.1284089743589744,1300,,,,,,,,
RB,2025,baseline_position_role,6.242737195715542,7.979824950517497,5.947767056000247,-0.0022912088643938,-0.0369225706211381,0.3764804356371715,1328,,,,,,,,
RB,2025,existing_methodology,4.707932739619893,6.347679931678689,3.653155182958339,0.3657839439841042,0.6339320056020264,0.2416375808757277,1328,,,,,,,,
RB,2025,A_gbm_mse,4.570495915833463,6.518397745955958,3.217799958622739,0.3312113311320814,0.6125640239427084,-0.9565521465284068,1328,,,,,,,,
RB,2025,B_gbm_huber,4.711090572951341,6.701781311667625,3.37318032137108,0.2930516319584916,0.6196499367927133,-1.114552824319826,1328,,,,,,,,
RB,2025,C_gbm_mae,4.51305032905257,6.575277150268751,2.9387750179615777,0.3194887354799466,0.6136366288479764,-1.4951203223993066,1328,,,,,,,,
RB,2025,D_hurdle,4.569548317319557,6.506673878295035,3.246931461361104,0.3336149091288902,0.6126399618383,-0.9398946319577705,1328,,,,,,,,
RB,2025,D_hurdle_t5,4.5632689686956,6.693055940205232,2.928138695091829,0.2948912538050628,0.6163735813805411,-1.7851221388853142,1328,,,,,,,,
RB,2025,F_yeojohnson_huber,4.500229036003329,6.636887872403813,2.8368021500393006,0.3066761292049714,0.6231439129396452,-1.7950440520901725,1328,,,,,,,,
RB,2025,E_quantile_gbm,4.51684771293175,6.595117832509404,2.887632473752139,0.3153756986963674,0.6145306880786651,-1.5378012134819306,1328,1.4973230117732212,0.2658132530120481,2.258423856465875,0.4871987951807229,2.166154608755468,0.7078313253012049,1.423771497428563,0.8396084337349398
WR,2023,baseline_recent_game,6.056786703601108,8.436193077880334,4.2,-0.1804973629041011,0.4217316836946514,0.031578947368421,2166,,,,,,,,
WR,2023,baseline_rolling3,5.109056632810096,6.999102257797216,3.699999999999999,0.1874376846517245,0.5138813310608793,0.0296321945213912,2166,,,,,,,,
WR,2023,baseline_rolling5,4.9981540473992,6.756262806663262,3.8,0.2428445222663597,0.529125246640929,0.0750315481686672,2166,,,,,,,,
WR,2023,baseline_position_role,6.124912158506461,7.760679387173792,5.73549182573751,-0.0051126399459338,0.01471630720205,0.5587825069843442,2205,,,,,,,,
WR,2023,existing_methodology,4.752329297211434,6.384105166038729,3.6918471398471935,0.3198333783276962,0.5681940056875028,-0.0572307188317905,2205,,,,,,,,
WR,2023,A_gbm_mse,4.818888301370158,6.49787798764453,3.6775964613174055,0.295374501710581,0.5353117033024415,-0.2253993905696206,2205,,,,,,,,
WR,2023,B_gbm_huber,4.871039753440554,6.720733889821018,3.663395616804814,0.2462129885036525,0.5553915070716353,-0.8527096651978466,2205,,,,,,,,
WR,2023,C_gbm_mae,4.6611560366648455,6.676727270965914,3.097285979552299,0.2560520972144349,0.5433841071154558,-1.603683813917588,2205,,,,,,,,
WR,2023,D_hurdle,4.82871880970533,6.521434298648205,3.7452018839702426,0.2902563804132962,0.5408275617678391,-0.2836410608933328,2205,,,,,,,,
WR,2023,D_hurdle_t5,4.631884814728135,6.666328614528068,3.142881482427497,0.2583676132090089,0.5470563028821247,-1.619024179180519,2205,,,,,,,,
WR,2023,F_yeojohnson_huber,4.66304379884079,6.661210975269331,3.211243631078795,0.259505855980826,0.5476902954265987,-1.5835673808427786,2205,,,,,,,,
WR,2023,E_quantile_gbm,4.660290099578377,6.653289997702876,3.1582368413947264,0.2612658813488336,0.5469072539139949,-1.5298978644110512,2205,1.572661664870163,0.2643990929705215,2.3301450497891887,0.4975056689342403,2.182663019195549,0.7378684807256236,1.3573545793242112,0.8884353741496599
WR,2024,baseline_recent_game,6.150816522574448,8.499607834090543,4.200000000000001,-0.1949842178249563,0.4447068201610439,-0.0154658981748318,2082,,,,,,,,
WR,2024,baseline_rolling3,5.266346461735511,7.1428823471339165,3.8166666666666655,0.1560603588311242,0.51533300566842,-0.0096701889209092,2082,,,,,,,,
WR,2024,baseline_rolling5,5.059175472302274,6.865118724532876,3.68,0.2204203427972275,0.5355024436901603,-0.004484470060839,2082,,,,,,,,
WR,2024,baseline_position_role,6.169874664477735,7.755333308607966,5.648684771986932,-0.0006980563606155,-0.0374193510975388,0.1848002095773149,2118,,,,,,,,
WR,2024,existing_methodology,4.8858754536684685,6.558892727502634,3.799268688739132,0.2842470002141227,0.5593184013787892,-0.3214800379363138,2118,,,,,,,,
WR,2024,A_gbm_mse,4.904732769099847,6.52483609714298,3.856132534622981,0.2916607057256927,0.5621491146900267,-0.1124476819417279,2118,,,,,,,,
WR,2024,B_gbm_huber,4.950711602696485,6.782778935691875,3.764918272252333,0.2345489088066673,0.5656689243687466,-1.154825158236433,2118,,,,,,,,
WR,2024,C_gbm_mae,4.737927981368598,6.659507840419924,3.3078501775581164,0.2621188939476563,0.5680133007051699,-1.5373276026748597,2118,,,,,,,,
WR,2024,D_hurdle,4.926713792658171,6.539517976469012,3.878015871483676,0.2884693757361304,0.5577903511618785,-0.0611653845421244,2118,,,,,,,,
WR,2024,D_hurdle_t5,4.794017737156025,6.6084055766260565,3.5148313750657163,0.2733998235541821,0.5570933081418644,-0.9261812728785924,2118,,,,,,,,
WR,2024,F_yeojohnson_huber,4.770593515733947,6.707502456936847,3.3000355306596454,0.2514448514019635,0.5635463183485557,-1.6043477826334105,2118,,,,,,,,
WR,2024,E_quantile_gbm,4.745084340779564,6.679084899088855,3.2793828714964923,0.2577741961284653,0.5685900552404579,-1.606581777610815,2118,1.6017639713806815,0.26109537299339,2.372542170389782,0.4915014164305949,2.211336243834634,0.7318224740321058,1.3883626127818454,0.884324834749764
WR,2025,baseline_recent_game,6.081110029211295,8.418437941268168,4.200000000000001,-0.3067380860329867,0.3580719876867639,0.1366114897760467,2054,,,,,,,,
WR,2025,baseline_rolling3,5.076468679000325,6.833656173847888,3.866666666666668,0.1389432653415862,0.4752653403757479,0.2470301850048688,2054,,,,,,,,
WR,2025,baseline_rolling5,4.880202044790653,6.5564928004964855,3.640000000000001,0.2073733011199794,0.5079818854599779,0.2989281077572216,2054,,,,,,,,
WR,2025,baseline_position_role,5.895363554119382,7.383348490166553,5.420739822546972,-0.010533255934535,0.0389817133559768,0.7627428238626488,2083,,,,,,,,
WR,2025,existing_methodology,4.723905191860824,6.233540779629905,3.905494504152784,0.2796998825633722,0.5389083779480422,0.2521075620560087,2083,,,,,,,,
WR,2025,A_gbm_mse,4.767032377028067,6.291742644649204,3.771327356866875,0.2661863672226118,0.5315173500476433,0.3452426110844914,2083,,,,,,,,
WR,2025,B_gbm_huber,4.6796107662495166,6.424397076369089,3.556939943509353,0.2349168676998863,0.5279692753406733,-0.7611525429846648,2083,,,,,,,,
WR,2025,C_gbm_mae,4.536018665045549,6.299898905676472,3.191087428228552,0.2642825846635034,0.53339466240024,-0.9116653813907828,2083,,,,,,,,
WR,2025,D_hurdle,4.7417357089424375,6.295974681831283,3.754981485007797,0.2651988598833044,0.5314575443754455,0.1865369025012282,2083,,,,,,,,
WR,2025,D_hurdle_t5,4.639419559253654,6.3666434672649626,3.371565848319812,0.2486108221912044,0.530027914333021,-0.5372623406098181,2083,,,,,,,,
WR,2025,F_yeojohnson_huber,4.528033073657056,6.35474373786554,3.056380443275918,0.251417001595666,0.5331786181293443,-1.18148585428736,2083,,,,,,,,
WR,2025,E_quantile_gbm,4.534861837681815,6.33068569600008,3.161762759721487,0.2570743031100143,0.5327057081243667,-0.9912714756893491,2083,1.5158640193678432,0.2794047047527604,2.2674309188409074,0.5271243398943831,2.153446276596682,0.7618819011041766,1.337281173202025,0.8929428708593375
TE,2023,baseline_recent_game,4.627928772258669,6.525753178404355,3.0,-0.2369315347881948,0.3721260033411076,0.0191190253045922,1067,,,,,,,,
TE,2023,baseline_rolling3,3.980037488284911,5.402532227813237,2.9333333333333345,0.1522279250156544,0.4633944490877521,0.0219618869103403,1067,,,,,,,,
TE,2023,baseline_rolling5,3.778289597000937,5.16313278813959,2.8000000000000003,0.2256969610177047,0.4886704741843006,0.007799125273352,1067,,,,,,,,
TE,2023,baseline_position_role,4.520901258654713,5.839574839236722,3.996116329479768,-0.000539692895439,-0.0421763921842078,0.0969397345596423,1087,,,,,,,,
TE,2023,existing_methodology,3.5985521652764514,4.890248796464636,2.74451290008802,0.2983286005063785,0.5335793229504319,-0.0315736450383787,1087,,,,,,,,
TE,2023,A_gbm_mse,3.6201243180662415,4.888749630236557,2.787237540926599,0.2987587466479137,0.5156035340967735,0.1347851679501117,1087,,,,,,,,
TE,2023,B_gbm_huber,3.537871302434765,5.100135220894781,2.515378614614612,0.2368054741527294,0.5273780154803573,-1.1417637010396116,1087,,,,,,,,
TE,2023,C_gbm_mae,3.4628690676492973,5.059430414276203,2.262689414421584,0.2489391587385866,0.5221249288231059,-1.2520832041895855,1087,,,,,,,,
TE,2023,D_hurdle,3.698981841384298,4.879862451703623,2.9521424817518964,0.301305979419997,0.512214277951974,0.4597462617853206,1087,,,,,,,,
TE,2023,D_hurdle_t5,3.5580269547799843,5.009259304467304,2.4639283123431595,0.2637608762129678,0.5045792229397034,-0.5995334879287656,1087,,,,,,,,
TE,2023,F_yeojohnson_huber,3.468526508140295,4.991572000981032,2.403672170230028,0.2689509029408395,0.52249039228758,-1.036124740858985,1087,,,,,,,,
TE,2023,E_quantile_gbm,3.479822946595914,5.055860985273742,2.3285968515620006,0.2499985320106622,0.5143459595982411,-1.1898319108953266,1087,1.1931513616480118,0.2796688132474701,1.739911473297957,0.5022999080036799,1.6553464766172157,0.7378104875804968,1.0264461068193238,0.8840846366145354
TE,2024,baseline_recent_game,4.800459136822773,6.5595198204961696,3.6,-0.2381196050518008,0.3829059817491376,-0.017722681359045,1089,,,,,,,,
TE,2024,baseline_rolling3,4.017187021732477,5.486399203185326,2.900000000000002,0.1338495955205444,0.4776920024880502,0.0284511784511782,1089,,,,,,,,
TE,2024,baseline_rolling5,3.836559534741353,5.155159473480982,2.8000000000000007,0.2352795355614738,0.5206416323233354,0.0639393939393939,1089,,,,,,,,
TE,2024,baseline_position_role,4.639986049444818,5.881525310588528,4.237378106959355,-0.000288267464612,-0.0720018509429944,0.0523737161768974,1102,,,,,,,,
TE,2024,existing_methodology,3.688288095147288,4.947645940707517,2.8564329650982963,0.2921480036788421,0.553030873688603,-0.094660025550043,1102,,,,,,,,
TE,2024,A_gbm_mse,3.707145419559776,5.057284927900368,2.8046085111752546,0.2604286491222478,0.5364310714678288,-0.1065042737051347,1102,,,,,,,,
TE,2024,B_gbm_huber,3.6624121825617135,5.138949474427169,2.546248090586193,0.2363507494725644,0.5365491486540699,-1.1291624244487686,1102,,,,,,,,
TE,2024,C_gbm_mae,3.6190092709227977,5.040574920741099,2.5252236311961846,0.2653078782049355,0.5300511710087672,-0.7917860782463494,1102,,,,,,,,
TE,2024,D_hurdle,3.7667629985732343,5.045868794748758,2.9312670274074115,0.2637638440435753,0.5349297881698921,-0.0366431841781235,1102,,,,,,,,
TE,2024,D_hurdle_t5,3.7410970507019337,5.357080957390717,2.373819187557391,0.1701460730239626,0.5028838564214696,-1.5209514896296132,1102,,,,,,,,
TE,2024,F_yeojohnson_huber,3.605792951214347,5.039750445064918,2.523708734248599,0.2655482024750815,0.5267367606572094,-0.8691243176354023,1102,,,,,,,,
TE,2024,E_quantile_gbm,3.63903799188849,5.068718143587383,2.557518705843429,0.2570809093984066,0.5254791188910911,-0.832674952164682,1102,1.256867813554369,0.3339382940108893,1.819518995944245,0.5381125226860254,1.693685509496188,0.7395644283121597,1.0481444176330006,0.8738656987295825
TE,2025,baseline_recent_game,5.045381165919283,7.057723562410763,3.5,-0.3080133406800229,0.371656297355752,0.0878923766816143,1115,,,,,,,,
TE,2025,baseline_rolling3,4.242406576980567,5.918562444973216,3.1,0.0801535133841794,0.4563390899010024,0.0827653213751866,1115,,,,,,,,
TE,2025,baseline_rolling5,4.054775784753362,5.60753162712239,2.9600000000000004,0.1742922721758195,0.4810802064739155,0.0505216741405082,1115,,,,,,,,
TE,2025,baseline_position_role,4.633880487051574,6.160985024164615,4.105572888602756,-0.0010786656121863,-0.0610845453247299,-0.1856028673927532,1124,,,,,,,,
TE,2025,existing_methodology,3.791178314211988,5.220770718274833,2.8959647664950574,0.2811518803871085,0.5457434128470523,0.0055313612580486,1124,,,,,,,,
TE,2025,A_gbm_mse,3.819703747356247,5.231404968982935,2.981139652185468,0.2782204371062399,0.526264593377941,0.0465578360849876,1124,,,,,,,,
TE,2025,B_gbm_huber,3.725546248888104,5.451469238820687,2.5583584168185656,0.2162184584139154,0.530954959736301,-1.1921447095597002,1124,,,,,,,,
TE,2025,C_gbm_mae,3.682090297614372,5.397931786467651,2.467344490614596,0.231537491810344,0.5255316268217503,-1.287983346607278,1124,,,,,,,,
TE,2025,D_hurdle,3.8976044909675633,5.303478287501271,3.0255377617066266,0.2581954545660886,0.5228496416119741,0.2584854419040703,1124,,,,,,,,
TE,2025,D_hurdle_t5,3.6992419786184265,5.357334347840265,2.5723627204684822,0.2430531216133155,0.528505680969939,-1.0176298532797194,1124,,,,,,,,
TE,2025,F_yeojohnson_huber,3.699708234967727,5.399238639520798,2.5025378760489807,0.2311653533015006,0.5197559014241094,-1.2011499647341672,1124,,,,,,,,
TE,2025,E_quantile_gbm,3.6718561490487462,5.3433870954950695,2.547109827833089,0.2469892532774232,0.5252830689350234,-1.0562011643847249,1124,1.2318943555837687,0.2393238434163701,1.8359280745243731,0.5106761565836299,1.7392207388316372,0.7704626334519573,1.0984745479529725,0.8887900355871886
