player_id,season,week,team,position,player,data_source
00-0024315,2006,1,SF,RB,Michael Robinson,unresolved_historical_stats_coverage
00-0020507,2006,2,NE,RB,Heath Evans,unresolved_historical_stats_coverage
00-0024315,2006,2,SF,RB,Michael Robinson,unresolved_historical_stats_coverage
00-0024315,2006,3,SF,RB,Michael Robinson,unresolved_historical_stats_coverage
00-0024315,2006,4,SF,RB,Michael Robinson,unresolved_historical_stats_coverage
00-0024315,2006,5,SF,RB,Michael Robinson,unresolved_historical_stats_coverage
00-0024315,2006,6,SF,RB,Michael Robinson,unresolved_historical_stats_coverage
00-0022970,2006,7,JAX,RB,Derrick Wimbush,unresolved_historical_stats_coverage
00-0024315,2006,8,SF,RB,Michael Robinson,unresolved_historical_stats_coverage
00-0024315,2006,9,SF,RB,Michael Robinson,unresolved_historical_stats_coverage
00-0024315,2006,10,SF,RB,Michael Robinson,unresolved_historical_stats_coverage
00-0024315,2006,11,SF,RB,Michael Robinson,unresolved_historical_stats_coverage
00-0024315,2006,12,SF,RB,Michael Robinson,unresolved_historical_stats_coverage
00-0020024,2006,13,ARI,TE,Fred Wakefield,unresolved_historical_stats_coverage
00-0022970,2006,13,JAX,RB,Derrick Wimbush,unresolved_historical_stats_coverage
00-0022970,2006,14,JAX,RB,Derrick Wimbush,unresolved_historical_stats_coverage
00-0024315,2006,14,SF,RB,Michael Robinson,unresolved_historical_stats_coverage
00-0024315,2006,15,SF,RB,Michael Robinson,unresolved_historical_stats_coverage
00-0020024,2006,16,ARI,TE,Fred Wakefield,unresolved_historical_stats_coverage
00-0022970,2006,17,JAX,RB,Derrick Wimbush,unresolved_historical_stats_coverage
00-0024315,2006,17,SF,RB,Michael Robinson,unresolved_historical_stats_coverage
00-0024315,2007,2,SF,RB,Michael Robinson,unresolved_historical_stats_coverage
00-0024315,2007,3,SF,RB,Michael Robinson,unresolved_historical_stats_coverage
00-0022529,2007,4,IND,RB,Luke Lawton,unresolved_historical_stats_coverage
00-0024315,2007,4,SF,RB,Michael Robinson,unresolved_historical_stats_coverage
00-0022529,2007,5,IND,RB,Luke Lawton,unresolved_historical_stats_coverage
00-0024315,2007,5,SF,RB,Michael Robinson,unresolved_historical_stats_coverage
00-0024315,2007,7,SF,RB,Michael Robinson,unresolved_historical_stats_coverage
00-0024315,2007,8,SF,RB,Michael Robinson,unresolved_historical_stats_coverage
00-0024315,2007,9,SF,RB,Michael Robinson,unresolved_historical_stats_coverage
00-0024364,2007,11,NYJ,TE,Jason Pociask,unresolved_historical_stats_coverage
00-0025631,2007,11,ATL,RB,Jason Snelling,unresolved_historical_stats_coverage
00-0024315,2007,12,SF,RB,Michael Robinson,unresolved_historical_stats_coverage
00-0025337,2007,12,KC,RB,Gilbert Harris,unresolved_historical_stats_coverage
00-0025631,2007,12,ATL,RB,Jason Snelling,unresolved_historical_stats_coverage
00-0022529,2007,13,IND,RB,Luke Lawton,unresolved_historical_stats_coverage
00-0025337,2007,13,KC,RB,Gilbert Harris,unresolved_historical_stats_coverage
00-0024315,2007,14,SF,RB,Michael Robinson,unresolved_historical_stats_coverage
00-0025337,2007,14,KC,RB,Gilbert Harris,unresolved_historical_stats_coverage
00-0025631,2007,14,ATL,RB,Jason Snelling,unresolved_historical_stats_coverage
00-0024315,2007,15,SF,RB,Michael Robinson,unresolved_historical_stats_coverage
00-0025337,2007,15,KC,RB,Gilbert Harris,unresolved_historical_stats_coverage
00-0025631,2007,15,ATL,RB,Jason Snelling,unresolved_historical_stats_coverage
00-0025631,2007,16,ATL,RB,Jason Snelling,unresolved_historical_stats_coverage
00-0021279,2007,17,PIT,RB,Verron Haynes,unresolved_historical_stats_coverage
00-0022529,2007,17,IND,RB,Luke Lawton,unresolved_historical_stats_coverage
00-0025631,2007,17,ATL,RB,Jason Snelling,unresolved_historical_stats_coverage
00-0025631,2008,4,ATL,RB,Jason Snelling,unresolved_historical_stats_coverage
00-0024315,2008,6,SF,RB,Michael Robinson,unresolved_historical_stats_coverage
00-0024315,2008,7,SF,RB,Michael Robinson,unresolved_historical_stats_coverage
00-0024315,2008,8,SF,RB,Michael Robinson,unresolved_historical_stats_coverage
00-0025631,2008,8,ATL,RB,Jason Snelling,unresolved_historical_stats_coverage
00-0025631,2008,9,ATL,RB,Jason Snelling,unresolved_historical_stats_coverage
00-0024315,2008,10,SF,RB,Michael Robinson,unresolved_historical_stats_coverage
00-0024315,2008,11,SF,RB,Michael Robinson,unresolved_historical_stats_coverage
00-0025631,2008,11,ATL,RB,Jason Snelling,unresolved_historical_stats_coverage
00-0024315,2008,12,SF,RB,Michael Robinson,unresolved_historical_stats_coverage
00-0025631,2008,12,ATL,RB,Jason Snelling,unresolved_historical_stats_coverage
00-0025631,2008,13,ATL,RB,Jason Snelling,unresolved_historical_stats_coverage
00-0024315,2008,14,SF,RB,Michael Robinson,unresolved_historical_stats_coverage
00-0025631,2008,14,ATL,RB,Jason Snelling,unresolved_historical_stats_coverage
00-0024315,2008,15,SF,RB,Michael Robinson,unresolved_historical_stats_coverage
00-0024315,2008,16,SF,RB,Michael Robinson,unresolved_historical_stats_coverage
00-0025631,2008,16,ATL,RB,Jason Snelling,unresolved_historical_stats_coverage
00-0024315,2008,17,SF,RB,Michael Robinson,unresolved_historical_stats_coverage
00-0024714,2008,17,BAL,TE,Edgar Jones,unresolved_historical_stats_coverage
00-0025631,2009,1,ATL,RB,Jason Snelling,unresolved_historical_stats_coverage
00-0024315,2009,2,SF,RB,Michael Robinson,unresolved_historical_stats_coverage
00-0025631,2009,2,ATL,RB,Jason Snelling,unresolved_historical_stats_coverage
00-0027093,2009,2,CAR,RB,Tony Fiammetta,unresolved_historical_stats_coverage
00-0027122,2009,2,KC,WR,Quinten Lawrence,unresolved_historical_stats_coverage
00-0024315,2009,3,SF,RB,Michael Robinson,unresolved_historical_stats_coverage
00-0025631,2009,3,ATL,RB,Jason Snelling,unresolved_historical_stats_coverage
00-0027093,2009,3,CAR,RB,Tony Fiammetta,unresolved_historical_stats_coverage
00-0024315,2009,4,SF,RB,Michael Robinson,unresolved_historical_stats_coverage
00-0024315,2009,5,SF,RB,Michael Robinson,unresolved_historical_stats_coverage
00-0025631,2009,5,ATL,RB,Jason Snelling,unresolved_historical_stats_coverage
00-0027109,2009,5,HOU,TE,James Casey,unresolved_historical_stats_coverage
00-0025631,2009,6,ATL,RB,Jason Snelling,unresolved_historical_stats_coverage
00-0021279,2009,7,ATL,RB,Verron Haynes,unresolved_historical_stats_coverage
00-0024315,2009,7,SF,RB,Michael Robinson,unresolved_historical_stats_coverage
00-0025631,2009,7,ATL,RB,Jason Snelling,unresolved_historical_stats_coverage
00-0021279,2009,8,ATL,RB,Verron Haynes,unresolved_historical_stats_coverage
00-0027109,2009,8,HOU,TE,James Casey,unresolved_historical_stats_coverage
00-0024315,2009,9,SF,RB,Michael Robinson,unresolved_historical_stats_coverage
00-0024315,2009,10,SF,RB,Michael Robinson,unresolved_historical_stats_coverage
00-0025631,2009,10,ATL,RB,Jason Snelling,unresolved_historical_stats_coverage
00-0027093,2009,10,CAR,RB,Tony Fiammetta,unresolved_historical_stats_coverage
00-0025631,2009,11,ATL,RB,Jason Snelling,unresolved_historical_stats_coverage
00-0026344,2009,11,MIA,RB,Lex Hilliard,unresolved_historical_stats_coverage
00-0027109,2009,11,HOU,TE,James Casey,unresolved_historical_stats_coverage
00-0025631,2009,12,ATL,RB,Jason Snelling,unresolved_historical_stats_coverage
00-0026344,2009,12,MIA,RB,Lex Hilliard,unresolved_historical_stats_coverage
00-0027109,2009,12,HOU,TE,James Casey,unresolved_historical_stats_coverage
00-0025631,2009,13,ATL,RB,Jason Snelling,unresolved_historical_stats_coverage
00-0026344,2009,13,MIA,RB,Lex Hilliard,unresolved_historical_stats_coverage
00-0027122,2009,13,KC,WR,Quinten Lawrence,unresolved_historical_stats_coverage
00-0024714,2009,14,BAL,TE,Edgar Jones,unresolved_historical_stats_coverage
00-0025631,2009,14,ATL,RB,Jason Snelling,unresolved_historical_stats_coverage
00-0026344,2009,14,MIA,RB,Lex Hilliard,unresolved_historical_stats_coverage
00-0024315,2009,15,SF,RB,Michael Robinson,unresolved_historical_stats_coverage
00-0024825,2009,15,DET,TE,Jake Nordin,unresolved_historical_stats_coverage
00-0025631,2009,15,ATL,RB,Jason Snelling,unresolved_historical_stats_coverage
00-0026344,2009,15,MIA,RB,Lex Hilliard,unresolved_historical_stats_coverage
00-0024315,2009,16,SF,RB,Michael Robinson,unresolved_historical_stats_coverage
00-0024825,2009,16,DET,TE,Jake Nordin,unresolved_historical_stats_coverage
00-0025631,2009,16,ATL,RB,Jason Snelling,unresolved_historical_stats_coverage
00-0026344,2009,16,MIA,RB,Lex Hilliard,unresolved_historical_stats_coverage
00-0026393,2009,16,LV,WR,Marcel Reece,unresolved_historical_stats_coverage
00-0025631,2009,17,ATL,RB,Jason Snelling,unresolved_historical_stats_coverage
00-0026344,2009,17,MIA,RB,Lex Hilliard,unresolved_historical_stats_coverage
00-0026393,2009,17,LV,WR,Marcel Reece,unresolved_historical_stats_coverage
00-0027122,2009,17,KC,WR,Quinten Lawrence,unresolved_historical_stats_coverage
00-0025631,2010,1,ATL,RB,Jason Snelling,unresolved_historical_stats_coverage
00-0025631,2010,2,ATL,RB,Jason Snelling,unresolved_historical_stats_coverage
00-0025631,2010,3,ATL,RB,Jason Snelling,unresolved_historical_stats_coverage
00-0025631,2010,4,ATL,RB,Jason Snelling,unresolved_historical_stats_coverage
00-0027618,2010,4,WAS,WR,Brandon Banks,unresolved_historical_stats_coverage
00-0025631,2010,5,ATL,RB,Jason Snelling,unresolved_historical_stats_coverage
00-0025631,2010,6,ATL,RB,Jason Snelling,unresolved_historical_stats_coverage
00-0027618,2010,6,WAS,WR,Brandon Banks,unresolved_historical_stats_coverage
00-0025631,2010,7,ATL,RB,Jason Snelling,unresolved_historical_stats_coverage
00-0025631,2010,9,ATL,RB,Jason Snelling,unresolved_historical_stats_coverage
00-0027109,2010,9,HOU,TE,James Casey,unresolved_historical_stats_coverage
00-0025631,2010,10,ATL,RB,Jason Snelling,unresolved_historical_stats_coverage
00-0026344,2010,10,MIA,RB,Lex Hilliard,unresolved_historical_stats_coverage
00-0027109,2010,10,HOU,TE,James Casey,unresolved_historical_stats_coverage
00-0025631,2010,11,ATL,RB,Jason Snelling,unresolved_historical_stats_coverage
00-0027109,2010,11,HOU,TE,James Casey,unresolved_historical_stats_coverage
00-0027618,2010,11,WAS,WR,Brandon Banks,unresolved_historical_stats_coverage
00-0025631,2010,12,ATL,RB,Jason Snelling,unresolved_historical_stats_coverage
00-0027109,2010,12,HOU,TE,James Casey,unresolved_historical_stats_coverage
00-0027618,2010,12,WAS,WR,Brandon Banks,unresolved_historical_stats_coverage
00-0027109,2010,13,HOU,TE,James Casey,unresolved_historical_stats_coverage
00-0027618,2010,13,WAS,WR,Brandon Banks,unresolved_historical_stats_coverage
00-0025631,2010,15,ATL,RB,Jason Snelling,unresolved_historical_stats_coverage
00-0025631,2010,16,ATL,RB,Jason Snelling,unresolved_historical_stats_coverage
00-0026344,2010,16,MIA,RB,Lex Hilliard,unresolved_historical_stats_coverage
00-0027109,2010,16,HOU,TE,James Casey,unresolved_historical_stats_coverage
00-0025631,2010,17,ATL,RB,Jason Snelling,unresolved_historical_stats_coverage
00-0025631,2011,1,ATL,RB,Jason Snelling,unresolved_historical_stats_coverage
00-0026069,2011,1,LAC,RB,Mike Tolbert,unresolved_historical_stats_coverage
00-0026344,2011,1,MIA,RB,Lex Hilliard,unresolved_historical_stats_coverage
00-0025631,2011,2,ATL,RB,Jason Snelling,unresolved_historical_stats_coverage
00-0026069,2011,2,LAC,RB,Mike Tolbert,unresolved_historical_stats_coverage
00-0025631,2011,3,ATL,RB,Jason Snelling,unresolved_historical_stats_coverage
00-0026069,2011,3,LAC,RB,Mike Tolbert,unresolved_historical_stats_coverage
00-0026344,2011,3,MIA,RB,Lex Hilliard,unresolved_historical_stats_coverage
00-0026069,2011,4,LAC,RB,Mike Tolbert,unresolved_historical_stats_coverage
00-0026344,2011,4,MIA,RB,Lex Hilliard,unresolved_historical_stats_coverage
00-0025631,2011,5,ATL,RB,Jason Snelling,unresolved_historical_stats_coverage
00-0026069,2011,5,LAC,RB,Mike Tolbert,unresolved_historical_stats_coverage
00-0025631,2011,6,ATL,RB,Jason Snelling,unresolved_historical_stats_coverage
00-0026344,2011,6,MIA,RB,Lex Hilliard,unresolved_historical_stats_coverage
00-0027612,2011,6,MIN,RB,Ryan D'Imperio,unresolved_historical_stats_coverage
00-0025631,2011,7,ATL,RB,Jason Snelling,unresolved_historical_stats_coverage
00-0026069,2011,7,LAC,RB,Mike Tolbert,unresolved_historical_stats_coverage
00-0027612,2011,7,MIN,RB,Ryan D'Imperio,unresolved_historical_stats_coverage
00-0026344,2011,8,MIA,RB,Lex Hilliard,unresolved_historical_stats_coverage
00-0027612,2011,8,MIN,RB,Ryan D'Imperio,unresolved_historical_stats_coverage
00-0025631,2011,9,ATL,RB,Jason Snelling,unresolved_historical_stats_coverage
00-0026069,2011,9,LAC,RB,Mike Tolbert,unresolved_historical_stats_coverage
00-0025631,2011,10,ATL,RB,Jason Snelling,unresolved_historical_stats_coverage
00-0026069,2011,10,LAC,RB,Mike Tolbert,unresolved_historical_stats_coverage
00-0027612,2011,10,MIN,RB,Ryan D'Imperio,unresolved_historical_stats_coverage
00-0025631,2011,11,ATL,RB,Jason Snelling,unresolved_historical_stats_coverage
00-0026069,2011,11,LAC,RB,Mike Tolbert,unresolved_historical_stats_coverage
00-0026344,2011,11,MIA,RB,Lex Hilliard,unresolved_historical_stats_coverage
00-0027612,2011,11,MIN,RB,Ryan D'Imperio,unresolved_historical_stats_coverage
00-0025631,2011,12,ATL,RB,Jason Snelling,unresolved_historical_stats_coverage
00-0026069,2011,12,LAC,RB,Mike Tolbert,unresolved_historical_stats_coverage
00-0025631,2011,13,ATL,RB,Jason Snelling,unresolved_historical_stats_coverage
00-0026069,2011,13,LAC,RB,Mike Tolbert,unresolved_historical_stats_coverage
00-0026344,2011,13,MIA,RB,Lex Hilliard,unresolved_historical_stats_coverage
00-0025631,2011,14,ATL,RB,Jason Snelling,unresolved_historical_stats_coverage
00-0026069,2011,14,LAC,RB,Mike Tolbert,unresolved_historical_stats_coverage
00-0026344,2011,14,MIA,RB,Lex Hilliard,unresolved_historical_stats_coverage
00-0027618,2011,14,WAS,WR,Brandon Banks,unresolved_historical_stats_coverage
00-0025631,2011,15,ATL,RB,Jason Snelling,unresolved_historical_stats_coverage
00-0026069,2011,15,LAC,RB,Mike Tolbert,unresolved_historical_stats_coverage
00-0025631,2011,16,ATL,RB,Jason Snelling,unresolved_historical_stats_coverage
00-0026069,2011,16,LAC,RB,Mike Tolbert,unresolved_historical_stats_coverage
00-0026344,2011,16,MIA,RB,Lex Hilliard,unresolved_historical_stats_coverage
00-0027612,2011,16,MIN,RB,Ryan D'Imperio,unresolved_historical_stats_coverage
00-0027618,2011,16,WAS,WR,Brandon Banks,unresolved_historical_stats_coverage
00-0028253,2011,16,MIA,TE,Will Yeatman,unresolved_historical_stats_coverage
00-0025631,2011,17,ATL,RB,Jason Snelling,unresolved_historical_stats_coverage
00-0026069,2011,17,LAC,RB,Mike Tolbert,unresolved_historical_stats_coverage
00-0026344,2011,17,MIA,RB,Lex Hilliard,unresolved_historical_stats_coverage
00-0027618,2011,17,WAS,WR,Brandon Banks,unresolved_historical_stats_coverage
00-0028543,2011,17,HOU,WR,Jeff Maehl,unresolved_historical_stats_coverage
00-0025631,2012,1,ATL,RB,Jason Snelling,unresolved_historical_stats_coverage
00-0027618,2012,1,WAS,WR,Brandon Banks,unresolved_historical_stats_coverage
00-0029675,2012,1,CLE,RB,Trent Richardson,unresolved_historical_stats_coverage
00-0025631,2012,2,ATL,RB,Jason Snelling,unresolved_historical_stats_coverage
00-0029675,2012,2,CLE,RB,Trent Richardson,unresolved_historical_stats_coverage
00-0025631,2012,3,ATL,RB,Jason Snelling,unresolved_historical_stats_coverage
00-0027567,2012,3,KC,TE,Steve Maneri,unresolved_historical_stats_coverage
00-0027618,2012,3,WAS,WR,Brandon Banks,unresolved_historical_stats_coverage
00-0029675,2012,3,CLE,RB,Trent Richardson,unresolved_historical_stats_coverage
00-0025631,2012,4,ATL,RB,Jason Snelling,unresolved_historical_stats_coverage
00-0027567,2012,4,KC,TE,Steve Maneri,unresolved_historical_stats_coverage
00-0029358,2012,4,KC,RB,Nate Eachus,unresolved_historical_stats_coverage
00-0029675,2012,4,CLE,RB,Trent Richardson,unresolved_historical_stats_coverage
00-0025631,2012,5,ATL,RB,Jason Snelling,unresolved_historical_stats_coverage
00-0029675,2012,5,CLE,RB,Trent Richardson,unresolved_historical_stats_coverage
00-0025631,2012,6,ATL,RB,Jason Snelling,unresolved_historical_stats_coverage
00-0027567,2012,6,KC,TE,Steve Maneri,unresolved_historical_stats_coverage
00-0027618,2012,6,WAS,WR,Brandon Banks,unresolved_historical_stats_coverage
00-0029358,2012,6,KC,RB,Nate Eachus,unresolved_historical_stats_coverage
00-0029675,2012,6,CLE,RB,Trent Richardson,unresolved_historical_stats_coverage
00-0029675,2012,7,CLE,RB,Trent Richardson,unresolved_historical_stats_coverage
00-0025631,2012,8,ATL,RB,Jason Snelling,unresolved_historical_stats_coverage
00-0026344,2012,8,NYJ,RB,Lex Hilliard,unresolved_historical_stats_coverage
00-0029675,2012,8,CLE,RB,Trent Richardson,unresolved_historical_stats_coverage
00-0025631,2012,9,ATL,RB,Jason Snelling,unresolved_historical_stats_coverage
00-0027618,2012,9,WAS,WR,Brandon Banks,unresolved_historical_stats_coverage
00-0029675,2012,9,CLE,RB,Trent Richardson,unresolved_historical_stats_coverage
00-0025631,2012,10,ATL,RB,Jason Snelling,unresolved_historical_stats_coverage
00-0025631,2012,11,ATL,RB,Jason Snelling,unresolved_historical_stats_coverage
00-0026344,2012,11,NYJ,RB,Lex Hilliard,unresolved_historical_stats_coverage
00-0027618,2012,11,WAS,WR,Brandon Banks,unresolved_historical_stats_coverage
00-0029675,2012,11,CLE,RB,Trent Richardson,unresolved_historical_stats_coverage
00-0025631,2012,12,ATL,RB,Jason Snelling,unresolved_historical_stats_coverage
00-0027618,2012,12,WAS,WR,Brandon Banks,unresolved_historical_stats_coverage
00-0029675,2012,12,CLE,RB,Trent Richardson,unresolved_historical_stats_coverage
00-0025631,2012,13,ATL,RB,Jason Snelling,unresolved_historical_stats_coverage
00-0028581,2012,13,KC,RB,Patrick DiMarco,unresolved_historical_stats_coverage
00-0029675,2012,13,CLE,RB,Trent Richardson,unresolved_historical_stats_coverage
00-0025631,2012,14,ATL,RB,Jason Snelling,unresolved_historical_stats_coverage
00-0026344,2012,14,NYJ,RB,Lex Hilliard,unresolved_historical_stats_coverage
00-0027567,2012,14,KC,TE,Steve Maneri,unresolved_historical_stats_coverage
00-0029675,2012,14,CLE,RB,Trent Richardson,unresolved_historical_stats_coverage
00-0025631,2012,15,ATL,RB,Jason Snelling,unresolved_historical_stats_coverage
00-0029675,2012,15,CLE,RB,Trent Richardson,unresolved_historical_stats_coverage
00-0025631,2012,16,ATL,RB,Jason Snelling,unresolved_historical_stats_coverage
00-0027567,2012,16,KC,TE,Steve Maneri,unresolved_historical_stats_coverage
00-0029675,2012,16,CLE,RB,Trent Richardson,unresolved_historical_stats_coverage
00-0025631,2012,17,ATL,RB,Jason Snelling,unresolved_historical_stats_coverage
00-0026344,2012,17,NYJ,RB,Lex Hilliard,unresolved_historical_stats_coverage
00-0025631,2013,1,ATL,RB,Jason Snelling,unresolved_historical_stats_coverage
00-0029675,2013,1,CLE,RB,Trent Richardson,unresolved_historical_stats_coverage
00-0025631,2013,2,ATL,RB,Jason Snelling,unresolved_historical_stats_coverage
00-0027109,2013,2,PHI,TE,James Casey,unresolved_historical_stats_coverage
00-0027925,2013,2,NE,RB,James Develin,unresolved_historical_stats_coverage
00-0025631,2013,3,ATL,RB,Jason Snelling,unresolved_historical_stats_coverage
00-0029675,2013,3,IND,RB,Trent Richardson,unresolved_historical_stats_coverage
00-0025631,2013,4,ATL,RB,Jason Snelling,unresolved_historical_stats_coverage
00-0027109,2013,4,PHI,TE,James Casey,unresolved_historical_stats_coverage
00-0027925,2013,4,NE,RB,James Develin,unresolved_historical_stats_coverage
00-0028543,2013,4,PHI,WR,Jeff Maehl,unresolved_historical_stats_coverage
00-0025631,2013,5,ATL,RB,Jason Snelling,unresolved_historical_stats_coverage
00-0028581,2013,5,ATL,RB,Patrick DiMarco,unresolved_historical_stats_coverage
00-0029675,2013,5,IND,RB,Trent Richardson,unresolved_historical_stats_coverage
00-0028543,2013,6,PHI,WR,Jeff Maehl,unresolved_historical_stats_coverage
00-0025631,2013,7,ATL,RB,Jason Snelling,unresolved_historical_stats_coverage
00-0028543,2013,7,PHI,WR,Jeff Maehl,unresolved_historical_stats_coverage
00-0027109,2013,8,PHI,TE,James Casey,unresolved_historical_stats_coverage
00-0028581,2013,8,ATL,RB,Patrick DiMarco,unresolved_historical_stats_coverage
00-0027109,2013,9,PHI,TE,James Casey,unresolved_historical_stats_coverage
00-0028543,2013,9,PHI,WR,Jeff Maehl,unresolved_historical_stats_coverage
00-0028581,2013,9,ATL,RB,Patrick DiMarco,unresolved_historical_stats_coverage
00-0025631,2013,10,ATL,RB,Jason Snelling,unresolved_historical_stats_coverage
00-0027109,2013,10,PHI,TE,James Casey,unresolved_historical_stats_coverage
00-0028543,2013,11,PHI,WR,Jeff Maehl,unresolved_historical_stats_coverage
00-0028581,2013,11,ATL,RB,Patrick DiMarco,unresolved_historical_stats_coverage
00-0029675,2013,11,IND,RB,Trent Richardson,unresolved_historical_stats_coverage
00-0025631,2013,12,ATL,RB,Jason Snelling,unresolved_historical_stats_coverage
00-0029675,2013,12,IND,RB,Trent Richardson,unresolved_historical_stats_coverage
00-0025631,2013,13,ATL,RB,Jason Snelling,unresolved_historical_stats_coverage
00-0027925,2013,13,NE,RB,James Develin,unresolved_historical_stats_coverage
00-0028581,2013,13,ATL,RB,Patrick DiMarco,unresolved_historical_stats_coverage
00-0025631,2013,14,ATL,RB,Jason Snelling,unresolved_historical_stats_coverage
00-0027925,2013,14,NE,RB,James Develin,unresolved_historical_stats_coverage
00-0028581,2013,14,ATL,RB,Patrick DiMarco,unresolved_historical_stats_coverage
00-0029675,2013,14,IND,RB,Trent Richardson,unresolved_historical_stats_coverage
00-0025631,2013,15,ATL,RB,Jason Snelling,unresolved_historical_stats_coverage
00-0027925,2013,15,NE,RB,James Develin,unresolved_historical_stats_coverage
00-0028581,2013,15,ATL,RB,Patrick DiMarco,unresolved_historical_stats_coverage
00-0029675,2013,15,IND,RB,Trent Richardson,unresolved_historical_stats_coverage
00-0025631,2013,16,ATL,RB,Jason Snelling,unresolved_historical_stats_coverage
00-0028581,2013,16,ATL,RB,Patrick DiMarco,unresolved_historical_stats_coverage
00-0029675,2013,16,IND,RB,Trent Richardson,unresolved_historical_stats_coverage
00-0025631,2013,17,ATL,RB,Jason Snelling,unresolved_historical_stats_coverage
00-0027925,2013,17,NE,RB,James Develin,unresolved_historical_stats_coverage
00-0028581,2013,17,ATL,RB,Patrick DiMarco,unresolved_historical_stats_coverage
00-0029675,2013,17,IND,RB,Trent Richardson,unresolved_historical_stats_coverage
00-0028543,2014,1,PHI,WR,Jeff Maehl,unresolved_historical_stats_coverage
00-0029675,2014,1,IND,RB,Trent Richardson,unresolved_historical_stats_coverage
00-0029675,2014,2,IND,RB,Trent Richardson,unresolved_historical_stats_coverage
00-0027109,2014,3,PHI,TE,James Casey,unresolved_historical_stats_coverage
00-0028543,2014,3,PHI,WR,Jeff Maehl,unresolved_historical_stats_coverage
00-0029675,2014,3,IND,RB,Trent Richardson,unresolved_historical_stats_coverage
00-0029675,2014,4,IND,RB,Trent Richardson,unresolved_historical_stats_coverage
00-0029675,2014,5,IND,RB,Trent Richardson,unresolved_historical_stats_coverage
00-0027109,2014,6,PHI,TE,James Casey,unresolved_historical_stats_coverage
00-0029675,2014,6,IND,RB,Trent Richardson,unresolved_historical_stats_coverage
00-0029675,2014,7,IND,RB,Trent Richardson,unresolved_historical_stats_coverage
00-0028543,2014,8,PHI,WR,Jeff Maehl,unresolved_historical_stats_coverage
00-0028543,2014,9,PHI,WR,Jeff Maehl,unresolved_historical_stats_coverage
00-0029675,2014,9,IND,RB,Trent Richardson,unresolved_historical_stats_coverage
00-0029675,2014,11,IND,RB,Trent Richardson,unresolved_historical_stats_coverage
00-0027109,2014,12,PHI,TE,James Casey,unresolved_historical_stats_coverage
00-0029675,2014,12,IND,RB,Trent Richardson,unresolved_historical_stats_coverage
00-0029675,2014,13,IND,RB,Trent Richardson,unresolved_historical_stats_coverage
00-0029675,2014,14,IND,RB,Trent Richardson,unresolved_historical_stats_coverage
00-0029675,2014,15,IND,RB,Trent Richardson,unresolved_historical_stats_coverage
00-0029675,2014,16,IND,RB,Trent Richardson,unresolved_historical_stats_coverage
00-0029675,2014,17,IND,RB,Trent Richardson,unresolved_historical_stats_coverage
00-0022999,2016,1,NO,RB,John Kuhn,unresolved_historical_stats_coverage
00-0026069,2016,1,CAR,RB,Mike Tolbert,unresolved_historical_stats_coverage
00-0028581,2016,1,ATL,RB,Patrick DiMarco,unresolved_historical_stats_coverage
00-0029492,2016,1,LV,RB,Jamize Olawale,unresolved_historical_stats_coverage
00-0029892,2016,1,BAL,RB,Kyle Juszczyk,unresolved_historical_stats_coverage
00-0030968,2016,1,DAL,RB,Keith Smith,unresolved_historical_stats_coverage
00-0032956,2016,1,DEN,RB,Andy Janovich,unresolved_historical_stats_coverage
00-0022999,2016,2,NO,RB,John Kuhn,unresolved_historical_stats_coverage
00-0026069,2016,2,CAR,RB,Mike Tolbert,unresolved_historical_stats_coverage
00-0027905,2016,2,SEA,RB,Will Tukuafu,unresolved_historical_stats_coverage
00-0029492,2016,2,LV,RB,Jamize Olawale,unresolved_historical_stats_coverage
00-0029892,2016,2,BAL,RB,Kyle Juszczyk,unresolved_historical_stats_coverage
00-0030968,2016,2,DAL,RB,Keith Smith,unresolved_historical_stats_coverage
00-0031706,2016,2,CHI,RB,Paul Lasike,unresolved_historical_stats_coverage
00-0032956,2016,2,DEN,RB,Andy Janovich,unresolved_historical_stats_coverage
00-0022999,2016,3,NO,RB,John Kuhn,unresolved_historical_stats_coverage
00-0026069,2016,3,CAR,RB,Mike Tolbert,unresolved_historical_stats_coverage
00-0029492,2016,3,LV,RB,Jamize Olawale,unresolved_historical_stats_coverage
00-0029892,2016,3,BAL,RB,Kyle Juszczyk,unresolved_historical_stats_coverage
00-0032130,2016,3,TEN,RB,Jalston Fowler,unresolved_historical_stats_coverage
00-0032897,2016,3,LAC,RB,Derek Watt,unresolved_historical_stats_coverage
00-0032956,2016,3,DEN,RB,Andy Janovich,unresolved_historical_stats_coverage
00-0022999,2016,4,NO,RB,John Kuhn,unresolved_historical_stats_coverage
00-0026069,2016,4,CAR,RB,Mike Tolbert,unresolved_historical_stats_coverage
00-0026286,2016,4,BUF,RB,Jerome Felton,unresolved_historical_stats_coverage
00-0028581,2016,4,ATL,RB,Patrick DiMarco,unresolved_historical_stats_coverage
00-0029492,2016,4,LV,RB,Jamize Olawale,unresolved_historical_stats_coverage
00-0029892,2016,4,BAL,RB,Kyle Juszczyk,unresolved_historical_stats_coverage
00-0029931,2016,4,MIN,RB,Zach Line,unresolved_historical_stats_coverage
00-0030968,2016,4,DAL,RB,Keith Smith,unresolved_historical_stats_coverage
00-0026069,2016,5,CAR,RB,Mike Tolbert,unresolved_historical_stats_coverage
00-0026286,2016,5,BUF,RB,Jerome Felton,unresolved_historical_stats_coverage
00-0028581,2016,5,ATL,RB,Patrick DiMarco,unresolved_historical_stats_coverage
00-0029492,2016,5,LV,RB,Jamize Olawale,unresolved_historical_stats_coverage
00-0029892,2016,5,BAL,RB,Kyle Juszczyk,unresolved_historical_stats_coverage
00-0029931,2016,5,MIN,RB,Zach Line,unresolved_historical_stats_coverage
00-0031612,2016,5,GB,RB,Aaron Ripkowski,unresolved_historical_stats_coverage
00-0032897,2016,5,LAC,RB,Derek Watt,unresolved_historical_stats_coverage
00-0032956,2016,5,DEN,RB,Andy Janovich,unresolved_historical_stats_coverage
00-0026069,2016,6,CAR,RB,Mike Tolbert,unresolved_historical_stats_coverage
00-0026286,2016,6,BUF,RB,Jerome Felton,unresolved_historical_stats_coverage
00-0028581,2016,6,ATL,RB,Patrick DiMarco,unresolved_historical_stats_coverage
00-0029892,2016,6,BAL,RB,Kyle Juszczyk,unresolved_historical_stats_coverage
00-0031612,2016,6,GB,RB,Aaron Ripkowski,unresolved_historical_stats_coverage
00-0031706,2016,6,CHI,RB,Paul Lasike,unresolved_historical_stats_coverage
00-0032897,2016,6,LAC,RB,Derek Watt,unresolved_historical_stats_coverage
00-0022999,2016,7,NO,RB,John Kuhn,unresolved_historical_stats_coverage
00-0026286,2016,7,BUF,RB,Jerome Felton,unresolved_historical_stats_coverage
00-0028581,2016,7,ATL,RB,Patrick DiMarco,unresolved_historical_stats_coverage
00-0029492,2016,7,LV,RB,Jamize Olawale,unresolved_historical_stats_coverage
00-0029892,2016,7,BAL,RB,Kyle Juszczyk,unresolved_historical_stats_coverage
00-0029931,2016,7,MIN,RB,Zach Line,unresolved_historical_stats_coverage
00-0031612,2016,7,GB,RB,Aaron Ripkowski,unresolved_historical_stats_coverage
00-0032956,2016,7,DEN,RB,Andy Janovich,unresolved_historical_stats_coverage
00-0022999,2016,8,NO,RB,John Kuhn,unresolved_historical_stats_coverage
00-0026069,2016,8,CAR,RB,Mike Tolbert,unresolved_historical_stats_coverage
00-0026286,2016,8,BUF,RB,Jerome Felton,unresolved_historical_stats_coverage
00-0029492,2016,8,LV,RB,Jamize Olawale,unresolved_historical_stats_coverage
00-0030968,2016,8,DAL,RB,Keith Smith,unresolved_historical_stats_coverage
00-0031612,2016,8,GB,RB,Aaron Ripkowski,unresolved_historical_stats_coverage
00-0032897,2016,8,LAC,RB,Derek Watt,unresolved_historical_stats_coverage
00-0022999,2016,9,NO,RB,John Kuhn,unresolved_historical_stats_coverage
00-0026069,2016,9,CAR,RB,Mike Tolbert,unresolved_historical_stats_coverage
00-0026286,2016,9,BUF,RB,Jerome Felton,unresolved_historical_stats_coverage
00-0028581,2016,9,ATL,RB,Patrick DiMarco,unresolved_historical_stats_coverage
00-0029492,2016,9,LV,RB,Jamize Olawale,unresolved_historical_stats_coverage
00-0029892,2016,9,BAL,RB,Kyle Juszczyk,unresolved_historical_stats_coverage
00-0031595,2016,9,DET,RB,Michael Burton,unresolved_historical_stats_coverage
00-0031612,2016,9,GB,RB,Aaron Ripkowski,unresolved_historical_stats_coverage
00-0026069,2016,10,CAR,RB,Mike Tolbert,unresolved_historical_stats_coverage
00-0029892,2016,10,BAL,RB,Kyle Juszczyk,unresolved_historical_stats_coverage
00-0029931,2016,10,MIN,RB,Zach Line,unresolved_historical_stats_coverage
00-0031706,2016,10,CHI,RB,Paul Lasike,unresolved_historical_stats_coverage
00-0032956,2016,10,DEN,RB,Andy Janovich,unresolved_historical_stats_coverage
00-0022999,2016,11,NO,RB,John Kuhn,unresolved_historical_stats_coverage
00-0026069,2016,11,CAR,RB,Mike Tolbert,unresolved_historical_stats_coverage
00-0026286,2016,11,BUF,RB,Jerome Felton,unresolved_historical_stats_coverage
00-0027905,2016,11,SEA,RB,Will Tukuafu,unresolved_historical_stats_coverage
00-0029492,2016,11,LV,RB,Jamize Olawale,unresolved_historical_stats_coverage
00-0029892,2016,11,BAL,RB,Kyle Juszczyk,unresolved_historical_stats_coverage
00-0031612,2016,11,GB,RB,Aaron Ripkowski,unresolved_historical_stats_coverage
00-0031706,2016,11,CHI,RB,Paul Lasike,unresolved_historical_stats_coverage
00-0022999,2016,12,NO,RB,John Kuhn,unresolved_historical_stats_coverage
00-0026069,2016,12,CAR,RB,Mike Tolbert,unresolved_historical_stats_coverage
00-0027905,2016,12,SEA,RB,Will Tukuafu,unresolved_historical_stats_coverage
00-0027925,2016,12,NE,RB,James Develin,unresolved_historical_stats_coverage
00-0028581,2016,12,ATL,RB,Patrick DiMarco,unresolved_historical_stats_coverage
00-0029492,2016,12,LV,RB,Jamize Olawale,unresolved_historical_stats_coverage
00-0029892,2016,12,BAL,RB,Kyle Juszczyk,unresolved_historical_stats_coverage
00-0029931,2016,12,MIN,RB,Zach Line,unresolved_historical_stats_coverage
00-0031612,2016,12,GB,RB,Aaron Ripkowski,unresolved_historical_stats_coverage
00-0032794,2016,12,CLE,RB,Danny Vitale,unresolved_historical_stats_coverage
00-0032956,2016,12,DEN,RB,Andy Janovich,unresolved_historical_stats_coverage
00-0022999,2016,13,NO,RB,John Kuhn,unresolved_historical_stats_coverage
00-0026069,2016,13,CAR,RB,Mike Tolbert,unresolved_historical_stats_coverage
00-0026286,2016,13,BUF,RB,Jerome Felton,unresolved_historical_stats_coverage
00-0027925,2016,13,NE,RB,James Develin,unresolved_historical_stats_coverage
00-0029892,2016,13,BAL,RB,Kyle Juszczyk,unresolved_historical_stats_coverage
00-0031612,2016,13,GB,RB,Aaron Ripkowski,unresolved_historical_stats_coverage
00-0032897,2016,13,LAC,RB,Derek Watt,unresolved_historical_stats_coverage
00-0022999,2016,14,NO,RB,John Kuhn,unresolved_historical_stats_coverage
00-0026393,2016,14,SEA,RB,Marcel Reece,unresolved_historical_stats_coverage
00-0027925,2016,14,NE,RB,James Develin,unresolved_historical_stats_coverage
00-0028581,2016,14,ATL,RB,Patrick DiMarco,unresolved_historical_stats_coverage
00-0029492,2016,14,LV,RB,Jamize Olawale,unresolved_historical_stats_coverage
00-0029892,2016,14,BAL,RB,Kyle Juszczyk,unresolved_historical_stats_coverage
00-0029931,2016,14,MIN,RB,Zach Line,unresolved_historical_stats_coverage
00-0031612,2016,14,GB,RB,Aaron Ripkowski,unresolved_historical_stats_coverage
00-0032130,2016,14,TEN,RB,Jalston Fowler,unresolved_historical_stats_coverage
00-0032794,2016,14,CLE,RB,Danny Vitale,unresolved_historical_stats_coverage
00-0022999,2016,15,NO,RB,John Kuhn,unresolved_historical_stats_coverage
00-0026069,2016,15,CAR,RB,Mike Tolbert,unresolved_historical_stats_coverage
00-0026286,2016,15,BUF,RB,Jerome Felton,unresolved_historical_stats_coverage
00-0026393,2016,15,SEA,RB,Marcel Reece,unresolved_historical_stats_coverage
00-0027925,2016,15,NE,RB,James Develin,unresolved_historical_stats_coverage
00-0029492,2016,15,LV,RB,Jamize Olawale,unresolved_historical_stats_coverage
00-0029892,2016,15,BAL,RB,Kyle Juszczyk,unresolved_historical_stats_coverage
00-0032130,2016,15,TEN,RB,Jalston Fowler,unresolved_historical_stats_coverage
00-0032794,2016,15,CLE,RB,Danny Vitale,unresolved_historical_stats_coverage
00-0022999,2016,16,NO,RB,John Kuhn,unresolved_historical_stats_coverage
00-0026069,2016,16,CAR,RB,Mike Tolbert,unresolved_historical_stats_coverage
00-0026286,2016,16,BUF,RB,Jerome Felton,unresolved_historical_stats_coverage
00-0026393,2016,16,SEA,RB,Marcel Reece,unresolved_historical_stats_coverage
00-0027925,2016,16,NE,RB,James Develin,unresolved_historical_stats_coverage
00-0028581,2016,16,ATL,RB,Patrick DiMarco,unresolved_historical_stats_coverage
00-0029892,2016,16,BAL,RB,Kyle Juszczyk,unresolved_historical_stats_coverage
00-0030828,2016,16,ATL,TE,D.J. Tialavea,unresolved_historical_stats_coverage
00-0032794,2016,16,CLE,RB,Danny Vitale,unresolved_historical_stats_coverage
00-0032897,2016,16,LAC,RB,Derek Watt,unresolved_historical_stats_coverage
00-0026069,2016,17,CAR,RB,Mike Tolbert,unresolved_historical_stats_coverage
00-0026286,2016,17,BUF,RB,Jerome Felton,unresolved_historical_stats_coverage
00-0026393,2016,17,SEA,RB,Marcel Reece,unresolved_historical_stats_coverage
00-0029492,2016,17,LV,RB,Jamize Olawale,unresolved_historical_stats_coverage
00-0029892,2016,17,BAL,RB,Kyle Juszczyk,unresolved_historical_stats_coverage
00-0030741,2016,17,PIT,RB,Roosevelt Nix,unresolved_historical_stats_coverage
00-0031612,2016,17,GB,RB,Aaron Ripkowski,unresolved_historical_stats_coverage
00-0032375,2016,17,GB,RB,Joe Kerridge,unresolved_historical_stats_coverage
00-0032794,2016,17,CLE,RB,Danny Vitale,unresolved_historical_stats_coverage
00-0022999,2017,1,NO,RB,John Kuhn,unresolved_historical_stats_coverage
00-0026069,2017,1,BUF,RB,Mike Tolbert,unresolved_historical_stats_coverage
00-0028581,2017,1,BUF,RB,Patrick DiMarco,unresolved_historical_stats_coverage
00-0029068,2017,1,ATL,RB,Derrick Coleman,unresolved_historical_stats_coverage
00-0029892,2017,1,SF,RB,Kyle Juszczyk,unresolved_historical_stats_coverage
00-0030112,2017,1,JAX,RB,Tommy Bohanon,unresolved_historical_stats_coverage
00-0031595,2017,1,CHI,RB,Michael Burton,unresolved_historical_stats_coverage
00-0026069,2017,2,BUF,RB,Mike Tolbert,unresolved_historical_stats_coverage
00-0027925,2017,2,NE,RB,James Develin,unresolved_historical_stats_coverage
00-0028581,2017,2,BUF,RB,Patrick DiMarco,unresolved_historical_stats_coverage
00-0031612,2017,2,GB,RB,Aaron Ripkowski,unresolved_historical_stats_coverage
00-0032130,2017,2,TEN,RB,Jalston Fowler,unresolved_historical_stats_coverage
00-0032897,2017,2,LAC,RB,Derek Watt,unresolved_historical_stats_coverage
00-0032918,2017,2,MIN,RB,C.J. Ham,unresolved_historical_stats_coverage
00-0026069,2017,3,BUF,RB,Mike Tolbert,unresolved_historical_stats_coverage
00-0029892,2017,3,SF,RB,Kyle Juszczyk,unresolved_historical_stats_coverage
00-0030112,2017,3,JAX,RB,Tommy Bohanon,unresolved_historical_stats_coverage
00-0031595,2017,3,CHI,RB,Michael Burton,unresolved_historical_stats_coverage
00-0032918,2017,3,MIN,RB,C.J. Ham,unresolved_historical_stats_coverage
00-0032956,2017,3,DEN,RB,Andy Janovich,unresolved_historical_stats_coverage
00-0026069,2017,4,BUF,RB,Mike Tolbert,unresolved_historical_stats_coverage
00-0027925,2017,4,NE,RB,James Develin,unresolved_historical_stats_coverage
00-0028581,2017,4,BUF,RB,Patrick DiMarco,unresolved_historical_stats_coverage
00-0029068,2017,4,ATL,RB,Derrick Coleman,unresolved_historical_stats_coverage
00-0029492,2017,4,LV,RB,Jamize Olawale,unresolved_historical_stats_coverage
00-0029892,2017,4,SF,RB,Kyle Juszczyk,unresolved_historical_stats_coverage
00-0030112,2017,4,JAX,RB,Tommy Bohanon,unresolved_historical_stats_coverage
00-0031612,2017,4,GB,RB,Aaron Ripkowski,unresolved_historical_stats_coverage
00-0026069,2017,5,BUF,RB,Mike Tolbert,unresolved_historical_stats_coverage
00-0027925,2017,5,NE,RB,James Develin,unresolved_historical_stats_coverage
00-0029492,2017,5,LV,RB,Jamize Olawale,unresolved_historical_stats_coverage
00-0029892,2017,5,SF,RB,Kyle Juszczyk,unresolved_historical_stats_coverage
00-0030968,2017,5,DAL,RB,Keith Smith,unresolved_historical_stats_coverage
00-0031612,2017,5,GB,RB,Aaron Ripkowski,unresolved_historical_stats_coverage
00-0032130,2017,5,TEN,RB,Jalston Fowler,unresolved_historical_stats_coverage
00-0032918,2017,5,MIN,RB,C.J. Ham,unresolved_historical_stats_coverage
00-0029931,2017,6,NO,RB,Zach Line,unresolved_historical_stats_coverage
00-0030112,2017,6,JAX,RB,Tommy Bohanon,unresolved_historical_stats_coverage
00-0031595,2017,6,CHI,RB,Michael Burton,unresolved_historical_stats_coverage
00-0031612,2017,6,GB,RB,Aaron Ripkowski,unresolved_historical_stats_coverage
00-0032740,2017,6,NYJ,RB,Lawrence Thomas,unresolved_historical_stats_coverage
00-0032794,2017,6,CLE,RB,Danny Vitale,unresolved_historical_stats_coverage
00-0032956,2017,6,DEN,RB,Andy Janovich,unresolved_historical_stats_coverage
00-0026069,2017,7,BUF,RB,Mike Tolbert,unresolved_historical_stats_coverage
00-0029492,2017,7,LV,RB,Jamize Olawale,unresolved_historical_stats_coverage
00-0029931,2017,7,NO,RB,Zach Line,unresolved_historical_stats_coverage
00-0030112,2017,7,JAX,RB,Tommy Bohanon,unresolved_historical_stats_coverage
00-0032472,2017,7,SEA,RB,Tre Madden,unresolved_historical_stats_coverage
00-0032794,2017,7,CLE,RB,Danny Vitale,unresolved_historical_stats_coverage
00-0032918,2017,7,MIN,RB,C.J. Ham,unresolved_historical_stats_coverage
00-0032956,2017,7,DEN,RB,Andy Janovich,unresolved_historical_stats_coverage
00-0026069,2017,8,BUF,RB,Mike Tolbert,unresolved_historical_stats_coverage
00-0027925,2017,8,NE,RB,James Develin,unresolved_historical_stats_coverage
00-0029492,2017,8,LV,RB,Jamize Olawale,unresolved_historical_stats_coverage
00-0029892,2017,8,SF,RB,Kyle Juszczyk,unresolved_historical_stats_coverage
00-0032472,2017,8,SEA,RB,Tre Madden,unresolved_historical_stats_coverage
00-0032740,2017,8,NYJ,RB,Lawrence Thomas,unresolved_historical_stats_coverage
00-0032956,2017,8,DEN,RB,Andy Janovich,unresolved_historical_stats_coverage
00-0033376,2017,8,BAL,RB,Patrick Ricard,unresolved_historical_stats_coverage
00-0026069,2017,9,BUF,RB,Mike Tolbert,unresolved_historical_stats_coverage
00-0029068,2017,9,ATL,RB,Derrick Coleman,unresolved_historical_stats_coverage
00-0029892,2017,9,SF,RB,Kyle Juszczyk,unresolved_historical_stats_coverage
00-0029931,2017,9,NO,RB,Zach Line,unresolved_historical_stats_coverage
00-0030112,2017,9,JAX,RB,Tommy Bohanon,unresolved_historical_stats_coverage
00-0031612,2017,9,GB,RB,Aaron Ripkowski,unresolved_historical_stats_coverage
00-0026069,2017,10,BUF,RB,Mike Tolbert,unresolved_historical_stats_coverage
00-0027925,2017,10,NE,RB,James Develin,unresolved_historical_stats_coverage
00-0028581,2017,10,BUF,RB,Patrick DiMarco,unresolved_historical_stats_coverage
00-0029068,2017,10,ATL,RB,Derrick Coleman,unresolved_historical_stats_coverage
00-0029892,2017,10,SF,RB,Kyle Juszczyk,unresolved_historical_stats_coverage
00-0029931,2017,10,NO,RB,Zach Line,unresolved_historical_stats_coverage
00-0030112,2017,10,JAX,RB,Tommy Bohanon,unresolved_historical_stats_coverage
00-0030968,2017,10,DAL,RB,Keith Smith,unresolved_historical_stats_coverage
00-0031612,2017,10,GB,RB,Aaron Ripkowski,unresolved_historical_stats_coverage
00-0032130,2017,10,TEN,RB,Jalston Fowler,unresolved_historical_stats_coverage
00-0032794,2017,10,CLE,RB,Danny Vitale,unresolved_historical_stats_coverage
00-0032897,2017,10,LAC,RB,Derek Watt,unresolved_historical_stats_coverage
00-0032918,2017,10,MIN,RB,C.J. Ham,unresolved_historical_stats_coverage
00-0032956,2017,10,DEN,RB,Andy Janovich,unresolved_historical_stats_coverage
00-0028581,2017,11,BUF,RB,Patrick DiMarco,unresolved_historical_stats_coverage
00-0029492,2017,11,LV,RB,Jamize Olawale,unresolved_historical_stats_coverage
00-0029931,2017,11,NO,RB,Zach Line,unresolved_historical_stats_coverage
00-0030112,2017,11,JAX,RB,Tommy Bohanon,unresolved_historical_stats_coverage
00-0031612,2017,11,GB,RB,Aaron Ripkowski,unresolved_historical_stats_coverage
00-0032375,2017,11,GB,RB,Joe Kerridge,unresolved_historical_stats_coverage
00-0032897,2017,11,LAC,RB,Derek Watt,unresolved_historical_stats_coverage
00-0032918,2017,11,MIN,RB,C.J. Ham,unresolved_historical_stats_coverage
00-0029068,2017,12,ATL,RB,Derrick Coleman,unresolved_historical_stats_coverage
00-0029892,2017,12,SF,RB,Kyle Juszczyk,unresolved_historical_stats_coverage
00-0031612,2017,12,GB,RB,Aaron Ripkowski,unresolved_historical_stats_coverage
00-0032740,2017,12,NYJ,RB,Lawrence Thomas,unresolved_historical_stats_coverage
00-0032794,2017,12,CLE,RB,Danny Vitale,unresolved_historical_stats_coverage
00-0032956,2017,12,DEN,RB,Andy Janovich,unresolved_historical_stats_coverage
00-0029492,2017,13,LV,RB,Jamize Olawale,unresolved_historical_stats_coverage
00-0029892,2017,13,SF,RB,Kyle Juszczyk,unresolved_historical_stats_coverage
00-0030741,2017,13,PIT,RB,Roosevelt Nix,unresolved_historical_stats_coverage
00-0031612,2017,13,GB,RB,Aaron Ripkowski,unresolved_historical_stats_coverage
00-0032918,2017,13,MIN,RB,C.J. Ham,unresolved_historical_stats_coverage
00-0033376,2017,13,BAL,RB,Patrick Ricard,unresolved_historical_stats_coverage
00-0026069,2017,14,BUF,RB,Mike Tolbert,unresolved_historical_stats_coverage
00-0027925,2017,14,NE,RB,James Develin,unresolved_historical_stats_coverage
00-0029892,2017,14,SF,RB,Kyle Juszczyk,unresolved_historical_stats_coverage
00-0030741,2017,14,PIT,RB,Roosevelt Nix,unresolved_historical_stats_coverage
00-0030968,2017,14,DAL,RB,Keith Smith,unresolved_historical_stats_coverage
00-0031595,2017,14,CHI,RB,Michael Burton,unresolved_historical_stats_coverage
00-0031612,2017,14,GB,RB,Aaron Ripkowski,unresolved_historical_stats_coverage
00-0032740,2017,14,NYJ,RB,Lawrence Thomas,unresolved_historical_stats_coverage
00-0032794,2017,14,CLE,RB,Danny Vitale,unresolved_historical_stats_coverage
00-0032897,2017,14,LAC,RB,Derek Watt,unresolved_historical_stats_coverage
00-0032918,2017,14,MIN,RB,C.J. Ham,unresolved_historical_stats_coverage
00-0032956,2017,14,DEN,RB,Andy Janovich,unresolved_historical_stats_coverage
00-0033376,2017,14,BAL,RB,Patrick Ricard,unresolved_historical_stats_coverage
00-0027925,2017,15,NE,RB,James Develin,unresolved_historical_stats_coverage
00-0028581,2017,15,BUF,RB,Patrick DiMarco,unresolved_historical_stats_coverage
00-0029068,2017,15,ATL,RB,Derrick Coleman,unresolved_historical_stats_coverage
00-0029892,2017,15,SF,RB,Kyle Juszczyk,unresolved_historical_stats_coverage
00-0029931,2017,15,NO,RB,Zach Line,unresolved_historical_stats_coverage
00-0030112,2017,15,JAX,RB,Tommy Bohanon,unresolved_historical_stats_coverage
00-0030968,2017,15,DAL,RB,Keith Smith,unresolved_historical_stats_coverage
00-0031595,2017,15,CHI,RB,Michael Burton,unresolved_historical_stats_coverage
00-0032740,2017,15,NYJ,RB,Lawrence Thomas,unresolved_historical_stats_coverage
00-0032918,2017,15,MIN,RB,C.J. Ham,unresolved_historical_stats_coverage
00-0032956,2017,15,DEN,RB,Andy Janovich,unresolved_historical_stats_coverage
00-0026069,2017,16,BUF,RB,Mike Tolbert,unresolved_historical_stats_coverage
00-0028581,2017,16,BUF,RB,Patrick DiMarco,unresolved_historical_stats_coverage
00-0029068,2017,16,ATL,RB,Derrick Coleman,unresolved_historical_stats_coverage
00-0029892,2017,16,SF,RB,Kyle Juszczyk,unresolved_historical_stats_coverage
00-0030741,2017,16,PIT,RB,Roosevelt Nix,unresolved_historical_stats_coverage
00-0031595,2017,16,CHI,RB,Michael Burton,unresolved_historical_stats_coverage
00-0031612,2017,16,GB,RB,Aaron Ripkowski,unresolved_historical_stats_coverage
00-0032740,2017,16,NYJ,RB,Lawrence Thomas,unresolved_historical_stats_coverage
00-0032897,2017,16,LAC,RB,Derek Watt,unresolved_historical_stats_coverage
00-0032956,2017,16,DEN,RB,Andy Janovich,unresolved_historical_stats_coverage
00-0026069,2017,17,BUF,RB,Mike Tolbert,unresolved_historical_stats_coverage
00-0027925,2017,17,NE,RB,James Develin,unresolved_historical_stats_coverage
00-0028581,2017,17,BUF,RB,Patrick DiMarco,unresolved_historical_stats_coverage
00-0029892,2017,17,SF,RB,Kyle Juszczyk,unresolved_historical_stats_coverage
00-0029931,2017,17,NO,RB,Zach Line,unresolved_historical_stats_coverage
00-0030741,2017,17,PIT,RB,Roosevelt Nix,unresolved_historical_stats_coverage
00-0031595,2017,17,CHI,RB,Michael Burton,unresolved_historical_stats_coverage
00-0032897,2017,17,LAC,RB,Derek Watt,unresolved_historical_stats_coverage
00-0032918,2017,17,MIN,RB,C.J. Ham,unresolved_historical_stats_coverage
00-0033376,2017,17,BAL,RB,Patrick Ricard,unresolved_historical_stats_coverage
00-0033796,2017,17,CLE,RB,Marquez Williams,unresolved_historical_stats_coverage
