player_id,week,receiving_yards,receptions,targets,receiving_tds,player_name,team,position,season,fantasy_points
00-0030061,1,26.0,3.0,5.0,1,Zach Ertz,WAS,TE,2025,11.600000381469727
00-0030061,2,64.0,6.0,8.0,1,Zach Ertz,WAS,TE,2025,18.399999618530273
00-0030061,3,38.0,3.0,3.0,0,Zach Ertz,WAS,TE,2025,6.800000190734863
00-0030061,4,21.0,2.0,5.0,0,Zach Ertz,WAS,TE,2025,4.100000381469727
00-0030061,5,0.0,0.0,1.0,0,Zach Ertz,WAS,TE,2025,0.0
00-0030061,6,43.0,6.0,6.0,1,Zach Ertz,WAS,TE,2025,16.300000190734863
00-0030061,7,37.0,3.0,7.0,1,Zach Ertz,WAS,TE,2025,12.699999809265137
00-0030061,8,16.0,4.0,6.0,0,Zach Ertz,WAS,TE,2025,5.599999904632568
00-0030061,9,46.0,4.0,4.0,0,Zach Ertz,WAS,TE,2025,8.600000381469727
00-0030061,10,54.0,4.0,5.0,0,Zach Ertz,WAS,TE,2025,9.399999618530273
00-0030061,11,42.0,4.0,8.0,0,Zach Ertz,WAS,TE,2025,8.200000762939453
00-0030061,13,106.0,10.0,13.0,0,Zach Ertz,WAS,TE,2025,20.600000381469727
00-0030061,14,11.0,1.0,2.0,0,Zach Ertz,WAS,TE,2025,2.0999999046325684
00-0030506,1,47.0,2.0,4.0,1,Travis Kelce,KC,TE,2025,12.700000286102295
00-0030506,2,61.0,4.0,6.0,0,Travis Kelce,KC,TE,2025,10.100000381469727
00-0030506,3,26.0,4.0,7.0,0,Travis Kelce,KC,TE,2025,6.600000381469727
00-0030506,4,48.0,5.0,5.0,0,Travis Kelce,KC,TE,2025,9.800000190734863
00-0030506,5,61.0,7.0,8.0,1,Travis Kelce,KC,TE,2025,19.100000381469727
00-0030506,6,78.0,6.0,7.0,0,Travis Kelce,KC,TE,2025,13.800000190734863
00-0030506,7,54.0,3.0,3.0,0,Travis Kelce,KC,TE,2025,8.399999618530273
00-0030506,8,99.0,6.0,8.0,1,Travis Kelce,KC,TE,2025,21.90000057220459
00-0030506,9,66.0,4.0,6.0,0,Travis Kelce,KC,TE,2025,10.600000381469727
00-0030506,11,91.0,9.0,13.0,1,Travis Kelce,KC,TE,2025,24.100000381469727
00-0030506,12,43.0,4.0,6.0,0,Travis Kelce,KC,TE,2025,8.300000190734863
00-0030506,13,45.0,5.0,6.0,1,Travis Kelce,KC,TE,2025,15.5
00-0030506,14,8.0,1.0,5.0,0,Travis Kelce,KC,TE,2025,1.7999999523162842
00-0030506,15,70.0,7.0,9.0,0,Travis Kelce,KC,TE,2025,14.0
00-0030506,16,6.0,1.0,4.0,0,Travis Kelce,KC,TE,2025,1.600000023841858
00-0030506,17,36.0,5.0,6.0,0,Travis Kelce,KC,TE,2025,8.600000381469727
00-0030506,18,12.0,3.0,6.0,0,Travis Kelce,KC,TE,2025,4.199999809265137
00-0031484,3,7.0,1.0,1.0,0,Chris Manhertz,NYG,TE,2025,1.7000000476837158
00-0031484,18,0.0,0.0,1.0,0,Chris Manhertz,NYG,TE,2025,0.0
00-0031610,4,27.0,3.0,4.0,2,Darren Waller,MIA,TE,2025,17.699999809265137
00-0031610,5,78.0,5.0,5.0,1,Darren Waller,MIA,TE,2025,18.800000190734863
00-0031610,6,12.0,2.0,3.0,1,Darren Waller,MIA,TE,2025,9.200000047683716
00-0031610,13,47.0,2.0,3.0,0,Darren Waller,MIA,TE,2025,6.700000286102295
00-0031610,14,13.0,1.0,3.0,0,Darren Waller,MIA,TE,2025,2.3000001907348633
00-0031610,15,66.0,7.0,9.0,2,Darren Waller,MIA,TE,2025,25.600000381469727
00-0031610,16,40.0,3.0,5.0,0,Darren Waller,MIA,TE,2025,7.0
00-0031610,17,0.0,1.0,3.0,0,Darren Waller,MIA,TE,2025,1.0
00-0032392,1,10.0,1.0,1.0,0,Austin Hooper,NE,TE,2025,2.0
00-0032392,2,38.0,3.0,3.0,0,Austin Hooper,NE,TE,2025,6.800000190734863
00-0032392,3,28.0,2.0,3.0,0,Austin Hooper,NE,TE,2025,4.800000190734863
00-0032392,4,24.0,1.0,1.0,0,Austin Hooper,NE,TE,2025,3.4000000953674316
00-0032392,6,5.0,1.0,1.0,0,Austin Hooper,NE,TE,2025,1.5
00-0032392,7,11.0,2.0,2.0,1,Austin Hooper,NE,TE,2025,9.099999904632568
00-0032392,8,38.0,2.0,2.0,0,Austin Hooper,NE,TE,2025,5.800000190734863
00-0032392,9,20.0,1.0,1.0,0,Austin Hooper,NE,TE,2025,3.0
00-0032392,10,0.0,0.0,1.0,0,Austin Hooper,NE,TE,2025,0.0
00-0032392,12,39.0,3.0,4.0,0,Austin Hooper,NE,TE,2025,6.900000095367432
00-0032392,16,34.0,2.0,4.0,0,Austin Hooper,NE,TE,2025,5.400000095367432
00-0032392,17,11.0,2.0,2.0,1,Austin Hooper,NE,TE,2025,9.099999904632568
00-0032392,18,5.0,1.0,1.0,0,Austin Hooper,NE,TE,2025,1.5
00-0032392,19,0.0,0.0,2.0,0,Austin Hooper,NE,TE,2025,0.0
00-0032392,20,14.0,1.0,2.0,0,Austin Hooper,NE,TE,2025,2.4000000953674316
00-0033090,1,66.0,4.0,8.0,0,Hunter Henry,NE,TE,2025,10.600000381469727
00-0033090,2,9.0,1.0,3.0,0,Hunter Henry,NE,TE,2025,1.9000000953674316
00-0033090,3,90.0,8.0,11.0,2,Hunter Henry,NE,TE,2025,29.0
00-0033090,4,39.0,2.0,2.0,1,Hunter Henry,NE,TE,2025,11.900000095367432
00-0033090,5,46.0,2.0,4.0,0,Hunter Henry,NE,TE,2025,6.599999904632568
00-0033090,6,27.0,3.0,3.0,0,Hunter Henry,NE,TE,2025,5.699999809265137
00-0033090,7,33.0,4.0,5.0,0,Hunter Henry,NE,TE,2025,7.300000190734863
00-0033090,8,7.0,1.0,1.0,1,Hunter Henry,NE,TE,2025,7.700000047683716
00-0033090,9,51.0,4.0,6.0,0,Hunter Henry,NE,TE,2025,9.100000381469727
00-0033090,10,9.0,1.0,4.0,0,Hunter Henry,NE,TE,2025,1.9000000953674316
00-0033090,11,45.0,4.0,6.0,0,Hunter Henry,NE,TE,2025,8.5
00-0033090,12,115.0,7.0,10.0,2,Hunter Henry,NE,TE,2025,30.5
00-0033090,13,73.0,4.0,6.0,0,Hunter Henry,NE,TE,2025,11.300000190734863
00-0033090,15,18.0,1.0,3.0,0,Hunter Henry,NE,TE,2025,2.8000001907348633
00-0033090,16,35.0,6.0,7.0,1,Hunter Henry,NE,TE,2025,15.5
00-0033090,17,49.0,3.0,3.0,1,Hunter Henry,NE,TE,2025,13.900000095367432
00-0033090,18,56.0,5.0,5.0,0,Hunter Henry,NE,TE,2025,10.600000381469727
00-0033090,19,64.0,3.0,5.0,1,Hunter Henry,NE,TE,2025,15.399999618530273
00-0033090,20,5.0,1.0,2.0,0,Hunter Henry,NE,TE,2025,1.5
00-0033090,21,12.0,2.0,3.0,0,Hunter Henry,NE,TE,2025,3.200000047683716
00-0033110,2,37.0,4.0,4.0,0,Tyler Higbee,LA,TE,2025,7.699999809265137
00-0033110,3,0.0,0.0,2.0,0,Tyler Higbee,LA,TE,2025,0.0
00-0033110,4,25.0,2.0,5.0,0,Tyler Higbee,LA,TE,2025,4.5
00-0033110,6,40.0,4.0,4.0,1,Tyler Higbee,LA,TE,2025,14.0
00-0033110,7,19.0,3.0,6.0,0,Tyler Higbee,LA,TE,2025,4.900000095367432
00-0033110,9,13.0,3.0,4.0,1,Tyler Higbee,LA,TE,2025,10.300000190734863
00-0033110,10,33.0,3.0,3.0,0,Tyler Higbee,LA,TE,2025,6.300000190734863
00-0033110,11,23.0,1.0,2.0,0,Tyler Higbee,LA,TE,2025,3.299999952316284
00-0033110,18,91.0,5.0,6.0,1,Tyler Higbee,LA,TE,2025,20.100000381469727
00-0033110,19,45.0,2.0,3.0,0,Tyler Higbee,LA,TE,2025,6.5
00-0033110,20,27.0,1.0,2.0,0,Tyler Higbee,LA,TE,2025,3.700000047683716
00-0033110,21,12.0,1.0,1.0,0,Tyler Higbee,LA,TE,2025,2.200000047683716
00-0033217,1,20.0,1.0,1.0,0,Mo Alie-Cox,IND,TE,2025,3.0
00-0033217,2,8.0,1.0,1.0,0,Mo Alie-Cox,IND,TE,2025,1.7999999523162842
00-0033217,6,16.0,1.0,2.0,0,Mo Alie-Cox,IND,TE,2025,2.5999999046325684
00-0033217,7,6.0,1.0,2.0,0,Mo Alie-Cox,IND,TE,2025,1.600000023841858
00-0033217,9,0.0,0.0,1.0,0,Mo Alie-Cox,IND,TE,2025,0.0
00-0033217,10,0.0,0.0,1.0,0,Mo Alie-Cox,IND,TE,2025,0.0
00-0033217,12,9.0,1.0,1.0,0,Mo Alie-Cox,IND,TE,2025,1.9000000953674316
00-0033217,14,0.0,0.0,2.0,0,Mo Alie-Cox,IND,TE,2025,0.0
00-0033217,16,16.0,2.0,2.0,0,Mo Alie-Cox,IND,TE,2025,3.5999999046325684
00-0033217,17,20.0,3.0,3.0,1,Mo Alie-Cox,IND,TE,2025,11.0
00-0033217,18,22.0,3.0,4.0,0,Mo Alie-Cox,IND,TE,2025,5.199999809265137
00-0033246,1,0.0,0.0,1.0,0,Johnny Mundt,JAX,TE,2025,0.0
00-0033246,3,7.0,1.0,1.0,0,Johnny Mundt,JAX,TE,2025,1.7000000476837158
00-0033246,4,0.0,0.0,1.0,0,Johnny Mundt,JAX,TE,2025,0.0
00-0033246,5,7.0,1.0,1.0,0,Johnny Mundt,JAX,TE,2025,1.7000000476837158
00-0033246,6,14.0,1.0,2.0,0,Johnny Mundt,JAX,TE,2025,2.4000000953674316
00-0033246,7,9.0,1.0,4.0,0,Johnny Mundt,JAX,TE,2025,1.9000000953674316
00-0033246,10,21.0,1.0,2.0,0,Johnny Mundt,JAX,TE,2025,3.1000001430511475
00-0033246,11,25.0,2.0,3.0,0,Johnny Mundt,JAX,TE,2025,4.5
00-0033246,12,12.0,1.0,2.0,0,Johnny Mundt,JAX,TE,2025,2.200000047683716
00-0033246,17,0.0,0.0,1.0,0,Johnny Mundt,JAX,TE,2025,0.0
00-0033246,18,16.0,1.0,1.0,0,Johnny Mundt,JAX,TE,2025,2.5999999046325684
00-0033288,1,25.0,4.0,4.0,1,George Kittle,SF,TE,2025,12.5
00-0033288,7,0.0,0.0,2.0,0,George Kittle,SF,TE,2025,0.0
00-0033288,8,43.0,4.0,5.0,1,George Kittle,SF,TE,2025,14.300000190734863
00-0033288,9,32.0,4.0,4.0,0,George Kittle,SF,TE,2025,7.199999809265137
00-0033288,10,84.0,9.0,9.0,1,George Kittle,SF,TE,2025,23.400001525878906
00-0033288,11,67.0,6.0,6.0,2,George Kittle,SF,TE,2025,24.700000762939453
00-0033288,12,78.0,6.0,10.0,0,George Kittle,SF,TE,2025,13.800000190734863
00-0033288,13,67.0,4.0,5.0,0,George Kittle,SF,TE,2025,10.700000762939453
00-0033288,15,88.0,8.0,9.0,1,George Kittle,SF,TE,2025,22.799999237060547
00-0033288,16,115.0,7.0,8.0,1,George Kittle,SF,TE,2025,24.5
00-0033288,18,29.0,5.0,7.0,0,George Kittle,SF,TE,2025,7.900000095367432
00-0033288,19,6.0,1.0,2.0,0,George Kittle,SF,TE,2025,1.600000023841858
00-0033439,15,1.0,2.0,2.0,0,Pharaoh Brown,ARI,TE,2025,2.0999999046325684
00-0033455,13,4.0,1.0,1.0,0,Anthony Firkser,DET,TE,2025,1.399999976158142
00-0033455,14,7.0,1.0,1.0,0,Anthony Firkser,DET,TE,2025,1.7000000476837158
00-0033455,16,40.0,4.0,4.0,0,Anthony Firkser,DET,TE,2025,8.0
00-0033455,17,0.0,0.0,1.0,0,Anthony Firkser,DET,TE,2025,0.0
00-0033455,18,2.0,2.0,3.0,0,Anthony Firkser,DET,TE,2025,2.200000047683716
00-0033576,3,12.0,1.0,1.0,0,Eric Saubert,SEA,TE,2025,2.200000047683716
00-0033576,15,9.0,1.0,1.0,0,Eric Saubert,SEA,TE,2025,1.9000000953674316
00-0033576,16,0.0,0.0,1.0,0,Eric Saubert,SEA,TE,2025,0.0
00-0033576,17,0.0,0.0,2.0,0,Eric Saubert,SEA,TE,2025,0.0
00-0033576,18,10.0,2.0,3.0,0,Eric Saubert,SEA,TE,2025,3.0
00-0033757,11,1.0,1.0,1.0,0,Robert Tonyan,KC,TE,2025,1.100000023841858
00-0033858,1,15.0,5.0,6.0,1,Jonnu Smith,PIT,TE,2025,12.5
00-0033858,2,27.0,4.0,4.0,0,Jonnu Smith,PIT,TE,2025,6.699999809265137
00-0033858,3,23.0,3.0,3.0,0,Jonnu Smith,PIT,TE,2025,5.300000190734863
00-0033858,4,6.0,2.0,3.0,0,Jonnu Smith,PIT,TE,2025,2.5999999046325684
00-0033858,6,18.0,3.0,4.0,0,Jonnu Smith,PIT,TE,2025,4.800000190734863
00-0033858,7,28.0,3.0,6.0,1,Jonnu Smith,PIT,TE,2025,11.800000190734863
00-0033858,8,17.0,2.0,4.0,0,Jonnu Smith,PIT,TE,2025,3.700000047683716
00-0033858,9,25.0,3.0,5.0,0,Jonnu Smith,PIT,TE,2025,5.5
00-0033858,10,4.0,1.0,2.0,0,Jonnu Smith,PIT,TE,2025,1.399999976158142
00-0033858,11,0.0,0.0,2.0,0,Jonnu Smith,PIT,TE,2025,0.0
00-0033858,12,21.0,3.0,3.0,0,Jonnu Smith,PIT,TE,2025,5.100000381469727
00-0033858,13,6.0,1.0,2.0,0,Jonnu Smith,PIT,TE,2025,1.600000023841858
00-0033858,14,0.0,0.0,1.0,0,Jonnu Smith,PIT,TE,2025,0.0
00-0033858,15,12.0,2.0,2.0,0,Jonnu Smith,PIT,TE,2025,3.200000047683716
00-0033858,16,0.0,0.0,1.0,0,Jonnu Smith,PIT,TE,2025,0.0
00-0033858,17,18.0,5.0,5.0,0,Jonnu Smith,PIT,TE,2025,6.800000190734863
00-0033858,18,2.0,1.0,2.0,0,Jonnu Smith,PIT,TE,2025,1.2000000476837158
00-0033858,19,-1.0,2.0,3.0,0,Jonnu Smith,PIT,TE,2025,1.899999976158142
00-0033881,1,21.0,3.0,4.0,0,Evan Engram,DEN,TE,2025,5.100000381469727
00-0033881,2,12.0,1.0,2.0,0,Evan Engram,DEN,TE,2025,2.200000047683716
00-0033881,4,29.0,4.0,7.0,0,Evan Engram,DEN,TE,2025,6.900000095367432
00-0033881,5,33.0,4.0,6.0,1,Evan Engram,DEN,TE,2025,13.300000190734863
00-0033881,6,42.0,5.0,6.0,0,Evan Engram,DEN,TE,2025,9.200000762939453
00-0033881,7,42.0,5.0,8.0,0,Evan Engram,DEN,TE,2025,9.200000762939453
00-0033881,8,36.0,4.0,5.0,0,Evan Engram,DEN,TE,2025,7.600000381469727
00-0033881,9,0.0,0.0,3.0,0,Evan Engram,DEN,TE,2025,0.0
00-0033881,10,12.0,2.0,5.0,0,Evan Engram,DEN,TE,2025,3.200000047683716
00-0033881,11,33.0,4.0,5.0,0,Evan Engram,DEN,TE,2025,7.300000190734863
00-0033881,13,79.0,6.0,9.0,0,Evan Engram,DEN,TE,2025,13.899999618530273
00-0033881,14,8.0,2.0,2.0,0,Evan Engram,DEN,TE,2025,2.799999952316284
00-0033881,15,12.0,1.0,3.0,0,Evan Engram,DEN,TE,2025,2.200000047683716
00-0033881,16,36.0,2.0,4.0,0,Evan Engram,DEN,TE,2025,5.600000381469727
00-0033881,17,21.0,4.0,4.0,0,Evan Engram,DEN,TE,2025,6.100000381469727
00-0033881,18,45.0,3.0,4.0,0,Evan Engram,DEN,TE,2025,7.5
00-0033881,20,7.0,1.0,3.0,0,Evan Engram,DEN,TE,2025,1.7000000476837158
00-0033881,21,19.0,2.0,3.0,0,Evan Engram,DEN,TE,2025,3.9000000953674316
00-0033885,1,37.0,3.0,6.0,0,David Njoku,CLE,TE,2025,6.699999809265137
00-0033885,2,40.0,4.0,5.0,0,David Njoku,CLE,TE,2025,8.0
00-0033885,3,40.0,5.0,7.0,0,David Njoku,CLE,TE,2025,9.0
00-0033885,4,11.0,2.0,3.0,0,David Njoku,CLE,TE,2025,3.0999999046325684
00-0033885,5,67.0,6.0,9.0,1,David Njoku,CLE,TE,2025,18.700000762939453
00-0033885,6,28.0,3.0,6.0,0,David Njoku,CLE,TE,2025,5.800000190734863
00-0033885,8,37.0,4.0,5.0,1,David Njoku,CLE,TE,2025,13.699999809265137
00-0033885,10,21.0,2.0,2.0,1,David Njoku,CLE,TE,2025,10.100000381469727
00-0033885,11,7.0,1.0,2.0,0,David Njoku,CLE,TE,2025,1.7000000476837158
00-0033885,13,4.0,2.0,2.0,0,David Njoku,CLE,TE,2025,2.4000000953674316
00-0033885,14,1.0,1.0,1.0,1,David Njoku,CLE,TE,2025,7.100000023841858
00-0034073,10,0.0,0.0,1.0,0,Ross Dwelley,CAR,TE,2025,0.0
00-0034073,13,3.0,1.0,3.0,0,Ross Dwelley,CAR,TE,2025,1.2999999523162842
00-0034073,14,4.0,1.0,1.0,0,Ross Dwelley,CAR,TE,2025,1.399999976158142
00-0034159,1,18.0,1.0,1.0,0,Will Dissly,LAC,TE,2025,2.8000001907348633
00-0034159,2,7.0,1.0,1.0,0,Will Dissly,LAC,TE,2025,1.7000000476837158
00-0034159,6,18.0,2.0,2.0,0,Will Dissly,LAC,TE,2025,3.8000001907348633
00-0034159,7,0.0,0.0,1.0,0,Will Dissly,LAC,TE,2025,0.0
00-0034159,14,1.0,1.0,1.0,0,Will Dissly,LAC,TE,2025,1.100000023841858
00-0034159,16,28.0,3.0,3.0,0,Will Dissly,LAC,TE,2025,5.800000190734863
00-0034159,17,19.0,2.0,2.0,0,Will Dissly,LAC,TE,2025,3.9000000953674316
00-0034159,18,6.0,1.0,5.0,0,Will Dissly,LAC,TE,2025,1.600000023841858
00-0034270,1,50.0,2.0,2.0,0,Tyler Conklin,LAC,TE,2025,7.0
00-0034270,3,0.0,0.0,2.0,0,Tyler Conklin,LAC,TE,2025,0.0
00-0034270,4,3.0,1.0,1.0,0,Tyler Conklin,LAC,TE,2025,1.2999999523162842
00-0034270,5,30.0,2.0,3.0,0,Tyler Conklin,LAC,TE,2025,5.0
00-0034270,10,12.0,1.0,1.0,0,Tyler Conklin,LAC,TE,2025,2.200000047683716
00-0034270,18,6.0,1.0,1.0,0,Tyler Conklin,LAC,TE,2025,1.600000023841858
00-0034351,1,44.0,7.0,7.0,0,Dallas Goedert,PHI,TE,2025,11.399999618530273
00-0034351,3,33.0,1.0,2.0,1,Dallas Goedert,PHI,TE,2025,10.300000190734863
00-0034351,4,37.0,4.0,4.0,2,Dallas Goedert,PHI,TE,2025,19.699999809265137
00-0034351,5,19.0,3.0,9.0,1,Dallas Goedert,PHI,TE,2025,10.900000095367432
00-0034351,6,110.0,9.0,11.0,1,Dallas Goedert,PHI,TE,2025,26.0
00-0034351,7,18.0,3.0,3.0,0,Dallas Goedert,PHI,TE,2025,4.800000190734863
00-0034351,8,28.0,3.0,3.0,2,Dallas Goedert,PHI,TE,2025,17.800000190734863
00-0034351,10,43.0,4.0,6.0,0,Dallas Goedert,PHI,TE,2025,8.300000190734863
00-0034351,11,24.0,2.0,5.0,0,Dallas Goedert,PHI,TE,2025,4.400000095367432
00-0034351,12,20.0,2.0,2.0,0,Dallas Goedert,PHI,TE,2025,4.0
00-0034351,13,27.0,2.0,4.0,0,Dallas Goedert,PHI,TE,2025,4.699999809265137
00-0034351,14,78.0,8.0,10.0,0,Dallas Goedert,PHI,TE,2025,15.800000190734863
00-0034351,15,70.0,6.0,7.0,2,Dallas Goedert,PHI,TE,2025,25.0
00-0034351,16,32.0,3.0,3.0,1,Dallas Goedert,PHI,TE,2025,12.199999809265137
00-0034351,17,8.0,3.0,6.0,1,Dallas Goedert,PHI,TE,2025,9.799999952316284
00-0034351,19,33.0,4.0,7.0,1,Dallas Goedert,PHI,TE,2025,13.300000190734863
00-0034365,5,20.0,3.0,3.0,0,Ian Thomas,LV,TE,2025,5.0
00-0034365,6,4.0,1.0,1.0,0,Ian Thomas,LV,TE,2025,1.399999976158142
00-0034365,9,9.0,1.0,1.0,0,Ian Thomas,LV,TE,2025,1.9000000953674316
00-0034365,11,20.0,1.0,1.0,0,Ian Thomas,LV,TE,2025,3.0
00-0034365,12,36.0,4.0,4.0,0,Ian Thomas,LV,TE,2025,7.600000381469727
00-0034365,13,8.0,1.0,1.0,0,Ian Thomas,LV,TE,2025,1.7999999523162842
00-0034365,14,17.0,2.0,2.0,0,Ian Thomas,LV,TE,2025,3.700000047683716
00-0034383,1,28.0,3.0,5.0,0,Dalton Schultz,HOU,TE,2025,5.800000190734863
00-0034383,2,29.0,3.0,4.0,0,Dalton Schultz,HOU,TE,2025,5.900000095367432
00-0034383,3,39.0,5.0,6.0,0,Dalton Schultz,HOU,TE,2025,8.899999618530273
00-0034383,4,30.0,5.0,6.0,0,Dalton Schultz,HOU,TE,2025,8.0
00-0034383,5,60.0,5.0,6.0,0,Dalton Schultz,HOU,TE,2025,11.0
00-0034383,7,98.0,9.0,11.0,0,Dalton Schultz,HOU,TE,2025,18.799999237060547
00-0034383,8,24.0,2.0,3.0,0,Dalton Schultz,HOU,TE,2025,4.400000095367432
00-0034383,9,77.0,6.0,8.0,0,Dalton Schultz,HOU,TE,2025,13.700000762939453
00-0034383,10,53.0,7.0,11.0,1,Dalton Schultz,HOU,TE,2025,18.300000190734863
00-0034383,11,51.0,6.0,9.0,0,Dalton Schultz,HOU,TE,2025,11.100000381469727
00-0034383,12,8.0,1.0,4.0,0,Dalton Schultz,HOU,TE,2025,1.7999999523162842
00-0034383,13,55.0,7.0,8.0,0,Dalton Schultz,HOU,TE,2025,12.5
00-0034383,14,22.0,3.0,4.0,0,Dalton Schultz,HOU,TE,2025,5.199999809265137
00-0034383,15,76.0,8.0,9.0,1,Dalton Schultz,HOU,TE,2025,21.600000381469727
00-0034383,16,35.0,5.0,5.0,1,Dalton Schultz,HOU,TE,2025,14.5
00-0034383,17,19.0,3.0,4.0,0,Dalton Schultz,HOU,TE,2025,4.900000095367432
00-0034383,18,73.0,4.0,4.0,0,Dalton Schultz,HOU,TE,2025,11.300000190734863
00-0034383,19,12.0,3.0,4.0,0,Dalton Schultz,HOU,TE,2025,4.199999809265137
00-0034383,20,47.0,2.0,2.0,0,Dalton Schultz,HOU,TE,2025,6.700000286102295
00-0034613,6,10.0,4.0,5.0,1,Tanner Hudson,CIN,TE,2025,11.0
00-0034613,8,9.0,1.0,2.0,0,Tanner Hudson,CIN,TE,2025,1.9000000953674316
00-0034613,9,42.0,2.0,2.0,0,Tanner Hudson,CIN,TE,2025,6.200000286102295
00-0034613,11,22.0,3.0,3.0,0,Tanner Hudson,CIN,TE,2025,5.199999809265137
00-0034613,12,9.0,1.0,1.0,0,Tanner Hudson,CIN,TE,2025,1.9000000953674316
00-0034613,13,14.0,1.0,2.0,1,Tanner Hudson,CIN,TE,2025,8.400000095367432
00-0034613,14,11.0,1.0,1.0,0,Tanner Hudson,CIN,TE,2025,2.0999999046325684
00-0034613,15,16.0,3.0,5.0,1,Tanner Hudson,CIN,TE,2025,10.599999904632568
00-0034613,16,4.0,1.0,1.0,0,Tanner Hudson,CIN,TE,2025,1.399999976158142
00-0034613,17,31.0,2.0,2.0,0,Tanner Hudson,CIN,TE,2025,5.100000381469727
00-0034753,1,5.0,1.0,1.0,0,Mark Andrews,BAL,TE,2025,1.5
00-0034753,2,2.0,1.0,3.0,0,Mark Andrews,BAL,TE,2025,1.2000000476837158
00-0034753,3,91.0,6.0,6.0,2,Mark Andrews,BAL,TE,2025,27.100000381469727
00-0034753,4,30.0,7.0,8.0,0,Mark Andrews,BAL,TE,2025,10.0
00-0034753,5,22.0,2.0,3.0,0,Mark Andrews,BAL,TE,2025,4.199999809265137
00-0034753,6,24.0,4.0,6.0,0,Mark Andrews,BAL,TE,2025,6.400000095367432
00-0034753,8,34.0,3.0,3.0,0,Mark Andrews,BAL,TE,2025,6.400000095367432
00-0034753,9,22.0,2.0,3.0,2,Mark Andrews,BAL,TE,2025,16.199999809265137
00-0034753,10,14.0,3.0,5.0,1,Mark Andrews,BAL,TE,2025,10.400000095367432
00-0034753,11,32.0,3.0,5.0,0,Mark Andrews,BAL,TE,2025,6.199999809265137
00-0034753,12,9.0,1.0,3.0,0,Mark Andrews,BAL,TE,2025,1.9000000953674316
00-0034753,13,47.0,4.0,6.0,0,Mark Andrews,BAL,TE,2025,8.700000762939453
00-0034753,14,9.0,1.0,5.0,0,Mark Andrews,BAL,TE,2025,1.9000000953674316
00-0034753,15,18.0,2.0,3.0,0,Mark Andrews,BAL,TE,2025,3.8000001907348633
00-0034753,16,21.0,2.0,3.0,0,Mark Andrews,BAL,TE,2025,4.100000381469727
00-0034753,17,28.0,4.0,4.0,0,Mark Andrews,BAL,TE,2025,6.800000190734863
00-0034753,18,14.0,2.0,3.0,0,Mark Andrews,BAL,TE,2025,3.4000000953674316
00-0034798,11,8.0,1.0,3.0,0,Durham Smythe,CHI,TE,2025,1.7999999523162842
00-0034798,12,4.0,1.0,1.0,0,Durham Smythe,CHI,TE,2025,1.399999976158142
00-0034798,14,2.0,1.0,1.0,0,Durham Smythe,CHI,TE,2025,1.2000000476837158
00-0034798,17,11.0,1.0,1.0,0,Durham Smythe,CHI,TE,2025,2.0999999046325684
00-0034798,19,6.0,1.0,2.0,0,Durham Smythe,CHI,TE,2025,1.600000023841858
00-0034798,20,5.0,1.0,1.0,0,Durham Smythe,CHI,TE,2025,1.5
00-0034829,1,14.0,1.0,3.0,0,Mike Gesicki,CIN,TE,2025,2.4000000953674316
00-0034829,2,18.0,3.0,4.0,0,Mike Gesicki,CIN,TE,2025,4.800000190734863
00-0034829,3,6.0,1.0,3.0,0,Mike Gesicki,CIN,TE,2025,1.600000023841858
00-0034829,4,8.0,1.0,1.0,0,Mike Gesicki,CIN,TE,2025,1.7999999523162842
00-0034829,5,15.0,2.0,5.0,0,Mike Gesicki,CIN,TE,2025,3.5
00-0034829,12,35.0,4.0,6.0,0,Mike Gesicki,CIN,TE,2025,7.5
00-0034829,13,19.0,2.0,4.0,0,Mike Gesicki,CIN,TE,2025,3.9000000953674316
00-0034829,14,86.0,6.0,6.0,1,Mike Gesicki,CIN,TE,2025,20.600000381469727
00-0034829,15,11.0,1.0,2.0,0,Mike Gesicki,CIN,TE,2025,2.0999999046325684
00-0034829,16,35.0,3.0,4.0,1,Mike Gesicki,CIN,TE,2025,12.5
00-0034829,17,47.0,2.0,2.0,0,Mike Gesicki,CIN,TE,2025,6.700000286102295
00-0034829,18,13.0,2.0,3.0,0,Mike Gesicki,CIN,TE,2025,3.3000001907348633
00-0034981,6,9.0,1.0,1.0,0,Foster Moreau,NO,TE,2025,1.9000000953674316
00-0034981,8,0.0,0.0,1.0,1,Foster Moreau,NO,TE,2025,6.0
00-0034981,10,16.0,2.0,3.0,0,Foster Moreau,NO,TE,2025,3.5999999046325684
00-0034981,12,0.0,0.0,1.0,0,Foster Moreau,NO,TE,2025,0.0
00-0034981,13,13.0,2.0,2.0,0,Foster Moreau,NO,TE,2025,3.3000001907348633
00-0034981,14,16.0,1.0,1.0,0,Foster Moreau,NO,TE,2025,2.5999999046325684
00-0034981,16,5.0,1.0,1.0,0,Foster Moreau,NO,TE,2025,1.5
00-0035229,1,15.0,3.0,4.0,0,T.J. Hockenson,MIN,TE,2025,4.5
00-0035229,2,12.0,1.0,3.0,0,T.J. Hockenson,MIN,TE,2025,2.200000047683716
00-0035229,3,49.0,5.0,6.0,1,T.J. Hockenson,MIN,TE,2025,15.899999618530273
00-0035229,4,39.0,4.0,5.0,0,T.J. Hockenson,MIN,TE,2025,7.900000095367432
00-0035229,5,38.0,6.0,6.0,0,T.J. Hockenson,MIN,TE,2025,9.800000190734863
00-0035229,7,43.0,6.0,9.0,0,T.J. Hockenson,MIN,TE,2025,10.300000190734863
00-0035229,8,26.0,2.0,3.0,0,T.J. Hockenson,MIN,TE,2025,4.600000381469727
00-0035229,9,11.0,2.0,3.0,1,T.J. Hockenson,MIN,TE,2025,9.099999904632568
00-0035229,10,8.0,2.0,2.0,0,T.J. Hockenson,MIN,TE,2025,2.799999952316284
00-0035229,11,39.0,3.0,6.0,0,T.J. Hockenson,MIN,TE,2025,6.900000095367432
00-0035229,12,19.0,4.0,4.0,0,T.J. Hockenson,MIN,TE,2025,5.900000095367432
00-0035229,13,59.0,6.0,6.0,0,T.J. Hockenson,MIN,TE,2025,11.899999618530273
00-0035229,14,12.0,2.0,3.0,1,T.J. Hockenson,MIN,TE,2025,9.200000047683716
00-0035229,15,66.0,4.0,5.0,0,T.J. Hockenson,MIN,TE,2025,10.600000381469727
00-0035229,16,2.0,1.0,1.0,0,T.J. Hockenson,MIN,TE,2025,1.2000000476837158
00-0035249,1,5.0,1.0,2.0,0,Josh Oliver,MIN,TE,2025,1.5
00-0035249,3,12.0,1.0,1.0,1,Josh Oliver,MIN,TE,2025,8.200000047683716
00-0035249,4,0.0,0.0,1.0,0,Josh Oliver,MIN,TE,2025,0.0
00-0035249,5,35.0,2.0,3.0,1,Josh Oliver,MIN,TE,2025,11.5
00-0035249,7,9.0,1.0,1.0,0,Josh Oliver,MIN,TE,2025,1.9000000953674316
00-0035249,11,-3.0,1.0,1.0,0,Josh Oliver,MIN,TE,2025,0.699999988079071
00-0035249,12,4.0,1.0,1.0,0,Josh Oliver,MIN,TE,2025,1.399999976158142
00-0035249,14,24.0,2.0,2.0,2,Josh Oliver,MIN,TE,2025,16.40000009536743
00-0035249,15,18.0,1.0,1.0,0,Josh Oliver,MIN,TE,2025,2.8000001907348633
00-0035249,16,19.0,2.0,3.0,0,Josh Oliver,MIN,TE,2025,3.9000000953674316
00-0035249,17,8.0,1.0,2.0,0,Josh Oliver,MIN,TE,2025,1.7999999523162842
00-0035249,18,29.0,2.0,2.0,0,Josh Oliver,MIN,TE,2025,4.900000095367432
00-0035631,1,0.0,0.0,1.0,0,Drew Sample,CIN,TE,2025,0.0
00-0035631,2,7.0,1.0,2.0,0,Drew Sample,CIN,TE,2025,1.7000000476837158
00-0035631,3,20.0,2.0,3.0,1,Drew Sample,CIN,TE,2025,10.0
00-0035631,5,-1.0,1.0,1.0,0,Drew Sample,CIN,TE,2025,0.8999999761581421
00-0035631,6,-2.0,1.0,2.0,0,Drew Sample,CIN,TE,2025,0.800000011920929
00-0035631,12,0.0,1.0,1.0,0,Drew Sample,CIN,TE,2025,1.0
00-0035631,13,14.0,1.0,2.0,0,Drew Sample,CIN,TE,2025,2.4000000953674316
00-0035631,15,12.0,2.0,2.0,0,Drew Sample,CIN,TE,2025,3.200000047683716
00-0035631,16,31.0,2.0,2.0,0,Drew Sample,CIN,TE,2025,5.100000381469727
00-0035631,17,8.0,1.0,1.0,0,Drew Sample,CIN,TE,2025,1.7999999523162842
00-0035631,18,17.0,3.0,3.0,0,Drew Sample,CIN,TE,2025,4.699999809265137
00-0035644,1,26.0,4.0,5.0,1,Noah Fant,CIN,TE,2025,12.600000381469727
00-0035644,2,28.0,3.0,4.0,0,Noah Fant,CIN,TE,2025,5.800000190734863
00-0035644,3,26.0,5.0,5.0,1,Noah Fant,CIN,TE,2025,13.600000381469727
00-0035644,6,27.0,4.0,4.0,0,Noah Fant,CIN,TE,2025,6.699999809265137
00-0035644,7,44.0,4.0,4.0,1,Noah Fant,CIN,TE,2025,14.399999618530273
00-0035644,8,41.0,3.0,3.0,0,Noah Fant,CIN,TE,2025,7.099999904632568
00-0035644,9,28.0,2.0,3.0,1,Noah Fant,CIN,TE,2025,10.800000190734863
00-0035644,11,36.0,5.0,6.0,1,Noah Fant,CIN,TE,2025,14.600000381469727
00-0035644,12,9.0,1.0,1.0,0,Noah Fant,CIN,TE,2025,1.9000000953674316
00-0035644,13,3.0,1.0,2.0,0,Noah Fant,CIN,TE,2025,1.2999999523162842
00-0035644,14,15.0,1.0,2.0,0,Noah Fant,CIN,TE,2025,2.5
00-0035644,17,0.0,0.0,1.0,0,Noah Fant,CIN,TE,2025,0.0
00-0035644,18,5.0,1.0,1.0,1,Noah Fant,CIN,TE,2025,7.5
00-0035689,1,20.0,2.0,2.0,0,Dawson Knox,BUF,TE,2025,4.0
00-0035689,2,19.0,2.0,5.0,0,Dawson Knox,BUF,TE,2025,3.9000000953674316
00-0035689,4,0.0,0.0,1.0,0,Dawson Knox,BUF,TE,2025,0.0
00-0035689,5,15.0,2.0,2.0,0,Dawson Knox,BUF,TE,2025,3.5
00-0035689,6,19.0,1.0,2.0,1,Dawson Knox,BUF,TE,2025,8.900000095367432
00-0035689,8,15.0,1.0,1.0,0,Dawson Knox,BUF,TE,2025,2.5
00-0035689,9,30.0,1.0,1.0,0,Dawson Knox,BUF,TE,2025,4.0
00-0035689,10,37.0,3.0,4.0,0,Dawson Knox,BUF,TE,2025,6.699999809265137
00-0035689,11,23.0,1.0,3.0,0,Dawson Knox,BUF,TE,2025,3.299999952316284
00-0035689,12,17.0,3.0,4.0,0,Dawson Knox,BUF,TE,2025,4.699999809265137
00-0035689,13,28.0,3.0,4.0,0,Dawson Knox,BUF,TE,2025,5.800000190734863
00-0035689,14,93.0,6.0,8.0,0,Dawson Knox,BUF,TE,2025,15.300000190734863
00-0035689,15,37.0,3.0,4.0,2,Dawson Knox,BUF,TE,2025,18.699999809265137
00-0035689,16,10.0,1.0,2.0,0,Dawson Knox,BUF,TE,2025,2.0
00-0035689,17,30.0,5.0,5.0,0,Dawson Knox,BUF,TE,2025,8.0
00-0035689,18,24.0,2.0,2.0,1,Dawson Knox,BUF,TE,2025,10.400000095367432
00-0035689,19,30.0,3.0,3.0,0,Dawson Knox,BUF,TE,2025,6.0
00-0035689,20,32.0,3.0,5.0,0,Dawson Knox,BUF,TE,2025,6.199999809265137
00-0035956,17,0.0,0.0,1.0,0,Giovanni Ricci,DET,TE,2025,0.0
00-0036040,1,76.0,8.0,11.0,0,Juwan Johnson,NO,TE,2025,15.600000381469727
00-0036040,2,49.0,5.0,9.0,1,Juwan Johnson,NO,TE,2025,15.899999618530273
00-0036040,3,51.0,6.0,8.0,0,Juwan Johnson,NO,TE,2025,11.100000381469727
00-0036040,4,28.0,3.0,3.0,0,Juwan Johnson,NO,TE,2025,5.800000190734863
00-0036040,5,17.0,2.0,4.0,0,Juwan Johnson,NO,TE,2025,3.700000047683716
00-0036040,6,15.0,2.0,2.0,0,Juwan Johnson,NO,TE,2025,3.5
00-0036040,7,79.0,5.0,7.0,0,Juwan Johnson,NO,TE,2025,12.899999618530273
00-0036040,8,53.0,5.0,8.0,0,Juwan Johnson,NO,TE,2025,10.300000190734863
00-0036040,9,31.0,3.0,4.0,1,Juwan Johnson,NO,TE,2025,12.100000381469727
00-0036040,10,92.0,4.0,4.0,1,Juwan Johnson,NO,TE,2025,19.199999809265137
00-0036040,12,46.0,6.0,7.0,0,Juwan Johnson,NO,TE,2025,10.600000381469727
00-0036040,13,39.0,5.0,9.0,0,Juwan Johnson,NO,TE,2025,8.899999618530273
00-0036040,14,38.0,4.0,4.0,0,Juwan Johnson,NO,TE,2025,7.800000190734863
00-0036040,15,30.0,4.0,4.0,0,Juwan Johnson,NO,TE,2025,7.0
00-0036040,16,89.0,8.0,9.0,0,Juwan Johnson,NO,TE,2025,16.900001525878906
00-0036040,17,95.0,4.0,4.0,0,Juwan Johnson,NO,TE,2025,13.5
00-0036040,18,61.0,3.0,5.0,0,Juwan Johnson,NO,TE,2025,9.100000381469727
00-0036232,2,0.0,0.0,1.0,0,Harrison Bryant,HOU,TE,2025,0.0
00-0036232,5,5.0,1.0,2.0,0,Harrison Bryant,HOU,TE,2025,1.5
00-0036232,8,0.0,0.0,1.0,0,Harrison Bryant,HOU,TE,2025,0.0
00-0036232,9,2.0,1.0,2.0,0,Harrison Bryant,HOU,TE,2025,1.2000000476837158
00-0036232,20,21.0,3.0,6.0,0,Harrison Bryant,HOU,TE,2025,5.100000381469727
00-0036244,1,-6.0,2.0,2.0,0,Colby Parkinson,LA,TE,2025,1.399999976158142
00-0036244,4,17.0,2.0,2.0,0,Colby Parkinson,LA,TE,2025,3.700000047683716
00-0036244,5,0.0,0.0,1.0,0,Colby Parkinson,LA,TE,2025,0.0
00-0036244,7,47.0,3.0,3.0,0,Colby Parkinson,LA,TE,2025,7.700000286102295
00-0036244,9,10.0,2.0,2.0,0,Colby Parkinson,LA,TE,2025,3.0
00-0036244,10,41.0,4.0,5.0,1,Colby Parkinson,LA,TE,2025,14.100000381469727
00-0036244,11,14.0,2.0,2.0,1,Colby Parkinson,LA,TE,2025,9.400000095367432
00-0036244,12,41.0,4.0,4.0,1,Colby Parkinson,LA,TE,2025,14.100000381469727
00-0036244,13,27.0,4.0,5.0,0,Colby Parkinson,LA,TE,2025,6.699999809265137
00-0036244,14,32.0,3.0,5.0,1,Colby Parkinson,LA,TE,2025,12.199999809265137
00-0036244,15,75.0,5.0,7.0,2,Colby Parkinson,LA,TE,2025,24.5
00-0036244,16,21.0,2.0,4.0,0,Colby Parkinson,LA,TE,2025,4.100000381469727
00-0036244,17,53.0,6.0,7.0,0,Colby Parkinson,LA,TE,2025,11.300000190734863
00-0036244,18,36.0,4.0,7.0,2,Colby Parkinson,LA,TE,2025,19.600000381469727
00-0036244,19,34.0,2.0,3.0,1,Colby Parkinson,LA,TE,2025,11.400000095367432
00-0036244,20,56.0,3.0,7.0,0,Colby Parkinson,LA,TE,2025,8.600000381469727
00-0036244,21,62.0,3.0,4.0,0,Colby Parkinson,LA,TE,2025,9.200000762939453
00-0036290,1,31.0,1.0,4.0,0,Cole Kmet,CHI,TE,2025,4.100000381469727
00-0036290,2,29.0,2.0,2.0,0,Cole Kmet,CHI,TE,2025,4.900000095367432
00-0036290,3,10.0,1.0,1.0,1,Cole Kmet,CHI,TE,2025,8.0
00-0036290,4,46.0,3.0,9.0,0,Cole Kmet,CHI,TE,2025,7.599999904632568
00-0036290,6,0.0,1.0,2.0,0,Cole Kmet,CHI,TE,2025,1.0
00-0036290,7,16.0,1.0,1.0,0,Cole Kmet,CHI,TE,2025,2.5999999046325684
00-0036290,9,10.0,1.0,2.0,0,Cole Kmet,CHI,TE,2025,2.0
00-0036290,10,5.0,1.0,2.0,0,Cole Kmet,CHI,TE,2025,1.5
00-0036290,11,45.0,5.0,5.0,0,Cole Kmet,CHI,TE,2025,9.5
00-0036290,12,3.0,1.0,1.0,0,Cole Kmet,CHI,TE,2025,1.2999999523162842
00-0036290,13,36.0,3.0,3.0,1,Cole Kmet,CHI,TE,2025,12.600000381469727
00-0036290,14,42.0,2.0,3.0,0,Cole Kmet,CHI,TE,2025,6.200000286102295
00-0036290,15,28.0,2.0,4.0,0,Cole Kmet,CHI,TE,2025,4.800000190734863
00-0036290,16,14.0,2.0,3.0,0,Cole Kmet,CHI,TE,2025,3.4000000953674316
00-0036290,17,16.0,2.0,3.0,0,Cole Kmet,CHI,TE,2025,3.5999999046325684
00-0036290,18,16.0,2.0,4.0,0,Cole Kmet,CHI,TE,2025,3.5999999046325684
00-0036290,19,0.0,0.0,2.0,0,Cole Kmet,CHI,TE,2025,0.0
00-0036290,20,31.0,3.0,3.0,1,Cole Kmet,CHI,TE,2025,12.100000381469727
00-0036332,12,6.0,1.0,1.0,0,Josiah Deguara,ARI,TE,2025,1.600000023841858
00-0036332,14,0.0,0.0,1.0,0,Josiah Deguara,ARI,TE,2025,0.0
00-0036332,16,0.0,0.0,1.0,0,Josiah Deguara,ARI,TE,2025,0.0
00-0036332,18,15.0,2.0,2.0,1,Josiah Deguara,ARI,TE,2025,9.5
00-0036422,1,5.0,1.0,1.0,0,Adam Trautman,DEN,TE,2025,1.5
00-0036422,2,10.0,3.0,3.0,1,Adam Trautman,DEN,TE,2025,10.0
00-0036422,4,32.0,2.0,3.0,0,Adam Trautman,DEN,TE,2025,5.199999809265137
00-0036422,5,11.0,1.0,1.0,0,Adam Trautman,DEN,TE,2025,2.0999999046325684
00-0036422,9,25.0,2.0,2.0,0,Adam Trautman,DEN,TE,2025,4.5
00-0036422,10,2.0,1.0,1.0,0,Adam Trautman,DEN,TE,2025,1.2000000476837158
00-0036422,11,8.0,1.0,1.0,0,Adam Trautman,DEN,TE,2025,1.7999999523162842
00-0036422,13,47.0,3.0,4.0,0,Adam Trautman,DEN,TE,2025,7.700000286102295
00-0036422,14,17.0,2.0,2.0,0,Adam Trautman,DEN,TE,2025,3.700000047683716
00-0036422,16,14.0,2.0,3.0,0,Adam Trautman,DEN,TE,2025,3.4000000953674316
00-0036422,17,24.0,2.0,2.0,0,Adam Trautman,DEN,TE,2025,4.400000095367432
00-0036422,20,0.0,0.0,2.0,0,Adam Trautman,DEN,TE,2025,0.0
00-0036423,5,36.0,5.0,6.0,0,Albert Okwuegbunam,LV,TE,2025,8.600000381469727
00-0036429,3,-5.0,1.0,1.0,0,Charlie Woerner,ATL,TE,2025,0.5
00-0036429,7,0.0,0.0,1.0,0,Charlie Woerner,ATL,TE,2025,0.0
00-0036429,10,14.0,1.0,1.0,0,Charlie Woerner,ATL,TE,2025,2.4000000953674316
00-0036429,12,24.0,3.0,3.0,0,Charlie Woerner,ATL,TE,2025,5.400000095367432
00-0036429,15,12.0,2.0,2.0,0,Charlie Woerner,ATL,TE,2025,3.200000047683716
00-0036429,16,3.0,1.0,1.0,0,Charlie Woerner,ATL,TE,2025,1.2999999523162842
00-0036534,16,20.0,3.0,5.0,0,Shane Zylstra,DET,TE,2025,5.0
00-0036590,11,11.0,1.0,3.0,0,Quintin Morris,JAX,TE,2025,2.0999999046325684
00-0036590,13,14.0,1.0,2.0,0,Quintin Morris,JAX,TE,2025,2.4000000953674316
00-0036590,15,20.0,2.0,2.0,0,Quintin Morris,JAX,TE,2025,4.0
00-0036590,16,5.0,1.0,1.0,0,Quintin Morris,JAX,TE,2025,1.5
00-0036590,18,5.0,1.0,1.0,1,Quintin Morris,JAX,TE,2025,7.5
00-0036628,5,9.0,1.0,1.0,0,John Bates,WAS,TE,2025,1.9000000953674316
00-0036628,7,5.0,1.0,2.0,0,John Bates,WAS,TE,2025,1.5
00-0036628,8,22.0,1.0,1.0,0,John Bates,WAS,TE,2025,3.200000047683716
00-0036628,9,20.0,2.0,4.0,0,John Bates,WAS,TE,2025,4.0
00-0036628,10,6.0,1.0,2.0,0,John Bates,WAS,TE,2025,1.600000023841858
00-0036628,13,9.0,2.0,2.0,0,John Bates,WAS,TE,2025,2.9000000953674316
00-0036628,15,19.0,1.0,1.0,0,John Bates,WAS,TE,2025,2.9000000953674316
00-0036628,16,0.0,0.0,1.0,0,John Bates,WAS,TE,2025,0.0
00-0036628,18,13.0,2.0,2.0,1,John Bates,WAS,TE,2025,9.300000190734863
00-0036637,1,3.0,1.0,2.0,0,Noah Gray,KC,TE,2025,1.2999999523162842
00-0036637,2,1.0,1.0,5.0,0,Noah Gray,KC,TE,2025,1.100000023841858
00-0036637,3,17.0,3.0,6.0,0,Noah Gray,KC,TE,2025,4.699999809265137
00-0036637,4,1.0,1.0,1.0,0,Noah Gray,KC,TE,2025,1.100000023841858
00-0036637,6,25.0,2.0,2.0,0,Noah Gray,KC,TE,2025,4.5
00-0036637,7,28.0,1.0,1.0,0,Noah Gray,KC,TE,2025,3.799999952316284
00-0036637,8,23.0,2.0,4.0,0,Noah Gray,KC,TE,2025,4.300000190734863
00-0036637,9,0.0,0.0,1.0,0,Noah Gray,KC,TE,2025,0.0
00-0036637,11,9.0,2.0,3.0,0,Noah Gray,KC,TE,2025,2.9000000953674316
00-0036637,12,25.0,3.0,4.0,0,Noah Gray,KC,TE,2025,5.5
00-0036637,14,14.0,1.0,3.0,0,Noah Gray,KC,TE,2025,2.4000000953674316
00-0036637,17,2.0,1.0,1.0,0,Noah Gray,KC,TE,2025,1.2000000476837158
00-0036637,18,30.0,3.0,5.0,0,Noah Gray,KC,TE,2025,6.0
00-0036741,3,21.0,2.0,3.0,1,Jack Stoll,NO,TE,2025,10.100000381469727
00-0036741,4,7.0,1.0,1.0,0,Jack Stoll,NO,TE,2025,1.7000000476837158
00-0036741,7,0.0,0.0,1.0,0,Jack Stoll,NO,TE,2025,0.0
00-0036741,8,0.0,0.0,1.0,0,Jack Stoll,NO,TE,2025,0.0
00-0036741,12,7.0,1.0,1.0,0,Jack Stoll,NO,TE,2025,1.7000000476837158
00-0036741,14,0.0,0.0,1.0,0,Jack Stoll,NO,TE,2025,0.0
00-0036741,15,7.0,1.0,1.0,0,Jack Stoll,NO,TE,2025,1.7000000476837158
00-0036741,16,4.0,1.0,2.0,0,Jack Stoll,NO,TE,2025,1.399999976158142
00-0036754,2,28.0,3.0,3.0,1,Brock Wright,DET,TE,2025,11.800000190734863
00-0036754,5,9.0,2.0,3.0,1,Brock Wright,DET,TE,2025,8.900000095367432
00-0036754,7,23.0,3.0,3.0,0,Brock Wright,DET,TE,2025,5.300000190734863
00-0036754,9,11.0,1.0,1.0,0,Brock Wright,DET,TE,2025,2.0999999046325684
00-0036754,10,0.0,0.0,1.0,0,Brock Wright,DET,TE,2025,0.0
00-0036754,11,8.0,2.0,7.0,0,Brock Wright,DET,TE,2025,2.799999952316284
00-0036754,12,29.0,3.0,4.0,0,Brock Wright,DET,TE,2025,5.900000095367432
00-0036876,1,1.0,1.0,1.0,0,Kylen Granson,PHI,TE,2025,1.100000023841858
00-0036876,2,5.0,1.0,1.0,0,Kylen Granson,PHI,TE,2025,1.5
00-0036876,11,4.0,1.0,2.0,0,Kylen Granson,PHI,TE,2025,1.399999976158142
00-0036876,18,30.0,4.0,5.0,0,Kylen Granson,PHI,TE,2025,7.0
00-0036887,1,4.0,1.0,1.0,0,Luke Farrell,SF,TE,2025,1.399999976158142
00-0036887,2,15.0,2.0,3.0,1,Luke Farrell,SF,TE,2025,9.5
00-0036887,4,20.0,2.0,2.0,0,Luke Farrell,SF,TE,2025,4.0
00-0036887,5,8.0,1.0,2.0,0,Luke Farrell,SF,TE,2025,1.7999999523162842
00-0036887,7,11.0,1.0,1.0,0,Luke Farrell,SF,TE,2025,2.0999999046325684
00-0036887,9,9.0,1.0,1.0,0,Luke Farrell,SF,TE,2025,1.9000000953674316
00-0036887,10,15.0,2.0,2.0,1,Luke Farrell,SF,TE,2025,9.5
00-0036887,12,3.0,1.0,1.0,0,Luke Farrell,SF,TE,2025,1.2999999523162842
00-0036887,13,0.0,0.0,1.0,0,Luke Farrell,SF,TE,2025,0.0
00-0036887,19,0.0,0.0,1.0,0,Luke Farrell,SF,TE,2025,0.0
00-0036887,20,1.0,1.0,2.0,0,Luke Farrell,SF,TE,2025,1.100000023841858
00-0036894,1,28.0,3.0,3.0,0,Pat Freiermuth,PIT,TE,2025,5.800000190734863
00-0036894,2,31.0,3.0,4.0,0,Pat Freiermuth,PIT,TE,2025,6.100000381469727
00-0036894,3,6.0,1.0,3.0,0,Pat Freiermuth,PIT,TE,2025,1.600000023841858
00-0036894,6,11.0,1.0,1.0,0,Pat Freiermuth,PIT,TE,2025,2.0999999046325684
00-0036894,7,111.0,5.0,6.0,2,Pat Freiermuth,PIT,TE,2025,28.100000381469727
00-0036894,8,13.0,3.0,4.0,0,Pat Freiermuth,PIT,TE,2025,4.300000190734863
00-0036894,9,27.0,3.0,4.0,1,Pat Freiermuth,PIT,TE,2025,11.699999809265137
00-0036894,10,33.0,3.0,3.0,0,Pat Freiermuth,PIT,TE,2025,6.300000190734863
00-0036894,11,19.0,1.0,1.0,0,Pat Freiermuth,PIT,TE,2025,2.9000000953674316
00-0036894,12,19.0,3.0,3.0,1,Pat Freiermuth,PIT,TE,2025,10.900000095367432
00-0036894,14,9.0,2.0,3.0,0,Pat Freiermuth,PIT,TE,2025,2.9000000953674316
00-0036894,15,45.0,3.0,5.0,0,Pat Freiermuth,PIT,TE,2025,7.5
00-0036894,16,20.0,4.0,4.0,0,Pat Freiermuth,PIT,TE,2025,6.0
00-0036894,17,63.0,3.0,5.0,0,Pat Freiermuth,PIT,TE,2025,9.300000190734863
00-0036894,18,51.0,3.0,5.0,0,Pat Freiermuth,PIT,TE,2025,8.100000381469727
00-0036894,19,18.0,1.0,3.0,1,Pat Freiermuth,PIT,TE,2025,8.800000190734863
00-0036970,1,59.0,7.0,8.0,0,Kyle Pitts,ATL,TE,2025,12.899999618530273
00-0036970,2,37.0,4.0,5.0,0,Kyle Pitts,ATL,TE,2025,7.699999809265137
00-0036970,3,39.0,4.0,6.0,0,Kyle Pitts,ATL,TE,2025,7.900000095367432
00-0036970,4,70.0,5.0,5.0,1,Kyle Pitts,ATL,TE,2025,18.0
00-0036970,6,18.0,3.0,4.0,0,Kyle Pitts,ATL,TE,2025,4.800000190734863
00-0036970,7,62.0,7.0,10.0,0,Kyle Pitts,ATL,TE,2025,13.200000762939453
00-0036970,8,59.0,9.0,9.0,0,Kyle Pitts,ATL,TE,2025,14.899999618530273
00-0036970,9,38.0,4.0,7.0,0,Kyle Pitts,ATL,TE,2025,7.800000190734863
00-0036970,10,38.0,2.0,5.0,0,Kyle Pitts,ATL,TE,2025,5.800000190734863
00-0036970,11,14.0,2.0,3.0,0,Kyle Pitts,ATL,TE,2025,3.4000000953674316
00-0036970,12,25.0,2.0,5.0,1,Kyle Pitts,ATL,TE,2025,10.5
00-0036970,13,82.0,7.0,8.0,0,Kyle Pitts,ATL,TE,2025,15.199999809265137
00-0036970,14,90.0,6.0,10.0,0,Kyle Pitts,ATL,TE,2025,15.0
00-0036970,15,166.0,11.0,13.0,3,Kyle Pitts,ATL,TE,2025,45.60000038146973
00-0036970,16,57.0,7.0,9.0,1,Kyle Pitts,ATL,TE,2025,18.700000762939453
00-0036970,17,16.0,2.0,3.0,0,Kyle Pitts,ATL,TE,2025,3.5999999046325684
00-0036970,18,58.0,6.0,9.0,0,Kyle Pitts,ATL,TE,2025,11.800000190734863
00-0037004,1,6.0,1.0,1.0,1,Hunter Long,JAX,TE,2025,7.600000023841858
00-0037004,3,12.0,2.0,3.0,0,Hunter Long,JAX,TE,2025,3.200000047683716
00-0037004,4,23.0,3.0,3.0,1,Hunter Long,JAX,TE,2025,11.300000190734863
00-0037004,5,3.0,1.0,1.0,0,Hunter Long,JAX,TE,2025,1.2999999523162842
00-0037004,6,19.0,2.0,3.0,0,Hunter Long,JAX,TE,2025,3.9000000953674316
00-0037004,7,16.0,2.0,3.0,0,Hunter Long,JAX,TE,2025,3.5999999046325684
00-0037004,9,6.0,1.0,3.0,0,Hunter Long,JAX,TE,2025,1.600000023841858
00-0037005,1,2.0,1.0,1.0,0,Tommy Tremble,CAR,TE,2025,1.2000000476837158
00-0037005,2,20.0,3.0,3.0,0,Tommy Tremble,CAR,TE,2025,5.0
00-0037005,3,16.0,2.0,2.0,0,Tommy Tremble,CAR,TE,2025,3.5999999046325684
00-0037005,4,42.0,5.0,8.0,1,Tommy Tremble,CAR,TE,2025,15.200000762939453
00-0037005,5,7.0,1.0,2.0,0,Tommy Tremble,CAR,TE,2025,1.7000000476837158
00-0037005,6,39.0,4.0,4.0,0,Tommy Tremble,CAR,TE,2025,7.900000095367432
00-0037005,7,0.0,1.0,1.0,0,Tommy Tremble,CAR,TE,2025,1.0
00-0037005,8,4.0,1.0,1.0,0,Tommy Tremble,CAR,TE,2025,1.399999976158142
00-0037005,9,0.0,0.0,1.0,0,Tommy Tremble,CAR,TE,2025,0.0
00-0037005,11,54.0,1.0,2.0,0,Tommy Tremble,CAR,TE,2025,6.400000095367432
00-0037005,13,2.0,1.0,2.0,0,Tommy Tremble,CAR,TE,2025,1.2000000476837158
00-0037005,15,13.0,2.0,4.0,0,Tommy Tremble,CAR,TE,2025,3.3000001907348633
00-0037005,16,6.0,1.0,1.0,0,Tommy Tremble,CAR,TE,2025,1.600000023841858
00-0037005,17,6.0,1.0,1.0,0,Tommy Tremble,CAR,TE,2025,1.600000023841858
00-0037005,18,38.0,3.0,4.0,1,Tommy Tremble,CAR,TE,2025,12.800000190734863
00-0037005,19,22.0,3.0,3.0,0,Tommy Tremble,CAR,TE,2025,5.199999809265137
00-0037015,17,11.0,2.0,4.0,0,Sal Cannella,CLE,TE,2025,3.0999999046325684
00-0037015,18,0.0,0.0,1.0,0,Sal Cannella,CLE,TE,2025,0.0
00-0037086,2,6.0,1.0,2.0,0,Grant Calcaterra,PHI,TE,2025,1.600000023841858
00-0037086,4,16.0,1.0,2.0,0,Grant Calcaterra,PHI,TE,2025,2.5999999046325684
00-0037086,5,18.0,2.0,2.0,0,Grant Calcaterra,PHI,TE,2025,3.8000001907348633
00-0037086,10,0.0,0.0,1.0,0,Grant Calcaterra,PHI,TE,2025,0.0
00-0037086,12,8.0,1.0,1.0,0,Grant Calcaterra,PHI,TE,2025,1.7999999523162842
00-0037086,15,4.0,1.0,1.0,0,Grant Calcaterra,PHI,TE,2025,1.399999976158142
00-0037086,17,3.0,1.0,1.0,0,Grant Calcaterra,PHI,TE,2025,1.2999999523162842
00-0037086,18,21.0,2.0,3.0,1,Grant Calcaterra,PHI,TE,2025,10.100000381469727
00-0037112,1,15.0,3.0,3.0,1,Jake Tonges,SF,TE,2025,10.5
00-0037112,2,31.0,4.0,5.0,0,Jake Tonges,SF,TE,2025,7.100000381469727
00-0037112,3,21.0,2.0,3.0,0,Jake Tonges,SF,TE,2025,4.100000381469727
00-0037112,4,58.0,3.0,5.0,1,Jake Tonges,SF,TE,2025,14.800000190734863
00-0037112,5,41.0,7.0,11.0,1,Jake Tonges,SF,TE,2025,17.100000381469727
00-0037112,6,58.0,6.0,7.0,0,Jake Tonges,SF,TE,2025,11.800000190734863
00-0037112,8,2.0,1.0,1.0,1,Jake Tonges,SF,TE,2025,7.200000047683716
00-0037112,16,7.0,1.0,2.0,0,Jake Tonges,SF,TE,2025,1.7000000476837158
00-0037112,17,60.0,7.0,9.0,1,Jake Tonges,SF,TE,2025,19.0
00-0037112,19,14.0,1.0,3.0,0,Jake Tonges,SF,TE,2025,2.4000000953674316
00-0037112,20,59.0,5.0,6.0,0,Jake Tonges,SF,TE,2025,10.899999618530273
00-0037252,9,49.0,5.0,5.0,0,Greg Dulcich,MIA,TE,2025,9.899999618530273
00-0037252,10,22.0,1.0,4.0,0,Greg Dulcich,MIA,TE,2025,3.200000047683716
00-0037252,11,18.0,2.0,4.0,0,Greg Dulcich,MIA,TE,2025,3.8000001907348633
00-0037252,13,24.0,2.0,2.0,0,Greg Dulcich,MIA,TE,2025,4.400000095367432
00-0037252,14,41.0,3.0,3.0,0,Greg Dulcich,MIA,TE,2025,7.099999904632568
00-0037252,15,46.0,2.0,3.0,0,Greg Dulcich,MIA,TE,2025,6.599999904632568
00-0037252,16,46.0,3.0,3.0,0,Greg Dulcich,MIA,TE,2025,7.599999904632568
00-0037252,17,58.0,5.0,6.0,1,Greg Dulcich,MIA,TE,2025,16.800000190734863
00-0037252,18,31.0,3.0,4.0,0,Greg Dulcich,MIA,TE,2025,6.100000381469727
00-0037282,4,17.0,2.0,2.0,0,James Mitchell,CAR,TE,2025,3.700000047683716
00-0037282,5,11.0,1.0,1.0,0,James Mitchell,CAR,TE,2025,2.0999999046325684
00-0037282,19,0.0,0.0,1.0,0,James Mitchell,CAR,TE,2025,0.0
00-0037292,8,0.0,0.0,1.0,0,Andrew Ogletree,IND,TE,2025,0.0
00-0037292,12,8.0,2.0,2.0,1,Andrew Ogletree,IND,TE,2025,8.799999952316284
00-0037292,13,8.0,1.0,1.0,0,Andrew Ogletree,IND,TE,2025,1.7999999523162842
00-0037292,16,11.0,1.0,2.0,0,Andrew Ogletree,IND,TE,2025,2.0999999046325684
00-0037304,2,6.0,1.0,1.0,0,Connor Heyward,PIT,TE,2025,1.600000023841858
00-0037304,6,12.0,1.0,1.0,1,Connor Heyward,PIT,TE,2025,8.200000047683716
00-0037304,7,0.0,0.0,1.0,0,Connor Heyward,PIT,TE,2025,0.0
00-0037304,18,3.0,1.0,1.0,0,Connor Heyward,PIT,TE,2025,1.2999999523162842
00-0037306,1,2.0,1.0,1.0,0,John FitzPatrick,GB,TE,2025,1.2000000476837158
00-0037306,3,12.0,2.0,2.0,1,John FitzPatrick,GB,TE,2025,9.200000047683716
00-0037306,7,6.0,1.0,1.0,0,John FitzPatrick,GB,TE,2025,1.600000023841858
00-0037306,8,4.0,1.0,1.0,0,John FitzPatrick,GB,TE,2025,1.399999976158142
00-0037306,11,5.0,1.0,1.0,0,John FitzPatrick,GB,TE,2025,1.5
00-0037306,12,11.0,1.0,1.0,0,John FitzPatrick,GB,TE,2025,2.0999999046325684
00-0037306,13,0.0,0.0,1.0,0,John FitzPatrick,GB,TE,2025,0.0
00-0037306,14,14.0,2.0,2.0,0,John FitzPatrick,GB,TE,2025,3.4000000953674316
00-0037306,15,18.0,3.0,4.0,0,John FitzPatrick,GB,TE,2025,4.800000190734863
00-0037306,16,0.0,0.0,1.0,0,John FitzPatrick,GB,TE,2025,0.0
00-0037340,2,0.0,0.0,1.0,0,Zaire Mitchell-Paden,NO,TE,2025,0.0
00-0037340,5,3.0,1.0,1.0,0,Zaire Mitchell-Paden,NO,TE,2025,1.2999999523162842
00-0037340,10,14.0,1.0,1.0,0,Zaire Mitchell-Paden,NO,TE,2025,2.4000000953674316
00-0037348,1,20.0,2.0,4.0,0,Tanner Conner,NYG,TE,2025,4.0
00-0037348,3,13.0,1.0,2.0,0,Tanner Conner,NYG,TE,2025,2.3000001907348633
00-0037348,5,16.0,2.0,2.0,0,Tanner Conner,NYG,TE,2025,3.5999999046325684
00-0037348,6,8.0,1.0,1.0,0,Tanner Conner,NYG,TE,2025,1.7999999523162842
00-0037348,7,28.0,1.0,3.0,0,Tanner Conner,NYG,TE,2025,3.799999952316284
00-0037348,8,6.0,2.0,2.0,0,Tanner Conner,NYG,TE,2025,2.5999999046325684
00-0037348,9,0.0,0.0,1.0,0,Tanner Conner,NYG,TE,2025,0.0
00-0037475,14,0.0,0.0,1.0,0,Stone Smartt,NYJ,TE,2025,0.0
00-0037475,16,34.0,5.0,5.0,0,Stone Smartt,NYJ,TE,2025,8.399999618530273
00-0037475,17,18.0,2.0,3.0,0,Stone Smartt,NYJ,TE,2025,3.8000001907348633
00-0037539,1,6.0,1.0,2.0,0,Lucas Krull,DEN,TE,2025,1.600000023841858
00-0037539,3,9.0,1.0,2.0,0,Lucas Krull,DEN,TE,2025,1.9000000953674316
00-0037654,3,0.0,0.0,1.0,0,Tucker Fisk,LAC,TE,2025,0.0
00-0037654,4,0.0,0.0,1.0,0,Tucker Fisk,LAC,TE,2025,0.0
00-0037654,9,12.0,1.0,1.0,0,Tucker Fisk,LAC,TE,2025,2.200000047683716
00-0037654,10,7.0,1.0,1.0,0,Tucker Fisk,LAC,TE,2025,1.7000000476837158
00-0037654,19,12.0,3.0,3.0,0,Tucker Fisk,LAC,TE,2025,4.199999809265137
00-0037744,1,61.0,6.0,9.0,0,Trey McBride,ARI,TE,2025,12.100000381469727
00-0037744,2,78.0,6.0,7.0,0,Trey McBride,ARI,TE,2025,13.800000190734863
00-0037744,3,43.0,5.0,8.0,1,Trey McBride,ARI,TE,2025,15.300000190734863
00-0037744,4,52.0,7.0,11.0,0,Trey McBride,ARI,TE,2025,12.200000762939453
00-0037744,5,41.0,5.0,7.0,0,Trey McBride,ARI,TE,2025,9.100000381469727
00-0037744,6,72.0,8.0,11.0,1,Trey McBride,ARI,TE,2025,21.200000762939453
00-0037744,7,74.0,10.0,13.0,2,Trey McBride,ARI,TE,2025,29.399999618530273
00-0037744,9,55.0,5.0,9.0,1,Trey McBride,ARI,TE,2025,16.5
00-0037744,10,127.0,9.0,13.0,1,Trey McBride,ARI,TE,2025,27.700000762939453
00-0037744,11,115.0,10.0,12.0,1,Trey McBride,ARI,TE,2025,27.5
00-0037744,12,79.0,9.0,10.0,0,Trey McBride,ARI,TE,2025,16.899999618530273
00-0037744,13,82.0,8.0,9.0,1,Trey McBride,ARI,TE,2025,22.200000762939453
00-0037744,14,58.0,5.0,9.0,0,Trey McBride,ARI,TE,2025,10.800000190734863
00-0037744,15,134.0,12.0,13.0,2,Trey McBride,ARI,TE,2025,37.400001525878906
00-0037744,16,27.0,4.0,8.0,0,Trey McBride,ARI,TE,2025,6.699999809265137
00-0037744,17,76.0,10.0,13.0,1,Trey McBride,ARI,TE,2025,23.600000381469727
00-0037744,18,65.0,7.0,8.0,0,Trey McBride,ARI,TE,2025,13.5
00-0037755,16,0.0,0.0,2.0,0,Jelani Woods,NYJ,TE,2025,0.0
00-0037755,17,4.0,1.0,1.0,0,Jelani Woods,NYJ,TE,2025,1.399999976158142
00-0037805,1,16.0,2.0,2.0,0,Jeremy Ruckert,NYJ,TE,2025,3.5999999046325684
00-0037805,2,5.0,1.0,1.0,1,Jeremy Ruckert,NYJ,TE,2025,7.5
00-0037805,4,12.0,1.0,1.0,0,Jeremy Ruckert,NYJ,TE,2025,2.200000047683716
00-0037805,5,28.0,4.0,4.0,0,Jeremy Ruckert,NYJ,TE,2025,6.800000190734863
00-0037805,7,0.0,0.0,1.0,0,Jeremy Ruckert,NYJ,TE,2025,0.0
00-0037805,8,24.0,1.0,1.0,0,Jeremy Ruckert,NYJ,TE,2025,3.4000000953674316
00-0037805,10,0.0,1.0,1.0,0,Jeremy Ruckert,NYJ,TE,2025,1.0
00-0037805,11,23.0,4.0,5.0,0,Jeremy Ruckert,NYJ,TE,2025,6.300000190734863
00-0037805,13,12.0,2.0,2.0,0,Jeremy Ruckert,NYJ,TE,2025,3.200000047683716
00-0037805,14,19.0,2.0,3.0,0,Jeremy Ruckert,NYJ,TE,2025,3.9000000953674316
00-0037805,15,13.0,2.0,2.0,0,Jeremy Ruckert,NYJ,TE,2025,3.3000001907348633
00-0037805,16,14.0,2.0,3.0,0,Jeremy Ruckert,NYJ,TE,2025,3.4000000953674316
00-0037805,17,2.0,1.0,3.0,0,Jeremy Ruckert,NYJ,TE,2025,1.2000000476837158
00-0037809,1,19.0,3.0,4.0,0,Chig Okonkwo,TEN,TE,2025,4.900000095367432
00-0037809,2,35.0,4.0,6.0,0,Chig Okonkwo,TEN,TE,2025,7.5
00-0037809,3,66.0,5.0,6.0,0,Chig Okonkwo,TEN,TE,2025,11.600000381469727
00-0037809,4,4.0,1.0,3.0,0,Chig Okonkwo,TEN,TE,2025,1.399999976158142
00-0037809,5,48.0,4.0,5.0,0,Chig Okonkwo,TEN,TE,2025,8.800000190734863
00-0037809,6,46.0,6.0,6.0,0,Chig Okonkwo,TEN,TE,2025,10.600000381469727
00-0037809,7,0.0,0.0,2.0,0,Chig Okonkwo,TEN,TE,2025,0.0
00-0037809,8,53.0,4.0,5.0,0,Chig Okonkwo,TEN,TE,2025,9.300000190734863
00-0037809,9,10.0,2.0,2.0,0,Chig Okonkwo,TEN,TE,2025,3.0
00-0037809,11,56.0,3.0,3.0,0,Chig Okonkwo,TEN,TE,2025,8.600000381469727
00-0037809,12,40.0,3.0,4.0,0,Chig Okonkwo,TEN,TE,2025,7.0
00-0037809,13,29.0,4.0,5.0,0,Chig Okonkwo,TEN,TE,2025,6.900000095367432
00-0037809,14,20.0,2.0,2.0,0,Chig Okonkwo,TEN,TE,2025,4.0
00-0037809,15,33.0,4.0,6.0,0,Chig Okonkwo,TEN,TE,2025,7.300000190734863
00-0037809,16,44.0,6.0,8.0,1,Chig Okonkwo,TEN,TE,2025,16.399999618530273
00-0037809,17,55.0,3.0,7.0,1,Chig Okonkwo,TEN,TE,2025,14.5
00-0037809,18,2.0,2.0,5.0,0,Chig Okonkwo,TEN,TE,2025,2.200000047683716
00-0037838,5,12.0,1.0,1.0,0,Isaiah Likely,BAL,TE,2025,2.200000047683716
00-0037838,6,6.0,2.0,2.0,0,Isaiah Likely,BAL,TE,2025,2.5999999046325684
00-0037838,8,8.0,2.0,2.0,0,Isaiah Likely,BAL,TE,2025,2.799999952316284
00-0037838,9,60.0,3.0,4.0,0,Isaiah Likely,BAL,TE,2025,9.0
00-0037838,10,17.0,2.0,4.0,0,Isaiah Likely,BAL,TE,2025,3.700000047683716
00-0037838,11,15.0,2.0,3.0,0,Isaiah Likely,BAL,TE,2025,3.5
00-0037838,12,10.0,1.0,3.0,0,Isaiah Likely,BAL,TE,2025,2.0
00-0037838,13,95.0,5.0,6.0,0,Isaiah Likely,BAL,TE,2025,14.5
00-0037838,14,25.0,4.0,6.0,1,Isaiah Likely,BAL,TE,2025,12.5
00-0037838,17,27.0,3.0,3.0,0,Isaiah Likely,BAL,TE,2025,5.699999809265137
00-0037838,18,32.0,2.0,2.0,0,Isaiah Likely,BAL,TE,2025,5.199999809265137
00-0038041,1,23.0,5.0,6.0,0,Jake Ferguson,DAL,TE,2025,7.300000190734863
00-0038041,2,78.0,9.0,12.0,0,Jake Ferguson,DAL,TE,2025,16.799999237060547
00-0038041,3,82.0,13.0,14.0,0,Jake Ferguson,DAL,TE,2025,21.200000762939453
00-0038041,4,40.0,7.0,7.0,1,Jake Ferguson,DAL,TE,2025,17.0
00-0038041,5,49.0,7.0,9.0,2,Jake Ferguson,DAL,TE,2025,23.899999618530273
00-0038041,6,33.0,3.0,3.0,1,Jake Ferguson,DAL,TE,2025,12.300000190734863
00-0038041,7,29.0,7.0,7.0,2,Jake Ferguson,DAL,TE,2025,21.899999618530273
00-0038041,8,0.0,0.0,1.0,0,Jake Ferguson,DAL,TE,2025,0.0
00-0038041,9,50.0,5.0,7.0,0,Jake Ferguson,DAL,TE,2025,10.0
00-0038041,11,16.0,4.0,5.0,1,Jake Ferguson,DAL,TE,2025,11.599999904632568
00-0038041,12,60.0,5.0,6.0,0,Jake Ferguson,DAL,TE,2025,11.0
00-0038041,13,36.0,5.0,6.0,0,Jake Ferguson,DAL,TE,2025,8.600000381469727
00-0038041,14,58.0,5.0,8.0,0,Jake Ferguson,DAL,TE,2025,10.800000190734863
00-0038041,15,16.0,2.0,4.0,0,Jake Ferguson,DAL,TE,2025,3.5999999046325684
00-0038041,16,19.0,3.0,4.0,0,Jake Ferguson,DAL,TE,2025,4.900000095367432
00-0038041,17,6.0,1.0,2.0,1,Jake Ferguson,DAL,TE,2025,7.600000023841858
00-0038041,18,5.0,1.0,2.0,0,Jake Ferguson,DAL,TE,2025,1.5
00-0038046,3,22.0,2.0,3.0,0,Charlie Kolar,BAL,TE,2025,4.199999809265137
00-0038046,5,10.0,1.0,1.0,0,Charlie Kolar,BAL,TE,2025,2.0
00-0038046,6,0.0,0.0,1.0,0,Charlie Kolar,BAL,TE,2025,0.0
00-0038046,8,10.0,1.0,1.0,1,Charlie Kolar,BAL,TE,2025,8.0
00-0038046,9,23.0,2.0,2.0,1,Charlie Kolar,BAL,TE,2025,10.300000190734863
00-0038046,10,23.0,1.0,2.0,0,Charlie Kolar,BAL,TE,2025,3.299999952316284
00-0038046,11,0.0,0.0,1.0,0,Charlie Kolar,BAL,TE,2025,0.0
00-0038046,13,17.0,1.0,1.0,0,Charlie Kolar,BAL,TE,2025,2.700000047683716
00-0038046,14,19.0,1.0,1.0,0,Charlie Kolar,BAL,TE,2025,2.9000000953674316
00-0038046,16,18.0,1.0,1.0,0,Charlie Kolar,BAL,TE,2025,2.8000001907348633
00-0038046,17,0.0,0.0,1.0,0,Charlie Kolar,BAL,TE,2025,0.0
00-0038115,1,14.0,1.0,1.0,0,Daniel Bellinger,NYG,TE,2025,2.4000000953674316
00-0038115,3,6.0,1.0,1.0,0,Daniel Bellinger,NYG,TE,2025,1.600000023841858
00-0038115,4,13.0,1.0,1.0,0,Daniel Bellinger,NYG,TE,2025,2.3000001907348633
00-0038115,5,52.0,4.0,4.0,0,Daniel Bellinger,NYG,TE,2025,9.200000762939453
00-0038115,7,88.0,3.0,4.0,1,Daniel Bellinger,NYG,TE,2025,17.800000190734863
00-0038115,8,21.0,1.0,1.0,0,Daniel Bellinger,NYG,TE,2025,3.1000001430511475
00-0038115,10,8.0,1.0,2.0,0,Daniel Bellinger,NYG,TE,2025,1.7999999523162842
00-0038115,11,0.0,0.0,1.0,0,Daniel Bellinger,NYG,TE,2025,0.0
00-0038115,12,0.0,0.0,2.0,0,Daniel Bellinger,NYG,TE,2025,0.0
00-0038115,15,35.0,3.0,4.0,0,Daniel Bellinger,NYG,TE,2025,6.5
00-0038115,17,11.0,2.0,3.0,0,Daniel Bellinger,NYG,TE,2025,3.0999999046325684
00-0038115,18,38.0,2.0,2.0,1,Daniel Bellinger,NYG,TE,2025,11.800000190734863
00-0038129,1,0.0,0.0,3.0,0,Cade Otton,TB,TE,2025,0.0
00-0038129,2,25.0,3.0,4.0,0,Cade Otton,TB,TE,2025,5.5
00-0038129,4,9.0,3.0,4.0,0,Cade Otton,TB,TE,2025,3.9000000953674316
00-0038129,5,81.0,4.0,5.0,0,Cade Otton,TB,TE,2025,12.100000381469727
00-0038129,6,51.0,5.0,6.0,0,Cade Otton,TB,TE,2025,10.100000381469727
00-0038129,7,65.0,7.0,10.0,0,Cade Otton,TB,TE,2025,13.5
00-0038129,8,40.0,4.0,5.0,0,Cade Otton,TB,TE,2025,8.0
00-0038129,10,82.0,9.0,12.0,0,Cade Otton,TB,TE,2025,17.200000762939453
00-0038129,11,28.0,2.0,5.0,0,Cade Otton,TB,TE,2025,4.800000190734863
00-0038129,12,21.0,4.0,7.0,1,Cade Otton,TB,TE,2025,12.100000381469727
00-0038129,13,9.0,2.0,2.0,0,Cade Otton,TB,TE,2025,2.9000000953674316
00-0038129,14,19.0,3.0,4.0,0,Cade Otton,TB,TE,2025,4.900000095367432
00-0038129,16,15.0,2.0,2.0,0,Cade Otton,TB,TE,2025,3.5
00-0038129,17,33.0,4.0,4.0,0,Cade Otton,TB,TE,2025,7.300000190734863
00-0038129,18,94.0,7.0,9.0,1,Cade Otton,TB,TE,2025,22.400001525878906
00-0038394,17,16.0,1.0,1.0,0,Will Mallory,IND,TE,2025,2.5999999046325684
00-0038547,1,0.0,0.0,1.0,0,Luke Schoonmaker,DAL,TE,2025,0.0
00-0038547,2,0.0,0.0,2.0,0,Luke Schoonmaker,DAL,TE,2025,0.0
00-0038547,3,5.0,1.0,1.0,0,Luke Schoonmaker,DAL,TE,2025,1.5
00-0038547,4,8.0,2.0,2.0,0,Luke Schoonmaker,DAL,TE,2025,2.799999952316284
00-0038547,5,3.0,1.0,2.0,0,Luke Schoonmaker,DAL,TE,2025,1.2999999523162842
00-0038547,6,8.0,1.0,2.0,0,Luke Schoonmaker,DAL,TE,2025,1.7999999523162842
00-0038547,8,25.0,2.0,3.0,0,Luke Schoonmaker,DAL,TE,2025,4.5
00-0038547,9,14.0,1.0,2.0,0,Luke Schoonmaker,DAL,TE,2025,2.4000000953674316
00-0038547,12,0.0,0.0,1.0,0,Luke Schoonmaker,DAL,TE,2025,0.0
00-0038547,13,1.0,1.0,1.0,0,Luke Schoonmaker,DAL,TE,2025,1.100000023841858
00-0038547,14,12.0,1.0,2.0,0,Luke Schoonmaker,DAL,TE,2025,2.200000047683716
00-0038547,15,29.0,1.0,1.0,0,Luke Schoonmaker,DAL,TE,2025,3.9000000953674316
00-0038547,17,15.0,2.0,2.0,0,Luke Schoonmaker,DAL,TE,2025,3.5
00-0038547,18,12.0,1.0,1.0,0,Luke Schoonmaker,DAL,TE,2025,2.200000047683716
00-0038558,2,0.0,0.0,2.0,0,Darnell Washington,PIT,TE,2025,0.0
00-0038558,4,20.0,3.0,3.0,0,Darnell Washington,PIT,TE,2025,5.0
00-0038558,6,62.0,3.0,5.0,0,Darnell Washington,PIT,TE,2025,9.200000762939453
00-0038558,7,2.0,3.0,5.0,1,Darnell Washington,PIT,TE,2025,9.200000047683716
00-0038558,9,43.0,4.0,6.0,0,Darnell Washington,PIT,TE,2025,8.300000190734863
00-0038558,10,15.0,1.0,1.0,0,Darnell Washington,PIT,TE,2025,2.5
00-0038558,11,67.0,4.0,5.0,0,Darnell Washington,PIT,TE,2025,10.700000762939453
00-0038558,12,22.0,2.0,2.0,0,Darnell Washington,PIT,TE,2025,4.199999809265137
00-0038558,13,45.0,2.0,4.0,0,Darnell Washington,PIT,TE,2025,6.5
00-0038558,14,12.0,1.0,1.0,0,Darnell Washington,PIT,TE,2025,2.200000047683716
00-0038558,15,25.0,3.0,4.0,0,Darnell Washington,PIT,TE,2025,5.5
00-0038558,16,36.0,3.0,4.0,0,Darnell Washington,PIT,TE,2025,6.600000381469727
00-0038558,17,15.0,2.0,2.0,0,Darnell Washington,PIT,TE,2025,3.5
00-0038589,11,2.0,1.0,1.0,1,Josh Whyle,GB,TE,2025,7.200000047683716
00-0038589,12,1.0,1.0,1.0,0,Josh Whyle,GB,TE,2025,1.100000023841858
00-0038589,13,0.0,0.0,1.0,0,Josh Whyle,GB,TE,2025,0.0
00-0038589,14,21.0,1.0,1.0,0,Josh Whyle,GB,TE,2025,3.1000001430511475
00-0038589,17,8.0,1.0,1.0,0,Josh Whyle,GB,TE,2025,1.7999999523162842
00-0038589,18,4.0,1.0,1.0,0,Josh Whyle,GB,TE,2025,1.399999976158142
00-0038589,19,7.0,1.0,1.0,0,Josh Whyle,GB,TE,2025,1.7000000476837158
00-0038643,2,0.0,0.0,1.0,0,Brayden Willis,SF,TE,2025,0.0
00-0038710,4,0.0,0.0,1.0,0,Blake Whiteheart,CLE,TE,2025,0.0
00-0038710,6,0.0,1.0,1.0,0,Blake Whiteheart,CLE,TE,2025,1.0
00-0038710,7,4.0,1.0,1.0,0,Blake Whiteheart,CLE,TE,2025,1.399999976158142
00-0038710,14,0.0,0.0,1.0,0,Blake Whiteheart,CLE,TE,2025,0.0
00-0038710,17,0.0,0.0,1.0,0,Blake Whiteheart,CLE,TE,2025,0.0
00-0038710,18,0.0,0.0,1.0,0,Blake Whiteheart,CLE,TE,2025,0.0
00-0038720,1,0.0,0.0,1.0,0,Julian Hill,MIA,TE,2025,0.0
00-0038720,3,4.0,1.0,1.0,0,Julian Hill,MIA,TE,2025,1.399999976158142
00-0038720,4,19.0,1.0,2.0,0,Julian Hill,MIA,TE,2025,2.9000000953674316
00-0038720,5,22.0,4.0,5.0,0,Julian Hill,MIA,TE,2025,6.199999809265137
00-0038720,6,31.0,3.0,3.0,0,Julian Hill,MIA,TE,2025,6.100000381469727
00-0038720,7,1.0,1.0,2.0,0,Julian Hill,MIA,TE,2025,1.100000023841858
00-0038720,11,14.0,1.0,1.0,0,Julian Hill,MIA,TE,2025,2.4000000953674316
00-0038720,13,0.0,0.0,1.0,0,Julian Hill,MIA,TE,2025,0.0
00-0038720,15,25.0,2.0,2.0,0,Julian Hill,MIA,TE,2025,4.5
00-0038720,17,16.0,1.0,2.0,0,Julian Hill,MIA,TE,2025,2.5999999046325684
00-0038720,18,8.0,1.0,1.0,0,Julian Hill,MIA,TE,2025,1.7999999523162842
00-0038783,4,5.0,2.0,3.0,0,Nate Adkins,DEN,TE,2025,2.5
00-0038783,5,0.0,0.0,1.0,0,Nate Adkins,DEN,TE,2025,0.0
00-0038783,6,23.0,2.0,2.0,1,Nate Adkins,DEN,TE,2025,10.300000190734863
00-0038783,7,20.0,2.0,3.0,0,Nate Adkins,DEN,TE,2025,4.0
00-0038783,8,0.0,0.0,1.0,0,Nate Adkins,DEN,TE,2025,0.0
00-0038783,16,0.0,0.0,1.0,0,Nate Adkins,DEN,TE,2025,0.0
00-0038783,20,1.0,1.0,1.0,0,Nate Adkins,DEN,TE,2025,1.100000023841858
00-0038809,14,9.0,1.0,1.0,0,Ben Sims,MIN,TE,2025,1.9000000953674316
00-0038809,17,3.0,1.0,1.0,0,Ben Sims,MIN,TE,2025,1.2999999523162842
00-0038809,18,18.0,1.0,4.0,0,Ben Sims,MIN,TE,2025,2.8000001907348633
00-0038933,1,48.0,4.0,5.0,1,Dalton Kincaid,BUF,TE,2025,14.800000190734863
00-0038933,2,37.0,4.0,6.0,0,Dalton Kincaid,BUF,TE,2025,7.699999809265137
00-0038933,3,66.0,5.0,6.0,1,Dalton Kincaid,BUF,TE,2025,17.600000381469727
00-0038933,4,28.0,1.0,2.0,1,Dalton Kincaid,BUF,TE,2025,9.799999952316284
00-0038933,5,108.0,6.0,6.0,0,Dalton Kincaid,BUF,TE,2025,16.799999237060547
00-0038933,8,23.0,1.0,3.0,0,Dalton Kincaid,BUF,TE,2025,3.299999952316284
00-0038933,9,101.0,6.0,6.0,1,Dalton Kincaid,BUF,TE,2025,22.100000381469727
00-0038933,10,37.0,2.0,3.0,0,Dalton Kincaid,BUF,TE,2025,5.699999809265137
00-0038933,14,41.0,4.0,5.0,1,Dalton Kincaid,BUF,TE,2025,14.100000381469727
00-0038933,15,34.0,3.0,4.0,0,Dalton Kincaid,BUF,TE,2025,6.400000095367432
00-0038933,16,0.0,0.0,1.0,0,Dalton Kincaid,BUF,TE,2025,0.0
00-0038933,18,48.0,3.0,3.0,0,Dalton Kincaid,BUF,TE,2025,7.800000190734863
00-0038933,19,28.0,3.0,5.0,1,Dalton Kincaid,BUF,TE,2025,11.800000190734863
00-0038933,20,83.0,6.0,6.0,1,Dalton Kincaid,BUF,TE,2025,20.300000190734863
00-0038935,1,59.0,4.0,4.0,0,Brenton Strange,JAX,TE,2025,9.899999618530273
00-0038935,2,17.0,3.0,5.0,0,Brenton Strange,JAX,TE,2025,4.699999809265137
00-0038935,3,61.0,6.0,7.0,0,Brenton Strange,JAX,TE,2025,12.100000381469727
00-0038935,4,45.0,6.0,7.0,0,Brenton Strange,JAX,TE,2025,10.5
00-0038935,5,22.0,1.0,1.0,0,Brenton Strange,JAX,TE,2025,3.200000047683716
00-0038935,12,93.0,5.0,5.0,0,Brenton Strange,JAX,TE,2025,14.300000190734863
00-0038935,13,45.0,3.0,4.0,1,Brenton Strange,JAX,TE,2025,13.5
00-0038935,14,27.0,3.0,6.0,0,Brenton Strange,JAX,TE,2025,5.699999809265137
00-0038935,15,26.0,1.0,3.0,0,Brenton Strange,JAX,TE,2025,3.6000001430511475
00-0038935,16,39.0,5.0,7.0,1,Brenton Strange,JAX,TE,2025,14.899999618530273
00-0038935,17,54.0,3.0,5.0,0,Brenton Strange,JAX,TE,2025,8.399999618530273
00-0038935,18,52.0,6.0,6.0,1,Brenton Strange,JAX,TE,2025,17.200000762939453
00-0038935,19,9.0,2.0,5.0,0,Brenton Strange,JAX,TE,2025,2.9000000953674316
00-0038996,1,16.0,2.0,4.0,1,Tucker Kraft,GB,TE,2025,9.599999904632568
00-0038996,2,124.0,6.0,7.0,1,Tucker Kraft,GB,TE,2025,24.400001525878906
00-0038996,3,29.0,3.0,4.0,0,Tucker Kraft,GB,TE,2025,5.900000095367432
00-0038996,4,56.0,5.0,5.0,0,Tucker Kraft,GB,TE,2025,10.600000381469727
00-0038996,6,43.0,2.0,2.0,1,Tucker Kraft,GB,TE,2025,12.300000190734863
00-0038996,7,58.0,5.0,10.0,1,Tucker Kraft,GB,TE,2025,16.800000190734863
00-0038996,8,143.0,7.0,9.0,2,Tucker Kraft,GB,TE,2025,33.29999923706055
00-0038996,9,20.0,2.0,3.0,0,Tucker Kraft,GB,TE,2025,4.0
00-0039041,1,3.0,1.0,2.0,0,Elijah Higgins,ARI,TE,2025,1.2999999523162842
00-0039041,2,45.0,2.0,3.0,0,Elijah Higgins,ARI,TE,2025,6.5
00-0039041,3,7.0,1.0,1.0,0,Elijah Higgins,ARI,TE,2025,1.7000000476837158
00-0039041,5,10.0,2.0,2.0,0,Elijah Higgins,ARI,TE,2025,3.0
00-0039041,6,34.0,2.0,2.0,0,Elijah Higgins,ARI,TE,2025,5.400000095367432
00-0039041,7,3.0,1.0,1.0,0,Elijah Higgins,ARI,TE,2025,1.2999999523162842
00-0039041,9,30.0,3.0,3.0,0,Elijah Higgins,ARI,TE,2025,6.0
00-0039041,10,19.0,2.0,3.0,0,Elijah Higgins,ARI,TE,2025,3.9000000953674316
00-0039041,11,11.0,2.0,3.0,0,Elijah Higgins,ARI,TE,2025,3.0999999046325684
00-0039041,13,17.0,2.0,2.0,0,Elijah Higgins,ARI,TE,2025,3.700000047683716
00-0039041,14,0.0,1.0,1.0,0,Elijah Higgins,ARI,TE,2025,1.0
00-0039041,15,3.0,1.0,2.0,0,Elijah Higgins,ARI,TE,2025,1.2999999523162842
00-0039041,16,91.0,7.0,8.0,0,Elijah Higgins,ARI,TE,2025,16.100000381469727
00-0039041,17,0.0,0.0,1.0,0,Elijah Higgins,ARI,TE,2025,0.0
00-0039041,18,28.0,3.0,3.0,0,Elijah Higgins,ARI,TE,2025,5.800000190734863
00-0039050,2,0.0,0.0,1.0,0,Payne Durham,TB,TE,2025,0.0
00-0039050,10,0.0,0.0,1.0,0,Payne Durham,TB,TE,2025,0.0
00-0039050,13,11.0,1.0,1.0,0,Payne Durham,TB,TE,2025,2.0999999046325684
00-0039050,18,0.0,0.0,1.0,0,Payne Durham,TB,TE,2025,0.0
00-0039065,1,79.0,6.0,9.0,0,Sam LaPorta,DET,TE,2025,13.899999618530273
00-0039065,2,26.0,3.0,4.0,0,Sam LaPorta,DET,TE,2025,5.600000381469727
00-0039065,3,33.0,4.0,4.0,0,Sam LaPorta,DET,TE,2025,7.300000190734863
00-0039065,4,39.0,3.0,4.0,0,Sam LaPorta,DET,TE,2025,6.900000095367432
00-0039065,5,92.0,5.0,6.0,1,Sam LaPorta,DET,TE,2025,20.199999809265137
00-0039065,6,55.0,5.0,6.0,1,Sam LaPorta,DET,TE,2025,16.5
00-0039065,7,15.0,3.0,3.0,0,Sam LaPorta,DET,TE,2025,4.5
00-0039065,9,97.0,6.0,8.0,1,Sam LaPorta,DET,TE,2025,21.699999809265137
00-0039065,10,53.0,5.0,5.0,0,Sam LaPorta,DET,TE,2025,10.300000190734863
00-0039066,1,38.0,4.0,4.0,0,Michael Mayer,LV,TE,2025,7.800000190734863
00-0039066,2,9.0,2.0,2.0,0,Michael Mayer,LV,TE,2025,2.9000000953674316
00-0039066,3,0.0,0.0,1.0,0,Michael Mayer,LV,TE,2025,0.0
00-0039066,6,50.0,5.0,7.0,1,Michael Mayer,LV,TE,2025,16.0
00-0039066,7,10.0,1.0,2.0,0,Michael Mayer,LV,TE,2025,2.0
00-0039066,9,26.0,3.0,7.0,0,Michael Mayer,LV,TE,2025,5.600000381469727
00-0039066,10,22.0,3.0,4.0,0,Michael Mayer,LV,TE,2025,5.199999809265137
00-0039066,11,13.0,3.0,4.0,0,Michael Mayer,LV,TE,2025,4.300000190734863
00-0039066,12,14.0,1.0,1.0,0,Michael Mayer,LV,TE,2025,2.4000000953674316
00-0039066,16,10.0,1.0,3.0,0,Michael Mayer,LV,TE,2025,2.0
00-0039066,17,89.0,9.0,10.0,0,Michael Mayer,LV,TE,2025,17.900001525878906
00-0039066,18,47.0,3.0,5.0,0,Michael Mayer,LV,TE,2025,7.700000286102295
00-0039074,1,13.0,1.0,2.0,1,Davis Allen,LA,TE,2025,8.300000190734863
00-0039074,2,8.0,1.0,1.0,1,Davis Allen,LA,TE,2025,7.799999952316284
00-0039074,3,3.0,1.0,1.0,0,Davis Allen,LA,TE,2025,1.2999999523162842
00-0039074,4,0.0,1.0,1.0,0,Davis Allen,LA,TE,2025,1.0
00-0039074,5,24.0,2.0,2.0,0,Davis Allen,LA,TE,2025,4.400000095367432
00-0039074,6,7.0,1.0,2.0,0,Davis Allen,LA,TE,2025,1.7000000476837158
00-0039074,7,4.0,1.0,1.0,0,Davis Allen,LA,TE,2025,1.399999976158142
00-0039074,9,37.0,3.0,4.0,0,Davis Allen,LA,TE,2025,6.699999809265137
00-0039074,10,8.0,2.0,2.0,1,Davis Allen,LA,TE,2025,8.799999952316284
00-0039074,12,29.0,3.0,4.0,0,Davis Allen,LA,TE,2025,5.900000095367432
00-0039074,13,4.0,1.0,1.0,0,Davis Allen,LA,TE,2025,1.399999976158142
00-0039074,14,21.0,2.0,2.0,0,Davis Allen,LA,TE,2025,4.100000381469727
00-0039074,15,16.0,3.0,4.0,0,Davis Allen,LA,TE,2025,4.599999904632568
00-0039074,16,34.0,2.0,5.0,0,Davis Allen,LA,TE,2025,5.400000095367432
00-0039074,18,0.0,0.0,1.0,0,Davis Allen,LA,TE,2025,0.0
00-0039144,1,4.0,1.0,1.0,0,Luke Musgrave,GB,TE,2025,1.399999976158142
00-0039144,2,32.0,2.0,2.0,0,Luke Musgrave,GB,TE,2025,5.199999809265137
00-0039144,4,6.0,1.0,1.0,0,Luke Musgrave,GB,TE,2025,1.600000023841858
00-0039144,6,7.0,1.0,2.0,0,Luke Musgrave,GB,TE,2025,1.7000000476837158
00-0039144,8,5.0,1.0,1.0,0,Luke Musgrave,GB,TE,2025,1.5
00-0039144,9,34.0,3.0,3.0,0,Luke Musgrave,GB,TE,2025,6.400000095367432
00-0039144,10,23.0,3.0,3.0,0,Luke Musgrave,GB,TE,2025,5.300000190734863
00-0039144,11,-1.0,1.0,2.0,0,Luke Musgrave,GB,TE,2025,0.8999999761581421
00-0039144,12,7.0,1.0,2.0,0,Luke Musgrave,GB,TE,2025,1.7000000476837158
00-0039144,13,23.0,1.0,1.0,0,Luke Musgrave,GB,TE,2025,3.299999952316284
00-0039144,14,22.0,2.0,4.0,0,Luke Musgrave,GB,TE,2025,4.199999809265137
00-0039144,15,52.0,4.0,6.0,0,Luke Musgrave,GB,TE,2025,9.200000762939453
00-0039144,16,38.0,3.0,3.0,0,Luke Musgrave,GB,TE,2025,6.800000190734863
00-0039144,19,9.0,1.0,2.0,0,Luke Musgrave,GB,TE,2025,1.9000000953674316
00-0039338,1,103.0,5.0,8.0,0,Brock Bowers,LV,TE,2025,15.300000190734863
00-0039338,2,38.0,5.0,8.0,0,Brock Bowers,LV,TE,2025,8.800000190734863
00-0039338,3,38.0,4.0,6.0,0,Brock Bowers,LV,TE,2025,7.800000190734863
00-0039338,4,46.0,5.0,6.0,0,Brock Bowers,LV,TE,2025,9.600000381469727
00-0039338,9,127.0,12.0,13.0,3,Brock Bowers,LV,TE,2025,42.70000076293945
00-0039338,10,31.0,1.0,3.0,0,Brock Bowers,LV,TE,2025,4.100000381469727
00-0039338,11,72.0,7.0,12.0,0,Brock Bowers,LV,TE,2025,14.200000762939453
00-0039338,12,55.0,6.0,9.0,0,Brock Bowers,LV,TE,2025,11.5
00-0039338,13,63.0,4.0,4.0,2,Brock Bowers,LV,TE,2025,22.300000190734863
00-0039338,14,46.0,4.0,5.0,1,Brock Bowers,LV,TE,2025,14.600000381469727
00-0039338,15,28.0,6.0,8.0,0,Brock Bowers,LV,TE,2025,8.800000190734863
00-0039338,16,33.0,5.0,5.0,1,Brock Bowers,LV,TE,2025,14.300000190734863
00-0039356,1,27.0,2.0,3.0,0,Ja'Tavion Sanders,CAR,TE,2025,4.699999809265137
00-0039356,2,54.0,7.0,9.0,0,Ja'Tavion Sanders,CAR,TE,2025,12.399999618530273
00-0039356,3,11.0,2.0,2.0,0,Ja'Tavion Sanders,CAR,TE,2025,3.0999999046325684
00-0039356,7,0.0,0.0,2.0,0,Ja'Tavion Sanders,CAR,TE,2025,0.0
00-0039356,8,19.0,3.0,3.0,0,Ja'Tavion Sanders,CAR,TE,2025,4.900000095367432
00-0039356,9,5.0,1.0,1.0,0,Ja'Tavion Sanders,CAR,TE,2025,1.5
00-0039356,10,32.0,5.0,5.0,0,Ja'Tavion Sanders,CAR,TE,2025,8.199999809265137
00-0039356,11,22.0,4.0,4.0,0,Ja'Tavion Sanders,CAR,TE,2025,6.199999809265137
00-0039356,12,6.0,1.0,1.0,0,Ja'Tavion Sanders,CAR,TE,2025,1.600000023841858
00-0039356,15,5.0,2.0,2.0,0,Ja'Tavion Sanders,CAR,TE,2025,2.5
00-0039356,16,9.0,2.0,2.0,1,Ja'Tavion Sanders,CAR,TE,2025,8.900000095367432
00-0039359,1,22.0,4.0,4.0,0,Cade Stover,HOU,TE,2025,6.199999809265137
00-0039359,12,0.0,0.0,2.0,0,Cade Stover,HOU,TE,2025,0.0
00-0039359,13,16.0,2.0,2.0,0,Cade Stover,HOU,TE,2025,3.5999999046325684
00-0039359,15,22.0,3.0,3.0,0,Cade Stover,HOU,TE,2025,5.199999809265137
00-0039359,16,7.0,2.0,3.0,0,Cade Stover,HOU,TE,2025,2.700000047683716
00-0039359,18,9.0,1.0,2.0,0,Cade Stover,HOU,TE,2025,1.9000000953674316
00-0039359,19,13.0,2.0,2.0,0,Cade Stover,HOU,TE,2025,3.3000001907348633
00-0039359,20,2.0,1.0,3.0,0,Cade Stover,HOU,TE,2025,1.2000000476837158
00-0039458,5,23.0,2.0,2.0,0,Brenden Bates,CLE,TE,2025,4.300000190734863
00-0039458,16,0.0,0.0,1.0,0,Brenden Bates,CLE,TE,2025,0.0
00-0039458,17,19.0,1.0,1.0,0,Brenden Bates,CLE,TE,2025,2.9000000953674316
00-0039458,18,6.0,1.0,1.0,0,Brenden Bates,CLE,TE,2025,1.600000023841858
00-0039530,1,0.0,0.0,1.0,0,Brevyn Spann-Ford,DAL,TE,2025,0.0
00-0039530,2,3.0,1.0,1.0,0,Brevyn Spann-Ford,DAL,TE,2025,1.2999999523162842
00-0039530,6,2.0,1.0,1.0,0,Brevyn Spann-Ford,DAL,TE,2025,1.2000000476837158
00-0039530,8,9.0,1.0,1.0,0,Brevyn Spann-Ford,DAL,TE,2025,1.9000000953674316
00-0039530,11,4.0,1.0,1.0,0,Brevyn Spann-Ford,DAL,TE,2025,1.399999976158142
00-0039530,12,4.0,1.0,1.0,1,Brevyn Spann-Ford,DAL,TE,2025,7.399999976158142
00-0039530,14,7.0,1.0,1.0,0,Brevyn Spann-Ford,DAL,TE,2025,1.7000000476837158
00-0039530,15,0.0,0.0,1.0,0,Brevyn Spann-Ford,DAL,TE,2025,0.0
00-0039530,17,31.0,1.0,2.0,0,Brevyn Spann-Ford,DAL,TE,2025,4.100000381469727
00-0039530,18,30.0,2.0,3.0,0,Brevyn Spann-Ford,DAL,TE,2025,5.0
00-0039631,3,6.0,1.0,1.0,0,Cam Grandy,CIN,TE,2025,1.600000023841858
00-0039631,16,1.0,1.0,1.0,0,Cam Grandy,CIN,TE,2025,1.100000023841858
00-0039648,6,1.0,1.0,1.0,1,David Martin-Robinson,TEN,TE,2025,7.100000023841858
00-0039648,14,6.0,1.0,1.0,0,David Martin-Robinson,TEN,TE,2025,1.600000023841858
00-0039648,17,9.0,1.0,1.0,0,David Martin-Robinson,TEN,TE,2025,1.9000000953674316
00-0039648,18,14.0,1.0,3.0,0,David Martin-Robinson,TEN,TE,2025,2.4000000953674316
00-0039686,11,4.0,1.0,1.0,0,Colson Yankoff,WAS,TE,2025,1.399999976158142
00-0039686,13,14.0,1.0,1.0,0,Colson Yankoff,WAS,TE,2025,2.4000000953674316
00-0039686,14,0.0,0.0,1.0,0,Colson Yankoff,WAS,TE,2025,0.0
00-0039737,1,10.0,1.0,1.0,0,Tip Reiman,ARI,TE,2025,2.0
00-0039737,3,8.0,2.0,3.0,0,Tip Reiman,ARI,TE,2025,2.799999952316284
00-0039737,5,0.0,0.0,1.0,0,Tip Reiman,ARI,TE,2025,0.0
00-0039754,15,6.0,1.0,1.0,1,Devin Culp,TB,TE,2025,7.600000023841858
00-0039793,1,0.0,1.0,2.0,0,AJ Barner,SEA,TE,2025,1.0
00-0039793,2,26.0,2.0,3.0,1,AJ Barner,SEA,TE,2025,10.600000381469727
00-0039793,3,23.0,1.0,1.0,0,AJ Barner,SEA,TE,2025,3.299999952316284
00-0039793,4,32.0,3.0,3.0,1,AJ Barner,SEA,TE,2025,12.199999809265137
00-0039793,5,53.0,7.0,7.0,2,AJ Barner,SEA,TE,2025,24.300000190734863
00-0039793,6,71.0,3.0,3.0,0,AJ Barner,SEA,TE,2025,10.100000381469727
00-0039793,7,7.0,1.0,3.0,0,AJ Barner,SEA,TE,2025,1.7000000476837158
00-0039793,9,24.0,3.0,4.0,0,AJ Barner,SEA,TE,2025,5.400000095367432
00-0039793,11,70.0,10.0,11.0,0,AJ Barner,SEA,TE,2025,17.0
00-0039793,12,18.0,2.0,4.0,0,AJ Barner,SEA,TE,2025,3.8000001907348633
00-0039793,13,35.0,4.0,5.0,0,AJ Barner,SEA,TE,2025,7.5
00-0039793,14,27.0,3.0,4.0,0,AJ Barner,SEA,TE,2025,5.699999809265137
00-0039793,15,27.0,3.0,6.0,0,AJ Barner,SEA,TE,2025,5.699999809265137
00-0039793,16,49.0,4.0,6.0,1,AJ Barner,SEA,TE,2025,14.899999618530273
00-0039793,17,43.0,3.0,3.0,1,AJ Barner,SEA,TE,2025,13.300000190734863
00-0039793,18,14.0,2.0,3.0,0,AJ Barner,SEA,TE,2025,3.4000000953674316
00-0039793,21,13.0,2.0,3.0,0,AJ Barner,SEA,TE,2025,3.3000001907348633
00-0039824,13,4.0,1.0,1.0,0,Jared Wiley,KC,TE,2025,1.399999976158142
00-0039847,1,5.0,1.0,3.0,0,Theo Johnson,NYG,TE,2025,1.5
00-0039847,2,34.0,4.0,5.0,0,Theo Johnson,NYG,TE,2025,7.400000095367432
00-0039847,3,10.0,1.0,2.0,0,Theo Johnson,NYG,TE,2025,2.0
00-0039847,4,17.0,3.0,5.0,1,Theo Johnson,NYG,TE,2025,10.699999809265137
00-0039847,5,33.0,6.0,7.0,2,Theo Johnson,NYG,TE,2025,21.300000190734863
00-0039847,6,27.0,2.0,4.0,0,Theo Johnson,NYG,TE,2025,4.699999809265137
00-0039847,7,66.0,3.0,7.0,1,Theo Johnson,NYG,TE,2025,15.600000381469727
00-0039847,8,20.0,3.0,4.0,0,Theo Johnson,NYG,TE,2025,5.0
00-0039847,9,27.0,3.0,6.0,1,Theo Johnson,NYG,TE,2025,11.699999809265137
00-0039847,10,75.0,7.0,8.0,0,Theo Johnson,NYG,TE,2025,14.5
00-0039847,11,36.0,3.0,4.0,0,Theo Johnson,NYG,TE,2025,6.600000381469727
00-0039847,12,77.0,3.0,5.0,0,Theo Johnson,NYG,TE,2025,10.700000762939453
00-0039847,13,29.0,3.0,8.0,0,Theo Johnson,NYG,TE,2025,5.900000095367432
00-0039847,15,72.0,3.0,4.0,0,Theo Johnson,NYG,TE,2025,10.200000762939453
00-0039847,16,0.0,0.0,2.0,0,Theo Johnson,NYG,TE,2025,0.0
00-0039912,2,7.0,1.0,1.0,0,Ben Sinnott,WAS,TE,2025,1.7000000476837158
00-0039912,8,22.0,1.0,1.0,0,Ben Sinnott,WAS,TE,2025,3.200000047683716
00-0039912,10,4.0,1.0,1.0,1,Ben Sinnott,WAS,TE,2025,7.399999976158142
00-0039912,14,8.0,1.0,1.0,0,Ben Sinnott,WAS,TE,2025,1.7999999523162842
00-0039912,15,36.0,1.0,1.0,0,Ben Sinnott,WAS,TE,2025,4.600000381469727
00-0039912,16,5.0,1.0,2.0,0,Ben Sinnott,WAS,TE,2025,1.5
00-0039912,17,29.0,3.0,4.0,0,Ben Sinnott,WAS,TE,2025,5.900000095367432
00-0039912,18,3.0,2.0,2.0,0,Ben Sinnott,WAS,TE,2025,2.299999952316284
00-0040058,10,0.0,0.0,1.0,0,Nick Kallerup,SEA,TE,2025,0.0
00-0040126,1,12.0,2.0,2.0,0,Colston Loveland,CHI,TE,2025,3.200000047683716
00-0040126,2,0.0,0.0,1.0,0,Colston Loveland,CHI,TE,2025,0.0
00-0040126,3,31.0,1.0,3.0,0,Colston Loveland,CHI,TE,2025,4.100000381469727
00-0040126,6,11.0,2.0,3.0,0,Colston Loveland,CHI,TE,2025,3.0999999046325684
00-0040126,7,24.0,3.0,4.0,0,Colston Loveland,CHI,TE,2025,5.400000095367432
00-0040126,8,38.0,3.0,5.0,0,Colston Loveland,CHI,TE,2025,6.800000190734863
00-0040126,9,118.0,6.0,8.0,2,Colston Loveland,CHI,TE,2025,29.799999237060547
00-0040126,10,55.0,4.0,4.0,0,Colston Loveland,CHI,TE,2025,9.5
00-0040126,11,40.0,3.0,4.0,0,Colston Loveland,CHI,TE,2025,7.0
00-0040126,12,49.0,4.0,5.0,1,Colston Loveland,CHI,TE,2025,14.899999618530273
00-0040126,13,28.0,3.0,6.0,0,Colston Loveland,CHI,TE,2025,5.800000190734863
00-0040126,14,29.0,4.0,5.0,1,Colston Loveland,CHI,TE,2025,12.900000095367432
00-0040126,15,63.0,4.0,5.0,0,Colston Loveland,CHI,TE,2025,10.300000190734863
00-0040126,16,30.0,3.0,5.0,0,Colston Loveland,CHI,TE,2025,6.0
00-0040126,17,94.0,6.0,10.0,1,Colston Loveland,CHI,TE,2025,21.40000057220459
00-0040126,18,91.0,10.0,13.0,1,Colston Loveland,CHI,TE,2025,25.100000381469727
00-0040126,19,137.0,8.0,16.0,0,Colston Loveland,CHI,TE,2025,21.700000762939453
00-0040126,20,56.0,4.0,10.0,0,Colston Loveland,CHI,TE,2025,9.600000381469727
00-0040128,1,76.0,7.0,9.0,0,Tyler Warren,IND,TE,2025,14.600000381469727
00-0040128,2,79.0,4.0,7.0,0,Tyler Warren,IND,TE,2025,11.899999618530273
00-0040128,3,38.0,3.0,5.0,0,Tyler Warren,IND,TE,2025,6.800000190734863
00-0040128,4,70.0,5.0,6.0,0,Tyler Warren,IND,TE,2025,12.0
00-0040128,5,44.0,4.0,5.0,1,Tyler Warren,IND,TE,2025,14.399999618530273
00-0040128,6,63.0,6.0,9.0,1,Tyler Warren,IND,TE,2025,18.300000190734863
00-0040128,7,69.0,4.0,5.0,1,Tyler Warren,IND,TE,2025,16.899999618530273
00-0040128,8,53.0,4.0,5.0,0,Tyler Warren,IND,TE,2025,9.300000190734863
00-0040128,9,26.0,5.0,7.0,0,Tyler Warren,IND,TE,2025,7.600000381469727
00-0040128,10,99.0,8.0,10.0,0,Tyler Warren,IND,TE,2025,17.900001525878906
00-0040128,12,45.0,5.0,7.0,0,Tyler Warren,IND,TE,2025,9.5
00-0040128,13,22.0,3.0,4.0,1,Tyler Warren,IND,TE,2025,11.199999809265137
00-0040128,14,15.0,2.0,7.0,0,Tyler Warren,IND,TE,2025,3.5
00-0040128,15,19.0,3.0,6.0,0,Tyler Warren,IND,TE,2025,4.900000095367432
00-0040128,16,30.0,3.0,9.0,1,Tyler Warren,IND,TE,2025,12.0
00-0040128,17,43.0,5.0,5.0,0,Tyler Warren,IND,TE,2025,9.300000190734863
00-0040128,18,26.0,5.0,8.0,0,Tyler Warren,IND,TE,2025,7.600000381469727
00-0040187,2,9.0,1.0,1.0,0,Mitchell Evans,CAR,TE,2025,1.9000000953674316
00-0040187,3,9.0,1.0,1.0,0,Mitchell Evans,CAR,TE,2025,1.9000000953674316
00-0040187,4,23.0,3.0,4.0,1,Mitchell Evans,CAR,TE,2025,11.300000190734863
00-0040187,5,4.0,1.0,1.0,1,Mitchell Evans,CAR,TE,2025,7.399999976158142
00-0040187,6,21.0,1.0,1.0,0,Mitchell Evans,CAR,TE,2025,3.1000001430511475
00-0040187,7,24.0,2.0,3.0,0,Mitchell Evans,CAR,TE,2025,4.400000095367432
00-0040187,10,0.0,0.0,1.0,0,Mitchell Evans,CAR,TE,2025,0.0
00-0040187,11,28.0,2.0,2.0,0,Mitchell Evans,CAR,TE,2025,4.800000190734863
00-0040187,12,0.0,0.0,1.0,0,Mitchell Evans,CAR,TE,2025,0.0
00-0040187,13,20.0,3.0,3.0,0,Mitchell Evans,CAR,TE,2025,5.0
00-0040187,16,23.0,3.0,3.0,0,Mitchell Evans,CAR,TE,2025,5.300000190734863
00-0040187,17,5.0,1.0,2.0,0,Mitchell Evans,CAR,TE,2025,1.5
00-0040187,18,5.0,1.0,2.0,0,Mitchell Evans,CAR,TE,2025,1.5
00-0040187,19,0.0,0.0,1.0,0,Mitchell Evans,CAR,TE,2025,0.0
00-0040189,3,46.0,5.0,7.0,0,Oronde Gadsden II,LAC,TE,2025,9.600000381469727
00-0040189,4,16.0,2.0,3.0,0,Oronde Gadsden II,LAC,TE,2025,3.5999999046325684
00-0040189,5,14.0,1.0,1.0,0,Oronde Gadsden II,LAC,TE,2025,2.4000000953674316
00-0040189,6,68.0,7.0,8.0,0,Oronde Gadsden II,LAC,TE,2025,13.800000190734863
00-0040189,7,164.0,7.0,9.0,1,Oronde Gadsden II,LAC,TE,2025,29.399999618530273
00-0040189,8,77.0,5.0,5.0,1,Oronde Gadsden II,LAC,TE,2025,18.700000762939453
00-0040189,9,68.0,5.0,5.0,0,Oronde Gadsden II,LAC,TE,2025,11.800000190734863
00-0040189,10,13.0,3.0,6.0,0,Oronde Gadsden II,LAC,TE,2025,4.300000190734863
00-0040189,11,41.0,2.0,5.0,0,Oronde Gadsden II,LAC,TE,2025,6.099999904632568
00-0040189,13,27.0,1.0,2.0,0,Oronde Gadsden II,LAC,TE,2025,3.700000047683716
00-0040189,14,7.0,1.0,4.0,0,Oronde Gadsden II,LAC,TE,2025,1.7000000476837158
00-0040189,15,61.0,4.0,5.0,0,Oronde Gadsden II,LAC,TE,2025,10.100000381469727
00-0040189,16,7.0,1.0,1.0,0,Oronde Gadsden II,LAC,TE,2025,1.7000000476837158
00-0040189,17,32.0,3.0,6.0,1,Oronde Gadsden II,LAC,TE,2025,12.199999809265137
00-0040189,18,23.0,2.0,2.0,0,Oronde Gadsden II,LAC,TE,2025,4.300000190734863
00-0040189,19,30.0,3.0,3.0,0,Oronde Gadsden II,LAC,TE,2025,6.0
00-0040194,1,29.0,1.0,1.0,0,Jackson Hawes,BUF,TE,2025,3.9000000953674316
00-0040194,2,5.0,1.0,1.0,0,Jackson Hawes,BUF,TE,2025,1.5
00-0040194,3,5.0,1.0,1.0,1,Jackson Hawes,BUF,TE,2025,7.5
00-0040194,4,15.0,1.0,1.0,0,Jackson Hawes,BUF,TE,2025,2.5
00-0040194,8,15.0,2.0,3.0,0,Jackson Hawes,BUF,TE,2025,3.5
00-0040194,9,18.0,1.0,2.0,0,Jackson Hawes,BUF,TE,2025,2.8000001907348633
00-0040194,10,26.0,1.0,2.0,1,Jackson Hawes,BUF,TE,2025,9.600000143051147
00-0040194,12,26.0,2.0,2.0,0,Jackson Hawes,BUF,TE,2025,4.600000381469727
00-0040194,13,10.0,1.0,1.0,0,Jackson Hawes,BUF,TE,2025,2.0
00-0040194,14,3.0,1.0,1.0,1,Jackson Hawes,BUF,TE,2025,7.299999952316284
00-0040194,15,9.0,1.0,1.0,0,Jackson Hawes,BUF,TE,2025,1.9000000953674316
00-0040194,16,26.0,2.0,2.0,0,Jackson Hawes,BUF,TE,2025,4.600000381469727
00-0040194,18,0.0,1.0,1.0,0,Jackson Hawes,BUF,TE,2025,1.0
00-0040244,17,10.0,2.0,2.0,0,Moliki Matavao,NO,TE,2025,3.0
00-0040363,11,4.0,1.0,1.0,0,Keleki Latu,BUF,TE,2025,1.399999976158142
00-0040363,18,31.0,3.0,3.0,0,Keleki Latu,BUF,TE,2025,6.100000381469727
00-0040488,7,3.0,1.0,1.0,0,Carter Runyon,LV,TE,2025,1.2999999523162842
00-0040509,8,5.0,1.0,2.0,0,Ben Yurosek,MIN,TE,2025,1.5
00-0040509,18,9.0,1.0,1.0,0,Ben Yurosek,MIN,TE,2025,1.9000000953674316
00-0040584,1,16.0,1.0,2.0,0,Gunnar Helm,TEN,TE,2025,2.5999999046325684
00-0040584,2,9.0,2.0,2.0,0,Gunnar Helm,TEN,TE,2025,2.9000000953674316
00-0040584,3,27.0,3.0,3.0,0,Gunnar Helm,TEN,TE,2025,5.699999809265137
00-0040584,4,12.0,1.0,1.0,0,Gunnar Helm,TEN,TE,2025,2.200000047683716
00-0040584,5,34.0,4.0,5.0,0,Gunnar Helm,TEN,TE,2025,7.400000095367432
00-0040584,6,15.0,2.0,3.0,0,Gunnar Helm,TEN,TE,2025,3.5
00-0040584,7,36.0,4.0,5.0,0,Gunnar Helm,TEN,TE,2025,7.600000381469727
00-0040584,8,23.0,2.0,3.0,1,Gunnar Helm,TEN,TE,2025,10.300000190734863
00-0040584,9,15.0,1.0,1.0,0,Gunnar Helm,TEN,TE,2025,2.5
00-0040584,11,29.0,4.0,5.0,0,Gunnar Helm,TEN,TE,2025,6.900000095367432
00-0040584,12,51.0,6.0,7.0,0,Gunnar Helm,TEN,TE,2025,11.100000381469727
00-0040584,13,23.0,6.0,7.0,0,Gunnar Helm,TEN,TE,2025,8.300000190734863
00-0040584,14,8.0,1.0,2.0,0,Gunnar Helm,TEN,TE,2025,1.7999999523162842
00-0040584,15,49.0,4.0,4.0,1,Gunnar Helm,TEN,TE,2025,14.899999618530273
00-0040584,16,9.0,2.0,3.0,0,Gunnar Helm,TEN,TE,2025,2.9000000953674316
00-0040584,17,1.0,1.0,2.0,0,Gunnar Helm,TEN,TE,2025,1.100000023841858
00-0040628,18,3.0,1.0,2.0,0,Drake Dabney,GB,TE,2025,1.2999999523162842
00-0040663,1,63.0,7.0,9.0,0,Harold Fannin Jr.,CLE,TE,2025,13.300000190734863
00-0040663,2,48.0,5.0,5.0,0,Harold Fannin Jr.,CLE,TE,2025,9.800000190734863
00-0040663,3,25.0,3.0,4.0,0,Harold Fannin Jr.,CLE,TE,2025,5.5
00-0040663,4,24.0,2.0,6.0,0,Harold Fannin Jr.,CLE,TE,2025,4.400000095367432
00-0040663,5,13.0,4.0,4.0,1,Harold Fannin Jr.,CLE,TE,2025,11.300000190734863
00-0040663,6,81.0,7.0,10.0,0,Harold Fannin Jr.,CLE,TE,2025,15.100000381469727
00-0040663,7,36.0,4.0,5.0,0,Harold Fannin Jr.,CLE,TE,2025,7.600000381469727
00-0040663,8,62.0,6.0,9.0,1,Harold Fannin Jr.,CLE,TE,2025,18.200000762939453
00-0040663,10,44.0,4.0,7.0,0,Harold Fannin Jr.,CLE,TE,2025,8.399999618530273
00-0040663,11,26.0,2.0,5.0,0,Harold Fannin Jr.,CLE,TE,2025,4.600000381469727
00-0040663,12,40.0,4.0,6.0,0,Harold Fannin Jr.,CLE,TE,2025,8.0
00-0040663,13,43.0,3.0,5.0,1,Harold Fannin Jr.,CLE,TE,2025,13.300000190734863
00-0040663,14,114.0,8.0,11.0,1,Harold Fannin Jr.,CLE,TE,2025,25.400001525878906
00-0040663,15,48.0,7.0,14.0,0,Harold Fannin Jr.,CLE,TE,2025,11.800000190734863
00-0040663,16,34.0,4.0,6.0,1,Harold Fannin Jr.,CLE,TE,2025,13.400000095367432
00-0040663,17,30.0,2.0,2.0,1,Harold Fannin Jr.,CLE,TE,2025,11.0
00-0040736,1,20.0,1.0,1.0,0,Mason Taylor,NYJ,TE,2025,3.0
00-0040736,2,5.0,1.0,2.0,0,Mason Taylor,NYJ,TE,2025,1.5
00-0040736,3,18.0,4.0,6.0,0,Mason Taylor,NYJ,TE,2025,5.800000190734863
00-0040736,4,65.0,5.0,7.0,0,Mason Taylor,NYJ,TE,2025,11.5
00-0040736,5,67.0,9.0,13.0,0,Mason Taylor,NYJ,TE,2025,15.700000762939453
00-0040736,6,2.0,1.0,1.0,0,Mason Taylor,NYJ,TE,2025,1.2000000476837158
00-0040736,7,31.0,3.0,5.0,0,Mason Taylor,NYJ,TE,2025,6.100000381469727
00-0040736,8,34.0,5.0,8.0,1,Mason Taylor,NYJ,TE,2025,14.399999618530273
00-0040736,10,4.0,1.0,2.0,0,Mason Taylor,NYJ,TE,2025,1.399999976158142
00-0040736,11,30.0,4.0,4.0,0,Mason Taylor,NYJ,TE,2025,7.0
00-0040736,12,21.0,3.0,5.0,0,Mason Taylor,NYJ,TE,2025,5.100000381469727
00-0040736,13,21.0,2.0,4.0,0,Mason Taylor,NYJ,TE,2025,4.100000381469727
00-0040736,14,51.0,5.0,8.0,0,Mason Taylor,NYJ,TE,2025,10.100000381469727
00-0040737,5,21.0,1.0,1.0,0,Terrance Ferguson,LA,TE,2025,3.1000001430511475
00-0040737,7,31.0,1.0,3.0,1,Terrance Ferguson,LA,TE,2025,10.100000381469727
00-0040737,9,54.0,2.0,3.0,0,Terrance Ferguson,LA,TE,2025,7.400000095367432
00-0040737,10,32.0,1.0,4.0,0,Terrance Ferguson,LA,TE,2025,4.199999809265137
00-0040737,12,0.0,0.0,1.0,0,Terrance Ferguson,LA,TE,2025,0.0
00-0040737,13,0.0,0.0,2.0,0,Terrance Ferguson,LA,TE,2025,0.0
00-0040737,14,0.0,0.0,1.0,0,Terrance Ferguson,LA,TE,2025,0.0
00-0040737,15,6.0,1.0,2.0,0,Terrance Ferguson,LA,TE,2025,1.600000023841858
00-0040737,16,33.0,3.0,4.0,1,Terrance Ferguson,LA,TE,2025,12.300000190734863
00-0040737,17,54.0,2.0,4.0,1,Terrance Ferguson,LA,TE,2025,13.400000095367432
00-0040737,20,19.0,1.0,5.0,0,Terrance Ferguson,LA,TE,2025,2.9000000953674316
00-0040737,21,0.0,0.0,1.0,0,Terrance Ferguson,LA,TE,2025,0.0
00-0040739,1,7.0,1.0,1.0,0,Elijah Arroyo,SEA,TE,2025,1.7000000476837158
00-0040739,2,31.0,2.0,3.0,0,Elijah Arroyo,SEA,TE,2025,5.100000381469727
00-0040739,3,0.0,0.0,1.0,0,Elijah Arroyo,SEA,TE,2025,0.0
00-0040739,4,44.0,2.0,4.0,0,Elijah Arroyo,SEA,TE,2025,6.400000095367432
00-0040739,5,10.0,1.0,1.0,0,Elijah Arroyo,SEA,TE,2025,2.0
00-0040739,6,6.0,1.0,2.0,0,Elijah Arroyo,SEA,TE,2025,1.600000023841858
00-0040739,7,42.0,4.0,5.0,0,Elijah Arroyo,SEA,TE,2025,8.200000762939453
00-0040739,9,29.0,2.0,2.0,1,Elijah Arroyo,SEA,TE,2025,10.900000095367432
00-0040739,10,5.0,1.0,1.0,0,Elijah Arroyo,SEA,TE,2025,1.5
00-0040739,11,0.0,0.0,2.0,0,Elijah Arroyo,SEA,TE,2025,0.0
00-0040739,12,5.0,1.0,1.0,0,Elijah Arroyo,SEA,TE,2025,1.5
00-0040739,13,0.0,0.0,2.0,0,Elijah Arroyo,SEA,TE,2025,0.0
00-0040739,14,0.0,0.0,1.0,0,Elijah Arroyo,SEA,TE,2025,0.0
