position,season,window,actual_years,n_train_rows,receiving_floor,weighting,model,mae,rmse,medae,r2,spearman,bias,n,_src
QB,2024,3y,3,2107,True,,existing_methodology,6.370140703918231,7.937835601861555,5.528764565922764,0.2837368709615627,0.522193803024727,0.4387626907553213,720,main_a776b38
QB,2024,3y,3,2107,True,none,B_gbm_huber,6.586101860751704,8.09622224920577,5.9392872665522844,0.2548679595681892,0.5406461886129635,-0.1021926969110277,720,main_a776b38
QB,2024,3y,3,2107,True,none,F_yeojohnson_huber,6.189030157943549,7.818918184950344,5.035664505787937,0.3050369203891701,0.5576795153008124,-0.5995822392651716,720,main_a776b38
QB,2024,3y,3,2107,True,linear,B_gbm_huber,6.581249752426739,8.08645604558016,5.872742454689808,0.2566645313376736,0.5390026466091533,0.0033795669246995,720,main_a776b38
QB,2024,3y,3,2107,True,linear,F_yeojohnson_huber,6.197274107375233,7.827188504722706,5.3328439603101945,0.3035659735254266,0.5514703845626593,-0.065979133142351,720,main_a776b38
QB,2024,3y,3,2107,True,exponential,B_gbm_huber,6.61921428949367,8.141338035354911,5.970503407154315,0.2465404008949285,0.5288541495095456,0.062781723174999,720,main_a776b38
QB,2024,3y,3,2107,True,exponential,F_yeojohnson_huber,6.287391127589777,7.91064792307194,5.156180963984067,0.2886349776261181,0.5430069102165702,0.1015107414126932,720,main_a776b38
QB,2024,5y,5,3409,True,,existing_methodology,6.2642968156470005,7.83045854301218,5.502999135909585,0.3029839403599798,0.5353798402720621,0.2386490858905777,720,main_a776b38
QB,2024,5y,5,3409,True,none,B_gbm_huber,6.554320970323497,8.008693541366759,5.918202476394111,0.2708921969839147,0.5497851083679125,-0.0746912194989301,720,main_a776b38
QB,2024,5y,5,3409,True,none,F_yeojohnson_huber,6.057698656823924,7.642326903121954,5.12362170954804,0.3360740906713815,0.5649202618391855,-0.3255372341226926,720,main_a776b38
QB,2024,5y,5,3409,True,linear,B_gbm_huber,6.5630407738237455,8.058486537345411,5.919322379609429,0.2617977496017869,0.5508666174066821,-0.1518998049958684,720,main_a776b38
QB,2024,5y,5,3409,True,linear,F_yeojohnson_huber,6.101396053766075,7.72327309515245,5.3004882170175165,0.3219352323820182,0.5644678337413594,-0.3460053236909619,720,main_a776b38
QB,2024,5y,5,3409,True,exponential,B_gbm_huber,6.535810132895183,8.026445485743805,5.94792304675748,0.2676563568778244,0.5557836496130008,-0.216466099432969,720,main_a776b38
QB,2024,5y,5,3409,True,exponential,F_yeojohnson_huber,6.0769860063612695,7.716716990596486,5.123162278231724,0.323085930184066,0.5595532264220829,-0.3867519803645598,720,main_a776b38
QB,2024,7y,7,4670,True,,existing_methodology,6.2590297043492535,7.822878636688919,5.464400331675549,0.3043327143241462,0.5379579554000997,0.2761168012278884,720,main_a776b38
QB,2024,7y,7,4670,True,none,B_gbm_huber,6.506116792581356,7.982008111102241,5.986698613645743,0.2757429607565926,0.5587367567703899,0.1605337635220149,720,main_a776b38
QB,2024,7y,7,4670,True,none,F_yeojohnson_huber,5.989138347341847,7.623864543265792,4.967009038131312,0.339278044961106,0.5667897449609631,-0.3209081546727191,720,main_a776b38
QB,2024,7y,7,4670,True,linear,B_gbm_huber,6.476641480956483,7.9761367595957235,5.883605884788073,0.2768080570670419,0.5620856860561192,-0.0619376304115516,720,main_a776b38
QB,2024,7y,7,4670,True,linear,F_yeojohnson_huber,5.991845371018915,7.657274665475866,5.067521223705433,0.3334743818903013,0.5676618221035127,-0.4292177694465643,720,main_a776b38
QB,2024,7y,7,4670,True,exponential,B_gbm_huber,6.436920210503594,7.936298702093466,5.738025084051203,0.2840142055204896,0.5768873676961577,-0.117313782236204,720,main_a776b38
QB,2024,7y,7,4670,True,exponential,F_yeojohnson_huber,6.064085201050744,7.714369896363709,4.9010432985997205,0.3234976439975341,0.5631381520149128,-0.4674966932100277,720,main_a776b38
QB,2024,10y,10,6544,True,,existing_methodology,6.256328253052379,7.81472134563479,5.422903763364568,0.3057827692507043,0.5400206564910979,0.2728018488555478,720,main_a776b38
QB,2024,10y,10,6544,True,none,B_gbm_huber,6.537614905425744,8.018460744189406,6.020892275076854,0.2691127091657255,0.5644052785946814,0.1736901521019842,720,main_a776b38
QB,2024,10y,10,6544,True,none,F_yeojohnson_huber,5.969992854336786,7.565658562770344,4.955186256077393,0.3493283708360261,0.5717958088928443,-0.3018515145395279,720,main_a776b38
QB,2024,10y,10,6544,True,linear,B_gbm_huber,6.478905382531496,7.965966968251197,5.889306691764061,0.278651060178649,0.5655517201327336,0.0265397912169528,720,main_a776b38
QB,2024,10y,10,6544,True,linear,F_yeojohnson_huber,6.005697946657905,7.655522846293384,4.951183638712014,0.3337793203572839,0.5698389203214742,-0.5153432589848201,720,main_a776b38
QB,2024,10y,10,6544,True,exponential,B_gbm_huber,6.461666193766703,7.9729277764568,5.920900784690468,0.2773898534888872,0.569445767944453,-0.1341280265846023,720,main_a776b38
QB,2024,10y,10,6544,True,exponential,F_yeojohnson_huber,6.026231215215166,7.660891857355248,4.830976408572095,0.3328445179742897,0.5633905619770336,-0.5306988758804129,720,main_a776b38
QB,2024,since2013,11,7154,True,,existing_methodology,6.259939999018406,7.816372271752517,5.431335542429808,0.3054894197200591,0.5399059699953479,0.2716396491574535,720,main_a776b38
QB,2024,since2013,11,7154,True,none,B_gbm_huber,6.582577782416047,8.062234804212647,6.003688763772835,0.2611108656490514,0.5545486412362882,0.2069913783836401,720,main_a776b38
QB,2024,since2013,11,7154,True,none,F_yeojohnson_huber,5.964807516997287,7.530489079478781,5.090339934042872,0.3553636938361023,0.5776953150293511,-0.3018515548607709,720,main_a776b38
QB,2024,since2013,11,7154,True,linear,B_gbm_huber,6.502452216981116,7.995597814877322,5.831443014708467,0.2732747053838553,0.5546348670333462,0.0436764576183396,720,main_a776b38
QB,2024,since2013,11,7154,True,linear,F_yeojohnson_huber,6.013522754138807,7.6258741337067395,4.961814810875927,0.3389296768825127,0.5705618760826701,-0.4719532902658091,720,main_a776b38
QB,2024,since2013,11,7154,True,exponential,B_gbm_huber,6.476089833253797,7.996481119924651,5.90596664738474,0.2731141281278864,0.5618027119919617,-0.1901702189721949,720,main_a776b38
QB,2024,since2013,11,7154,True,exponential,F_yeojohnson_huber,6.067909209345439,7.714659940215987,4.870595658526394,0.3234467729502068,0.5614402645835802,-0.5711474436992982,720,main_a776b38
QB,2024,all,18,11576,True,,existing_methodology,6.2516982573049695,7.810459393772087,5.424144323552804,0.3065397798933499,0.5403646999023041,0.2793905199562954,720,main_a776b38
QB,2024,all,18,11576,True,none,B_gbm_huber,6.542210678116233,8.037067613673315,5.867628908868619,0.2657167199011645,0.548719908927842,-0.1567910330522631,720,main_a776b38
QB,2024,all,18,11576,True,none,F_yeojohnson_huber,5.966394554923609,7.582193052651005,4.813700129268451,0.3464812215568081,0.5660477873161149,-0.2742584290889638,720,main_a776b38
QB,2024,all,18,11576,True,linear,B_gbm_huber,6.524660480123068,8.025359120038878,5.832269114656024,0.2678545863876223,0.5573147805545526,-3.1188984619490155e-05,720,main_a776b38
QB,2024,all,18,11576,True,linear,F_yeojohnson_huber,5.943012790467809,7.5768693668307,4.811122707495581,0.3473986097661319,0.572617423334222,-0.3154787273078027,720,main_a776b38
QB,2024,all,18,11576,True,exponential,B_gbm_huber,6.474356419684591,7.995386233731884,5.8705284447360455,0.2733131663818646,0.5648132826843512,-0.1229054308456481,720,main_a776b38
QB,2024,all,18,11576,True,exponential,F_yeojohnson_huber,6.037982159757638,7.690517100166239,4.976330767676321,0.3276746606797635,0.558324614782373,-0.5636532659870752,720,main_a776b38
QB,2025,3y,3,2126,True,,existing_methodology,6.335483923345124,7.847450112163345,5.549509427661751,0.2928926710429855,0.538356138582489,1.1204310986635286,708,main_a776b38
QB,2025,3y,3,2126,True,none,B_gbm_huber,6.738177884626554,8.07420309818349,6.315649875838317,0.2514383900614719,0.5288482546017272,0.0456261502989512,708,main_a776b38
QB,2025,3y,3,2126,True,none,F_yeojohnson_huber,6.324054723888654,7.95411229320617,5.219428562715933,0.273540098581989,0.5143461861248331,-0.4932483770935127,708,main_a776b38
QB,2025,3y,3,2126,True,linear,B_gbm_huber,6.721717267115744,8.066395895647386,6.265685015810849,0.2528853060161539,0.5340203096321918,-0.0541904090928126,708,main_a776b38
QB,2025,3y,3,2126,True,linear,F_yeojohnson_huber,6.356953242467422,7.971101664608526,5.324911637852123,0.2704334595245605,0.5047232224291527,0.1449192409635181,708,main_a776b38
QB,2025,3y,3,2126,True,exponential,B_gbm_huber,6.712395118812183,8.045502296187394,6.361414632920433,0.256750650327835,0.5330594352689696,-0.0631489152208063,708,main_a776b38
QB,2025,3y,3,2126,True,exponential,F_yeojohnson_huber,6.351868851334654,7.99109226586991,5.196678832176879,0.2667695338827481,0.5049426413485637,0.0308351648845406,708,main_a776b38
QB,2025,5y,5,3497,True,,existing_methodology,6.3078075709108825,7.797302357694065,5.438950602301304,0.301901086324272,0.5410884717926483,0.6271328081411794,708,main_a776b38
QB,2025,5y,5,3497,True,none,B_gbm_huber,6.702682751233971,8.017672827980993,6.192608186801421,0.2618835705373211,0.5344928021254451,0.2542479353489849,708,main_a776b38
QB,2025,5y,5,3497,True,none,F_yeojohnson_huber,6.210380305465614,7.8459698587101725,5.202080395673612,0.2931594072010758,0.5327404447974011,-0.386711262324601,708,main_a776b38
QB,2025,5y,5,3497,True,linear,B_gbm_huber,6.688043181888325,8.026784217881612,6.1585983290650805,0.2602050066781073,0.5417071160621791,0.0682237553793731,708,main_a776b38
QB,2025,5y,5,3497,True,linear,F_yeojohnson_huber,6.260079156154985,7.879447895426415,5.274330988510267,0.287114489611409,0.5239633160098478,-0.3099084483757868,708,main_a776b38
QB,2025,5y,5,3497,True,exponential,B_gbm_huber,6.685699098869728,8.024774871217243,6.187235586511861,0.2605753464065191,0.5368792134261594,0.0242636887591948,708,main_a776b38
QB,2025,5y,5,3497,True,exponential,F_yeojohnson_huber,6.22868385758408,7.844277767393472,5.170978803046344,0.2934642541173373,0.5333021984905078,-0.0872330145679507,708,main_a776b38
QB,2025,7y,7,4775,True,,existing_methodology,6.306019848357414,7.795076729384117,5.447945909770551,0.3022995541256227,0.5388886178652386,0.595867663008385,708,main_a776b38
QB,2025,7y,7,4775,True,none,B_gbm_huber,6.725643533249281,8.038945449837797,6.147007904682189,0.257961609141589,0.5393723182839018,0.3926130562947333,708,main_a776b38
QB,2025,7y,7,4775,True,none,F_yeojohnson_huber,6.120770394055045,7.767710546388,5.150712622345283,0.3071897901386651,0.5416754415744444,-0.3538801009480746,708,main_a776b38
QB,2025,7y,7,4775,True,linear,B_gbm_huber,6.70376857665132,8.025378316697624,6.099958847573874,0.2604641359989554,0.5469180183760007,0.2352411305952423,708,main_a776b38
QB,2025,7y,7,4775,True,linear,F_yeojohnson_huber,6.190105142985754,7.816396115133672,5.291902648610465,0.2984779404947951,0.5336521256728667,-0.076105076773448,708,main_a776b38
QB,2025,7y,7,4775,True,exponential,B_gbm_huber,6.655965714728835,7.993237154311673,6.177902245563506,0.2663758683953768,0.5477010972423341,0.1498651570666662,708,main_a776b38
QB,2025,7y,7,4775,True,exponential,F_yeojohnson_huber,6.232320726458776,7.857678893097918,5.213722431930373,0.2910481075992168,0.526801016794363,-0.1690477138811214,708,main_a776b38
QB,2025,10y,10,6636,True,,existing_methodology,6.318827952473516,7.803341760810881,5.423370199406733,0.3008192420266595,0.5378869141994175,0.5703739131869098,708,main_a776b38
QB,2025,10y,10,6636,True,none,B_gbm_huber,6.743829263565627,8.051258342347356,6.266687177186466,0.2556867744404746,0.5428821953771914,0.4648933924147067,708,main_a776b38
QB,2025,10y,10,6636,True,none,F_yeojohnson_huber,6.156381952500771,7.755501571966377,5.124911640441879,0.3093659409399504,0.5452471710174607,-0.4016960371492102,708,main_a776b38
QB,2025,10y,10,6636,True,linear,B_gbm_huber,6.693255571210702,8.011368740301547,6.115807700871553,0.2630438377278303,0.5493546467151017,0.3310908062093939,708,main_a776b38
QB,2025,10y,10,6636,True,linear,F_yeojohnson_huber,6.105581578050268,7.712804013032454,5.088528328056071,0.3169495162069218,0.5438792354191571,-0.5049026179699182,708,main_a776b38
QB,2025,10y,10,6636,True,exponential,B_gbm_huber,6.644251256722569,7.978902096694397,6.1326667028058175,0.269004869341325,0.5496389317045479,0.1186025498777842,708,main_a776b38
QB,2025,10y,10,6636,True,exponential,F_yeojohnson_huber,6.175659937641377,7.8040800897610945,5.072512669609444,0.3006869269665935,0.5325916910802264,-0.2532816572493829,708,main_a776b38
QB,2025,since2013,12,7874,True,,existing_methodology,6.326394596236054,7.806559946670088,5.4353298443837845,0.3002424230997749,0.5373646951420679,0.5837201258514245,708,main_a776b38
QB,2025,since2013,12,7874,True,none,B_gbm_huber,6.740975750314724,8.048605421819646,6.383868319098501,0.2561772017578984,0.5388710963814843,0.3533118543953641,708,main_a776b38
QB,2025,since2013,12,7874,True,none,F_yeojohnson_huber,6.115966673797635,7.740368033339892,5.032475802363566,0.3120586203808204,0.5408445209301059,-0.4658170138461214,708,main_a776b38
QB,2025,since2013,12,7874,True,linear,B_gbm_huber,6.6801818979545455,7.997330483926403,6.129508970249804,0.2656242994793204,0.5445753157533922,0.3315810638797207,708,main_a776b38
QB,2025,since2013,12,7874,True,linear,F_yeojohnson_huber,6.089155865819973,7.720430097450449,5.065775335228192,0.3155981073396026,0.5467838136563749,-0.465809482922906,708,main_a776b38
QB,2025,since2013,12,7874,True,exponential,B_gbm_huber,6.6653365330296905,8.0010031409454,6.115043472860277,0.2649496420093833,0.545466289399637,0.1039133543759514,708,main_a776b38
QB,2025,since2013,12,7874,True,exponential,F_yeojohnson_huber,6.2272516314615824,7.855174590529693,5.266128392893579,0.2914999324058671,0.5254554695013383,-0.3451921441977708,708,main_a776b38
QB,2025,all,19,12296,True,,existing_methodology,6.3270771922984,7.806231314566281,5.451933214930585,0.3003013371325526,0.5373579143940188,0.5903984855413417,708,main_a776b38
QB,2025,all,19,12296,True,none,B_gbm_huber,6.704068798868812,8.026807430941375,6.211214555778321,0.2602007277714475,0.5426469038925663,-0.0194038615962849,708,main_a776b38
QB,2025,all,19,12296,True,none,F_yeojohnson_huber,6.061298546744419,7.675768483667401,4.96755532822735,0.3234935435169653,0.54637017111579,-0.5493192869727969,708,main_a776b38
QB,2025,all,19,12296,True,linear,B_gbm_huber,6.704831456896561,8.027992034545791,6.182888497913416,0.2599823511479568,0.540080747432411,0.1994684162982064,708,main_a776b38
QB,2025,all,19,12296,True,linear,F_yeojohnson_huber,6.111480678941044,7.727477570567169,5.083908415377392,0.3143480460561778,0.5459331426037541,-0.5552324451171938,708,main_a776b38
QB,2025,all,19,12296,True,exponential,B_gbm_huber,6.6768522211035695,8.012226174335371,6.179793215839821,0.2628860806378201,0.5466116771136036,0.0869852691784357,708,main_a776b38
QB,2025,all,19,12296,True,exponential,F_yeojohnson_huber,6.1591917791164885,7.798963096290064,5.136208116612275,0.3016036800619668,0.5382183930123964,-0.3127519971202143,708,main_a776b38
RB,2024,3y,3,4618,True,,existing_methodology,4.97689890044441,6.407016940326317,4.086738356827127,0.3721978822378272,0.6489350226262292,0.7990024272861189,1500,main_a776b38
RB,2024,3y,3,4618,True,none,B_gbm_huber,4.697450957207881,6.61572040869188,3.135904874075264,0.330631427946043,0.6702117625163395,-1.3836041837032227,1500,main_a776b38
RB,2024,3y,3,4618,True,none,C_gbm_mae,4.442065716616568,6.327598384785195,2.8957849838530025,0.3876653367128644,0.6741756156872648,-1.1055430395220098,1500,main_a776b38
RB,2024,3y,3,4618,True,linear,B_gbm_huber,4.656195052621352,6.632421245381931,2.9999085076243537,0.3272476315448778,0.67341452489753,-1.5572106237706402,1500,main_a776b38
RB,2024,3y,3,4618,True,linear,C_gbm_mae,4.42639871021023,6.361622575601236,2.835791097723545,0.38106245074467,0.6793916313491418,-1.3833609213361948,1500,main_a776b38
RB,2024,3y,3,4618,True,exponential,B_gbm_huber,4.65409556982488,6.612614357021898,3.015764123419599,0.3312598116080032,0.6753667736280585,-1.5182789689410712,1500,main_a776b38
RB,2024,3y,3,4618,True,exponential,C_gbm_mae,4.463395569528773,6.396992942577432,2.9206001139950866,0.3741607814149398,0.6751254717319629,-1.3374948445111552,1500,main_a776b38
RB,2024,5y,5,7571,True,,existing_methodology,5.012772580818576,6.402011926896587,4.160293013761298,0.3731783481143128,0.6509082949002891,0.9446165780737712,1500,main_a776b38
RB,2024,5y,5,7571,True,none,B_gbm_huber,4.683835226136609,6.537205826826054,3.2747885044514358,0.3464251226407263,0.6779048824953192,-1.186821615609317,1500,main_a776b38
RB,2024,5y,5,7571,True,none,C_gbm_mae,4.397626031920742,6.257180477526892,2.9194167400630016,0.4012184707866602,0.6860190014288178,-1.0200065428947351,1500,main_a776b38
RB,2024,5y,5,7571,True,linear,B_gbm_huber,4.64077918879958,6.568341740588916,3.1273653565659814,0.3401845014909932,0.6771582646200468,-1.406864967357734,1500,main_a776b38
RB,2024,5y,5,7571,True,linear,C_gbm_mae,4.418204047730097,6.305415769090176,2.883328538604053,0.3919511255547736,0.682239650592281,-1.215894145373065,1500,main_a776b38
RB,2024,5y,5,7571,True,exponential,B_gbm_huber,4.646637474805171,6.588399943287817,3.085322364636876,0.3361484992794866,0.6759587131626449,-1.4317891856089937,1500,main_a776b38
RB,2024,5y,5,7571,True,exponential,C_gbm_mae,4.447430867846045,6.302943687550612,2.943605039022684,0.392427811563523,0.6799110842070155,-1.0615982538270825,1500,main_a776b38
RB,2024,7y,7,10434,True,,existing_methodology,5.017967144061911,6.400017537801421,4.170663034466136,0.3735688289688902,0.6528081937101796,0.9826443059246368,1500,main_a776b38
RB,2024,7y,7,10434,True,none,B_gbm_huber,4.733763909989253,6.541588389295334,3.3989830145947053,0.3455485117666236,0.679607340244353,-1.053162321146259,1500,main_a776b38
RB,2024,7y,7,10434,True,none,C_gbm_mae,4.416591289227588,6.274999303279725,2.834366152161072,0.397803266167306,0.6847645864754155,-1.0319466694286503,1500,main_a776b38
RB,2024,7y,7,10434,True,linear,B_gbm_huber,4.6826022207001925,6.5557662314774925,3.235687042669727,0.3427086005952048,0.6761670428914093,-1.25359490855572,1500,main_a776b38
RB,2024,7y,7,10434,True,linear,C_gbm_mae,4.411384565010871,6.312521744332848,2.795892253249654,0.3905798551777196,0.683253347263041,-1.2186975002814284,1500,main_a776b38
RB,2024,7y,7,10434,True,exponential,B_gbm_huber,4.6567706875768975,6.594989260875018,3.214581330933672,0.3348199473168017,0.6737899802944115,-1.413388202115213,1500,main_a776b38
RB,2024,7y,7,10434,True,exponential,C_gbm_mae,4.416765539476689,6.303526859601988,2.918226688565825,0.3923153766351711,0.681740712092687,-1.2467144778338255,1500,main_a776b38
RB,2024,10y,10,14796,True,,existing_methodology,5.022187725140272,6.399368720137389,4.170476539171947,0.3736958345605945,0.6540759742943753,0.99747589213493,1500,main_a776b38
RB,2024,10y,10,14796,True,none,B_gbm_huber,4.74546549368381,6.553516639399624,3.3813987822836875,0.3431596184557183,0.6818413840936368,-1.065471120950599,1500,main_a776b38
RB,2024,10y,10,14796,True,none,C_gbm_mae,4.384203806562192,6.24370609862776,2.9206580000528857,0.4037945582379338,0.6905633923650394,-1.067951739694556,1500,main_a776b38
RB,2024,10y,10,14796,True,linear,B_gbm_huber,4.690426679981776,6.541654419467982,3.313042709746572,0.3455352997574652,0.6812622313386468,-1.1692884411496047,1500,main_a776b38
RB,2024,10y,10,14796,True,linear,C_gbm_mae,4.423351661256463,6.292822882192332,2.926396051212018,0.394377434870247,0.683871420551002,-1.0887334194608165,1500,main_a776b38
RB,2024,10y,10,14796,True,exponential,B_gbm_huber,4.654970620672695,6.591994313725367,3.155729853740125,0.3354239594463714,0.6742301449049274,-1.413513114031338,1500,main_a776b38
RB,2024,10y,10,14796,True,exponential,C_gbm_mae,4.407772880828079,6.300342119644529,2.90663320906488,0.392929264273959,0.6813995417408252,-1.2265336470427206,1500,main_a776b38
RB,2024,since2013,11,16244,True,,existing_methodology,5.021553432637174,6.39874261485285,4.17309518476608,0.373818382012388,0.6542240329764165,0.9966041147771566,1500,main_a776b38
RB,2024,since2013,11,16244,True,none,B_gbm_huber,4.748370138954263,6.556988691183907,3.484557584411074,0.3424634462871949,0.6778277402391526,-1.0660256867130584,1500,main_a776b38
RB,2024,since2013,11,16244,True,none,C_gbm_mae,4.4032668022925785,6.241201892147799,2.919387288853385,0.4042727108283417,0.6882356368802054,-1.0937994356939091,1500,main_a776b38
RB,2024,since2013,11,16244,True,linear,B_gbm_huber,4.699667453379574,6.530057117565221,3.3347626806928723,0.3478537642559491,0.6816712801921192,-1.1225383723593845,1500,main_a776b38
RB,2024,since2013,11,16244,True,linear,C_gbm_mae,4.402618079387807,6.257935211942343,2.986304845346642,0.4010740133000423,0.6866716589088583,-1.063929980344174,1500,main_a776b38
RB,2024,since2013,11,16244,True,exponential,B_gbm_huber,4.647256575428103,6.568600993038738,3.17257160747378,0.3401324146273613,0.6763641281327624,-1.404477237757097,1500,main_a776b38
RB,2024,since2013,11,16244,True,exponential,C_gbm_mae,4.4331439060020505,6.34718493964945,2.863884151004899,0.3838686074549486,0.6780338817177499,-1.3456192283163824,1500,main_a776b38
RB,2024,all,18,21563,True,,existing_methodology,5.020119558732959,6.396973191474418,4.168309643092385,0.3741646460419309,0.6544373869260827,0.99858315315848,1500,main_a776b38
RB,2024,all,18,21563,True,none,B_gbm_huber,4.7591236852866645,6.578841245198774,3.458440306296126,0.3380733833000038,0.6735888230564852,-1.1056414752193249,1500,main_a776b38
RB,2024,all,18,21563,True,none,C_gbm_mae,4.396656033256506,6.25246309549469,2.893487418567938,0.4021209911638606,0.6875762432360556,-1.0692277742170038,1500,main_a776b38
RB,2024,all,18,21563,True,linear,B_gbm_huber,4.720025263142729,6.556355044432352,3.3830789625061195,0.3425905246730932,0.6758337248160701,-1.128742562924091,1500,main_a776b38
RB,2024,all,18,21563,True,linear,C_gbm_mae,4.408175886066411,6.276424244170777,2.9290803778014656,0.3975297387490365,0.685819196273858,-1.1417216022432872,1500,main_a776b38
RB,2024,all,18,21563,True,exponential,B_gbm_huber,4.65779299810584,6.580007580449028,3.1800358871270222,0.3378386620923626,0.6750742407399122,-1.3898389351769402,1500,main_a776b38
RB,2024,all,18,21563,True,exponential,C_gbm_mae,4.417524456078283,6.315524312247418,2.8714752291561987,0.389999972643246,0.6814073324311534,-1.280978932183388,1500,main_a776b38
RB,2025,3y,3,4581,True,,existing_methodology,4.507439009736001,6.303878535174324,3.2426048250509765,0.4081910306066105,0.682499099484524,-0.0691986505675777,1552,main_a776b38
RB,2025,3y,3,4581,True,none,B_gbm_huber,4.603676670466784,6.684123040731984,3.152835168669739,0.334642982740535,0.6758536470922941,-1.2826093525461095,1552,main_a776b38
RB,2025,3y,3,4581,True,none,C_gbm_mae,4.409487938232652,6.421873521270307,2.884950721337176,0.3858289153846399,0.6803305376716451,-1.2225220175338511,1552,main_a776b38
RB,2025,3y,3,4581,True,linear,B_gbm_huber,4.627897168969113,6.712272405834819,3.239446418365886,0.329027043079485,0.6716467375408494,-1.313115013139882,1552,main_a776b38
RB,2025,3y,3,4581,True,linear,C_gbm_mae,4.436347092266524,6.464586098101043,2.8821420043814,0.3776319092467045,0.6783389204620359,-1.330957458255405,1552,main_a776b38
RB,2025,3y,3,4581,True,exponential,B_gbm_huber,4.634011794283339,6.707346672277881,3.2666196726330545,0.3300114552507953,0.6705952548749192,-1.2783709080776575,1552,main_a776b38
RB,2025,3y,3,4581,True,exponential,C_gbm_mae,4.415544332433376,6.454924162309303,2.871963393735033,0.3794908950292585,0.6802367868188979,-1.2962330926295855,1552,main_a776b38
RB,2025,5y,5,7637,True,,existing_methodology,4.533851128581426,6.271448722974557,3.3179760428699003,0.4142643986454756,0.6864773129581501,0.0905157803822832,1552,main_a776b38
RB,2025,5y,5,7637,True,none,B_gbm_huber,4.617815306896132,6.683051090600738,3.1981180955944577,0.3348563756856965,0.6771589237430538,-1.1960579914717946,1552,main_a776b38
RB,2025,5y,5,7637,True,none,C_gbm_mae,4.394561834392986,6.400153926532865,2.7762745101739386,0.3899762997854801,0.6869090719672387,-1.1722281077843195,1552,main_a776b38
RB,2025,5y,5,7637,True,linear,B_gbm_huber,4.629176183312134,6.709456440086259,3.238857717850295,0.3295899047804798,0.6722714313962022,-1.254359154508038,1552,main_a776b38
RB,2025,5y,5,7637,True,linear,C_gbm_mae,4.398114252354942,6.421737453624655,2.8046702323912136,0.3858549414120601,0.6832794783387627,-1.2475839717658008,1552,main_a776b38
RB,2025,5y,5,7637,True,exponential,B_gbm_huber,4.6356773542008725,6.726385466593944,3.219683759798385,0.3262025339752569,0.6672184567289677,-1.2690742354092912,1552,main_a776b38
RB,2025,5y,5,7637,True,exponential,C_gbm_mae,4.405233904883226,6.447734386875017,2.820242956119971,0.3808724252845326,0.6812329903736934,-1.3086358947566563,1552,main_a776b38
RB,2025,7y,7,10503,True,,existing_methodology,4.537413312026222,6.264099114544299,3.3585830766697304,0.4156364595513309,0.6880989195731875,0.1122628492556745,1552,main_a776b38
RB,2025,7y,7,10503,True,none,B_gbm_huber,4.627918254089364,6.632872428837952,3.2190738193635915,0.3448071353465466,0.6825945176845708,-1.051037410947244,1552,main_a776b38
RB,2025,7y,7,10503,True,none,C_gbm_mae,4.357656749312143,6.347991903124591,2.792053748597782,0.3998793121802261,0.6932472053408577,-1.1862814544895963,1552,main_a776b38
RB,2025,7y,7,10503,True,linear,B_gbm_huber,4.607812113278639,6.684429896640228,3.19677313050727,0.3345818906819057,0.6798579599005575,-1.216164039710875,1552,main_a776b38
RB,2025,7y,7,10503,True,linear,C_gbm_mae,4.399696212578277,6.441525600938941,2.7408226406661225,0.3820642174897392,0.6846515956161116,-1.3123260486233832,1552,main_a776b38
RB,2025,7y,7,10503,True,exponential,B_gbm_huber,4.6281865313808845,6.710677083542586,3.1967453640449643,0.329345948763431,0.6692494895190372,-1.242214593741391,1552,main_a776b38
RB,2025,7y,7,10503,True,exponential,C_gbm_mae,4.383943729359728,6.449630386441086,2.7117623477039112,0.3805082545125718,0.6878778136537562,-1.394864216825254,1552,main_a776b38
RB,2025,10y,10,14797,True,,existing_methodology,4.541851968888903,6.263832716414516,3.3450931490501663,0.415686161844102,0.6883427161019879,0.1226460545004911,1552,main_a776b38
RB,2025,10y,10,14797,True,none,B_gbm_huber,4.667160010285018,6.656390182722865,3.3802781997949705,0.3401527472320248,0.6799024196770119,-0.995904287309591,1552,main_a776b38
RB,2025,10y,10,14797,True,none,C_gbm_mae,4.38288149540167,6.382247819151122,2.83818671758504,0.3933849270841013,0.6879005666264095,-1.1632815277220112,1552,main_a776b38
RB,2025,10y,10,14797,True,linear,B_gbm_huber,4.618478120847586,6.645224411693894,3.2422613688264805,0.3423646139208109,0.6819325582771777,-1.1197928631789986,1552,main_a776b38
RB,2025,10y,10,14797,True,linear,C_gbm_mae,4.368536588224303,6.367857406650087,2.725094127813932,0.3961173812272697,0.6884998149359597,-1.1474064065196672,1552,main_a776b38
RB,2025,10y,10,14797,True,exponential,B_gbm_huber,4.637307579036573,6.70667767325706,3.257720097853565,0.3301450995513529,0.6689937676507609,-1.1979818607439974,1552,main_a776b38
RB,2025,10y,10,14797,True,exponential,C_gbm_mae,4.392855043843235,6.430625642368163,2.7652755588180566,0.3841537149675776,0.6823815739835621,-1.233779507208917,1552,main_a776b38
RB,2025,since2013,12,17744,True,,existing_methodology,4.542971229647998,6.263828122705602,3.357973962339808,0.4156870188806238,0.688436113747501,0.1241268054498549,1552,main_a776b38
RB,2025,since2013,12,17744,True,none,B_gbm_huber,4.648687696980241,6.631890723542526,3.2995755652252248,0.3450010660190995,0.6834006320879216,-1.0231751664592956,1552,main_a776b38
RB,2025,since2013,12,17744,True,none,C_gbm_mae,4.356549796440673,6.339178095995731,2.793497338760512,0.4015446186599628,0.6921877632283531,-1.1886527703939376,1552,main_a776b38
RB,2025,since2013,12,17744,True,linear,B_gbm_huber,4.621223250767194,6.621534633098884,3.3065818666020474,0.3470451081412931,0.6819713351861418,-1.0694067964756446,1552,main_a776b38
RB,2025,since2013,12,17744,True,linear,C_gbm_mae,4.362082904364373,6.344294125421434,2.7929278770964743,0.4005782628415339,0.6887712948901548,-1.0986449605537492,1552,main_a776b38
RB,2025,since2013,12,17744,True,exponential,B_gbm_huber,4.622770777787861,6.699044538756994,3.194679714744194,0.3316690084354295,0.6700201672960553,-1.206374064927342,1552,main_a776b38
RB,2025,since2013,12,17744,True,exponential,C_gbm_mae,4.398802639956402,6.462336207133932,2.7556223854834405,0.3780650434507426,0.6821574013319501,-1.3344748978665133,1552,main_a776b38
RB,2025,all,19,23063,True,,existing_methodology,4.543483373509311,6.264384611936233,3.338256846566466,0.4155831915344712,0.6885404640305789,0.1285727878160261,1552,main_a776b38
RB,2025,all,19,23063,True,none,B_gbm_huber,4.667011451468228,6.685457395798557,3.26935615761484,0.3343773050682685,0.6788539462124785,-1.1456706448972211,1552,main_a776b38
RB,2025,all,19,23063,True,none,C_gbm_mae,4.376248478061243,6.352845005705524,2.864576997414055,0.3989613650244145,0.6873045716358446,-1.1563981356410906,1552,main_a776b38
RB,2025,all,19,23063,True,linear,B_gbm_huber,4.640249734486357,6.646096207445863,3.236848251375024,0.3421920504954231,0.6827135192913852,-1.091125550552632,1552,main_a776b38
RB,2025,all,19,23063,True,linear,C_gbm_mae,4.371057753891896,6.339618485726497,2.814925138588857,0.4014614650539422,0.6907072755266385,-1.0874842370136415,1552,main_a776b38
RB,2025,all,19,23063,True,exponential,B_gbm_huber,4.6248411146653,6.694747553201513,3.18387811208941,0.3325261120312005,0.6717090775425438,-1.1925292124435458,1552,main_a776b38
RB,2025,all,19,23063,True,exponential,C_gbm_mae,4.391486646653476,6.395265487493831,2.794488443227773,0.3909078163879319,0.689029389892825,-1.1608911962776385,1552,main_a776b38
WR,2024,3y,3,8226,True,,existing_methodology,4.340060472326679,6.139733752332524,3.046900252298662,0.3773530444909238,0.6607883405504101,-0.3904447256195447,2746,main_a776b38
WR,2024,3y,3,8226,True,none,B_gbm_huber,4.364239353311909,6.455958499105071,2.757438416712854,0.3115629232965868,0.6734514021935272,-1.4764203731833312,2746,main_a776b38
WR,2024,3y,3,8226,True,none,C_gbm_mae,4.152791905395544,6.239739611524511,2.431398021798152,0.3569041230246109,0.6756151919930173,-1.4222129067999616,2746,main_a776b38
WR,2024,3y,3,8226,True,linear,B_gbm_huber,4.407189664143576,6.480040397802124,2.7797916170101225,0.3064173533411096,0.6713850272584063,-1.4239085007616246,2746,main_a776b38
WR,2024,3y,3,8226,True,linear,C_gbm_mae,4.173546223963362,6.284217260288168,2.5070325077371094,0.3477033106143395,0.6742438158775047,-1.484361209410143,2746,main_a776b38
WR,2024,3y,3,8226,True,exponential,B_gbm_huber,4.398680002253564,6.471836450238578,2.751236933085962,0.3081724392284968,0.6718173102028568,-1.4363104025436984,2746,main_a776b38
WR,2024,3y,3,8226,True,exponential,C_gbm_mae,4.170665315260204,6.286506121604405,2.533387606572086,0.3472280601596612,0.6761823450624744,-1.4954213444192572,2746,main_a776b38
WR,2024,5y,5,13226,True,,existing_methodology,4.374326306416025,6.106603758712888,3.112869560634152,0.3840545189795473,0.666943075255256,-0.1957252879818405,2746,main_a776b38
WR,2024,5y,5,13226,True,none,B_gbm_huber,4.378903197524449,6.381544865388201,2.8920208552016167,0.3273417924420037,0.6779004859908269,-1.1932138815568374,2746,main_a776b38
WR,2024,5y,5,13226,True,none,C_gbm_mae,4.124999715474235,6.203544817560922,2.5201662527326976,0.3643432835302337,0.6820980557709174,-1.3092939594801836,2746,main_a776b38
WR,2024,5y,5,13226,True,linear,B_gbm_huber,4.356002901990446,6.419308186846664,2.7420782005599205,0.31935721588095,0.6774249001324657,-1.3789411065892057,2746,main_a776b38
WR,2024,5y,5,13226,True,linear,C_gbm_mae,4.154317182712401,6.244698732186524,2.51606337522014,0.3558814978586323,0.6779780903384104,-1.4145059572649386,2746,main_a776b38
WR,2024,5y,5,13226,True,exponential,B_gbm_huber,4.346759948540405,6.423926201195242,2.6746452692859046,0.3183775624171943,0.6766725005082951,-1.4192421233128598,2746,main_a776b38
WR,2024,5y,5,13226,True,exponential,C_gbm_mae,4.146828562032011,6.227683393299293,2.5452910498107486,0.3593868592847643,0.6789996381766771,-1.392718183755361,2746,main_a776b38
WR,2024,7y,7,18051,True,,existing_methodology,4.395581622058841,6.108189816473925,3.137095354792132,0.3837345204937444,0.6670949858979355,-0.1412055937616631,2746,main_a776b38
WR,2024,7y,7,18051,True,none,B_gbm_huber,4.371718084432093,6.365453650537671,2.898374674624126,0.3307297624785982,0.6789728945109816,-1.1793536069540889,2746,main_a776b38
WR,2024,7y,7,18051,True,none,C_gbm_mae,4.109811186522933,6.198491474984685,2.5225672842957434,0.3653784603315684,0.6847508303032982,-1.3640434777902204,2746,main_a776b38
WR,2024,7y,7,18051,True,linear,B_gbm_huber,4.347128641554715,6.385833002935684,2.7627110502159704,0.3264374910247359,0.679462528235032,-1.2987753257058137,2746,main_a776b38
WR,2024,7y,7,18051,True,linear,C_gbm_mae,4.11119375007146,6.197661452349639,2.4868463039053204,0.3655484097384245,0.6831747163376911,-1.3674899431553418,2746,main_a776b38
WR,2024,7y,7,18051,True,exponential,B_gbm_huber,4.346978276838859,6.421180588852852,2.707420241441556,0.3189600943397911,0.676184074627411,-1.4209068847335586,2746,main_a776b38
WR,2024,7y,7,18051,True,exponential,C_gbm_mae,4.130649181860148,6.220594871851365,2.5227065683911043,0.3608443565129601,0.6830651516801723,-1.4084764508045775,2746,main_a776b38
WR,2024,10y,10,25167,True,,existing_methodology,4.398213182544835,6.111318104122689,3.136855968429326,0.3831031225123298,0.6665031317887089,-0.1461307497321737,2746,main_a776b38
WR,2024,10y,10,25167,True,none,B_gbm_huber,4.39504952997494,6.357094101065019,2.9079892506848672,0.3324864711854552,0.6792117213513945,-1.0591936950080951,2746,main_a776b38
WR,2024,10y,10,25167,True,none,C_gbm_mae,4.093119963514225,6.158683894697692,2.5380487907697544,0.3735035428751055,0.6842677635434877,-1.2537005328772686,2746,main_a776b38
WR,2024,10y,10,25167,True,linear,B_gbm_huber,4.362976953252938,6.373219084452423,2.797137500074143,0.3290958352863415,0.6801378082931429,-1.216499179912453,2746,main_a776b38
WR,2024,10y,10,25167,True,linear,C_gbm_mae,4.10958201504835,6.188402652510391,2.522645125885316,0.3674426314524041,0.6843133799711313,-1.37163408997532,2746,main_a776b38
WR,2024,10y,10,25167,True,exponential,B_gbm_huber,4.337521391997173,6.407964740337531,2.699131021531158,0.3217605942865733,0.6779854908098226,-1.3848353470264207,2746,main_a776b38
WR,2024,10y,10,25167,True,exponential,C_gbm_mae,4.136138296534478,6.221915812083222,2.5456660241490283,0.3605728789249817,0.6790238772925072,-1.4153703536768134,2746,main_a776b38
WR,2024,since2013,11,27448,True,,existing_methodology,4.3993209462721214,6.111821744456821,3.1418874436467084,0.3830014400449704,0.6663058698507961,-0.1456646876850489,2746,main_a776b38
WR,2024,since2013,11,27448,True,none,B_gbm_huber,4.400248793533844,6.354302572350748,2.9175093450097185,0.333072579878702,0.6789638572550736,-1.0173010029726903,2746,main_a776b38
WR,2024,since2013,11,27448,True,none,C_gbm_mae,4.085562054336262,6.150157834355742,2.5302694920795243,0.3752369811484648,0.6862316999021096,-1.2574581555651376,2746,main_a776b38
WR,2024,since2013,11,27448,True,linear,B_gbm_huber,4.36667273724516,6.371986025204093,2.85964177907493,0.3293554166836009,0.6801073887550303,-1.1886687754003047,2746,main_a776b38
WR,2024,since2013,11,27448,True,linear,C_gbm_mae,4.103808919324801,6.17163974158808,2.518511161451123,0.3708648850558688,0.6851532935518458,-1.310871560896768,2746,main_a776b38
WR,2024,since2013,11,27448,True,exponential,B_gbm_huber,4.341587911454232,6.411717035172014,2.70396661168912,0.3209660520433535,0.6768580239176829,-1.3847719541224,2746,main_a776b38
WR,2024,since2013,11,27448,True,exponential,C_gbm_mae,4.13371179107946,6.229309066728242,2.522174278711604,0.3590523645385216,0.6788027690716265,-1.433590433710173,2746,main_a776b38
WR,2024,all,18,35279,True,,existing_methodology,4.407875277252614,6.115577449516056,3.14423435962376,0.382242917729415,0.6650317009987912,-0.1331062365135864,2746,main_a776b38
WR,2024,all,18,35279,True,none,B_gbm_huber,4.44143504968074,6.36629857753626,2.992908992782782,0.3305520777276751,0.6759773353358768,-0.9527459654123116,2746,main_a776b38
WR,2024,all,18,35279,True,none,C_gbm_mae,4.097243643448477,6.165687734728494,2.508749457522801,0.3720777915114862,0.6838117029323202,-1.2183299239603076,2746,main_a776b38
WR,2024,all,18,35279,True,linear,B_gbm_huber,4.406818698834537,6.380137945537414,2.910144327660258,0.3276383575786985,0.6771003139434619,-1.1131080971373963,2746,main_a776b38
WR,2024,all,18,35279,True,linear,C_gbm_mae,4.096939615499907,6.168533651253074,2.4878138751688974,0.3714979935440371,0.684272882412292,-1.2834717461543468,2746,main_a776b38
WR,2024,all,18,35279,True,exponential,B_gbm_huber,4.352204543692747,6.4109386677892415,2.735497608858413,0.3211309082877439,0.6756167569828136,-1.3484809387682857,2746,main_a776b38
WR,2024,all,18,35279,True,exponential,C_gbm_mae,4.141418633155781,6.230206539433255,2.469742414585017,0.3588676652597855,0.6771627741803466,-1.4176913141460652,2746,main_a776b38
WR,2025,3y,3,8214,True,,existing_methodology,4.148287261290498,5.836407895245219,2.922685103993324,0.3598312666667344,0.6419970901191161,-0.1704071684025815,2726,main_a776b38
WR,2025,3y,3,8214,True,none,B_gbm_huber,4.121565645604733,6.066379031033821,2.652603521800034,0.3083883983512847,0.6462890799349869,-1.2217332035204378,2726,main_a776b38
WR,2025,3y,3,8214,True,none,C_gbm_mae,4.043454029057906,5.974634861900074,2.6020009363142096,0.3291492285141398,0.6420869877491818,-1.1529755107126995,2726,main_a776b38
WR,2025,3y,3,8214,True,linear,B_gbm_huber,4.144776032376658,6.077109838585178,2.670899098135079,0.3059394531257896,0.6397861720048258,-1.175999825535598,2726,main_a776b38
WR,2025,3y,3,8214,True,linear,C_gbm_mae,4.01611659009626,5.9514782405142,2.589338401744924,0.3343393473867939,0.6477779280695048,-1.135476014760252,2726,main_a776b38
WR,2025,3y,3,8214,True,exponential,B_gbm_huber,4.137651587953282,6.067811053910273,2.7114726463067846,0.3080618376379106,0.6417593220643802,-1.1866138828470192,2726,main_a776b38
WR,2025,3y,3,8214,True,exponential,C_gbm_mae,4.020531666353465,5.966010383849911,2.5723629533236703,0.3310845976157431,0.6432953383880029,-1.1913800723024022,2726,main_a776b38
WR,2025,5y,5,13521,True,,existing_methodology,4.146953007315883,5.814648867609972,2.938075074221903,0.36459566416716,0.6456824594131266,-0.1391163159790575,2726,main_a776b38
WR,2025,5y,5,13521,True,none,B_gbm_huber,4.136366136581353,6.011424933887824,2.7728712660770465,0.3208619818817388,0.6483472306058651,-1.0453137648427957,2726,main_a776b38
WR,2025,5y,5,13521,True,none,C_gbm_mae,3.997210530369608,5.930877053106944,2.5684202016754014,0.3389397725808329,0.649842163155193,-1.162527727233938,2726,main_a776b38
WR,2025,5y,5,13521,True,linear,B_gbm_huber,4.134768235882434,6.02352403064592,2.721853271074391,0.3181254507760782,0.646571149622972,-1.090092166285534,2726,main_a776b38
WR,2025,5y,5,13521,True,linear,C_gbm_mae,4.00151371213332,5.936386885603841,2.59704327010246,0.3377109415097221,0.6491389922185618,-1.157575843164521,2726,main_a776b38
WR,2025,5y,5,13521,True,exponential,B_gbm_huber,4.152175083883248,6.025045663988565,2.743350811120022,0.3177809035985833,0.6430923113607521,-1.06261488186854,2726,main_a776b38
WR,2025,5y,5,13521,True,exponential,C_gbm_mae,3.997422005064172,5.940329143397608,2.553849869447769,0.3368310186928042,0.6505871906359134,-1.1418281170872,2726,main_a776b38
WR,2025,7y,7,18383,True,,existing_methodology,4.166250650466936,5.809950513993204,2.99847141605816,0.3656220883637274,0.6466001205007748,-0.0753792161465863,2726,main_a776b38
WR,2025,7y,7,18383,True,none,B_gbm_huber,4.150428653679624,6.008005423098272,2.751392327310463,0.3216343975060982,0.6508157554134102,-0.9808822116780352,2726,main_a776b38
WR,2025,7y,7,18383,True,none,C_gbm_mae,3.9977521173093256,5.939257484328086,2.6288801147392675,0.337070273767915,0.6502701998303745,-1.1721547248911208,2726,main_a776b38
WR,2025,7y,7,18383,True,linear,B_gbm_huber,4.129377315642402,6.015438521986884,2.730380127140747,0.3199548125352421,0.6487985090263889,-1.093105614125389,2726,main_a776b38
WR,2025,7y,7,18383,True,linear,C_gbm_mae,3.9955911776004656,5.96304440899429,2.558237529970593,0.3317495287746015,0.6502191292367369,-1.2341851234528556,2726,main_a776b38
WR,2025,7y,7,18383,True,exponential,B_gbm_huber,4.158464321858808,6.028644586651653,2.7454971898397296,0.3169656443627452,0.6419032004049918,-1.0676797029278482,2726,main_a776b38
WR,2025,7y,7,18383,True,exponential,C_gbm_mae,3.995952514005864,5.932520651694814,2.551372385985174,0.3385733282261286,0.6494727869983311,-1.1715949840220037,2726,main_a776b38
WR,2025,10y,10,25550,True,,existing_methodology,4.168277049505274,5.806190326367862,3.0081239280831507,0.3664429587174275,0.6473548293380615,-0.0545449602467347,2726,main_a776b38
WR,2025,10y,10,25550,True,none,B_gbm_huber,4.158588511483113,5.972814516445407,2.8046908410441707,0.3295579544520139,0.6517172919060717,-0.8999504212072656,2726,main_a776b38
WR,2025,10y,10,25550,True,none,C_gbm_mae,3.979313218893177,5.920320110746871,2.5200010051274147,0.3412910483049883,0.6507229566750032,-1.1647672359606964,2726,main_a776b38
WR,2025,10y,10,25550,True,linear,B_gbm_huber,4.126380620064428,5.970604872828261,2.7838227900979926,0.3300539229618114,0.6526837671270426,-0.9987219995341484,2726,main_a776b38
WR,2025,10y,10,25550,True,linear,C_gbm_mae,3.990006384906048,5.933041862628586,2.6032771157684307,0.3384571017593638,0.6526873328144056,-1.220733124053577,2726,main_a776b38
WR,2025,10y,10,25550,True,exponential,B_gbm_huber,4.125044883243217,6.002925596657324,2.721047244354887,0.3227810418504924,0.6480373174732131,-1.091062945160119,2726,main_a776b38
WR,2025,10y,10,25550,True,exponential,C_gbm_mae,4.005050232533194,5.940205972714269,2.5755251538820376,0.3368585195695369,0.6484935342918456,-1.1294469253495196,2726,main_a776b38
WR,2025,since2013,12,30194,True,,existing_methodology,4.167349867014849,5.805913031282461,3.014005506942717,0.3665034727718526,0.6472695127948809,-0.0579330858752211,2726,main_a776b38
WR,2025,since2013,12,30194,True,none,B_gbm_huber,4.1745779842885264,5.980357437552729,2.840733987960384,0.3278635155300907,0.6515974713824123,-0.8551776446245066,2726,main_a776b38
WR,2025,since2013,12,30194,True,none,C_gbm_mae,3.987715771040376,5.939415866225927,2.5529895595242422,0.3370349166653088,0.6501207495318154,-1.1988071833279366,2726,main_a776b38
WR,2025,since2013,12,30194,True,linear,B_gbm_huber,4.134165732991861,5.9725699564372094,2.766307018909092,0.3296128565270479,0.6531617923533994,-0.9683591035494008,2726,main_a776b38
WR,2025,since2013,12,30194,True,linear,C_gbm_mae,3.9861973785454015,5.93126008666471,2.516240173898233,0.3388543833795372,0.6523678994287996,-1.204780922232796,2726,main_a776b38
WR,2025,since2013,12,30194,True,exponential,B_gbm_huber,4.1246842487529465,5.999188502196291,2.743444160349673,0.3236239786478408,0.6479013463500892,-1.0926831371927648,2726,main_a776b38
WR,2025,since2013,12,30194,True,exponential,C_gbm_mae,3.994036733843554,5.9208929359681575,2.6011451122214218,0.3411635743346108,0.6499467998023809,-1.1458853989552014,2726,main_a776b38
WR,2025,all,19,38025,True,,existing_methodology,4.167088017217706,5.805763677578812,3.014055600910024,0.3665360650050199,0.64690389098168,-0.0621617716095286,2726,main_a776b38
WR,2025,all,19,38025,True,none,B_gbm_huber,4.206990539526376,5.970136566113863,2.92025870737038,0.3301590138022459,0.6492248695140126,-0.7421304146628274,2726,main_a776b38
WR,2025,all,19,38025,True,none,C_gbm_mae,3.970359513081016,5.899127750838906,2.5081369213586564,0.3459984330586498,0.6532096411710718,-1.1247733395021828,2726,main_a776b38
WR,2025,all,19,38025,True,linear,B_gbm_huber,4.166047390706544,5.985177006412387,2.787192248759724,0.3267797296784964,0.6503672301515613,-0.9205735493556088,2726,main_a776b38
WR,2025,all,19,38025,True,linear,C_gbm_mae,3.977618978130976,5.926673763998186,2.519093584600704,0.3398764443765134,0.6526479272841859,-1.1755513130504078,2726,main_a776b38
WR,2025,all,19,38025,True,exponential,B_gbm_huber,4.1169862519479805,5.9924234128569935,2.769900693664256,0.3251485729328605,0.6501791098229555,-1.075671858901575,2726,main_a776b38
WR,2025,all,19,38025,True,exponential,C_gbm_mae,3.998823727200884,5.925971497423109,2.569375899596059,0.3400328745299015,0.6495512625470047,-1.1404292412277932,2726,main_a776b38
QB,2023,3y,3,2059,True,,existing_methodology,6.0362317680887205,7.4580052131921875,5.283275303947754,0.2951991352950396,0.5340780720963725,0.330889143578027,718,repair_2023_80bd866
QB,2023,3y,3,2059,True,none,B_gbm_huber,6.316538657267031,7.641731178827539,5.821193531325138,0.2600462507959159,0.5403783820715041,0.4727401178792042,718,repair_2023_80bd866
QB,2023,3y,3,2059,True,none,F_yeojohnson_huber,5.823977858625096,7.266156479753442,4.80055670676342,0.3309931636183166,0.5504555862597674,0.0512089840518543,718,repair_2023_80bd866
QB,2023,3y,3,2059,True,linear,B_gbm_huber,6.22550003982652,7.5829815951725665,5.716646021328964,0.2713800356505285,0.5480392347880227,0.2970292762250844,718,repair_2023_80bd866
QB,2023,3y,3,2059,True,linear,F_yeojohnson_huber,5.922844369642424,7.425308044690305,4.904842433683812,0.301365523058148,0.5386326379493315,-0.7606101860462166,718,repair_2023_80bd866
QB,2023,3y,3,2059,True,exponential,B_gbm_huber,6.247998389753861,7.585786557151088,5.909792768282341,0.2708408996219779,0.5499420115737711,0.3769750594422331,718,repair_2023_80bd866
QB,2023,3y,3,2059,True,exponential,F_yeojohnson_huber,5.892916166367836,7.3867160556111715,4.947469694431733,0.3086087590681307,0.5400213540953308,-0.5022877769770854,718,repair_2023_80bd866
QB,2023,5y,5,3337,True,,existing_methodology,6.084170508328558,7.479247765009361,5.498397936569185,0.2911784647750781,0.53250892715781,0.6094137720755887,718,repair_2023_80bd866
QB,2023,5y,5,3337,True,none,B_gbm_huber,6.252210894349648,7.565753035523182,5.991996598502427,0.274687128526516,0.5599462864037801,0.6644051212156955,718,repair_2023_80bd866
QB,2023,5y,5,3337,True,none,F_yeojohnson_huber,5.83234460012878,7.306398881505777,5.027419236969614,0.323562276409079,0.561738331494932,0.1334633983396861,718,repair_2023_80bd866
QB,2023,5y,5,3337,True,linear,B_gbm_huber,6.129005606757274,7.469324335108594,5.626864374589509,0.2930581389718472,0.5618567450576668,0.4271972131747458,718,repair_2023_80bd866
QB,2023,5y,5,3337,True,linear,F_yeojohnson_huber,5.827354783038167,7.280089652580875,4.982030062565013,0.3284250039634858,0.5635210794543578,0.1068246187843625,718,repair_2023_80bd866
QB,2023,5y,5,3337,True,exponential,B_gbm_huber,6.15997198422712,7.497483671990522,5.767542263975359,0.2877177526594804,0.5574689250606374,0.3713512038076356,718,repair_2023_80bd866
QB,2023,5y,5,3337,True,exponential,F_yeojohnson_huber,5.873021141702133,7.338273589253424,5.129924153108596,0.3176473827967935,0.5547530083895056,-0.159063235478811,718,repair_2023_80bd866
QB,2023,7y,7,4574,True,,existing_methodology,6.123110313120492,7.512797445130797,5.501837052738645,0.2848050771908363,0.5296598752438763,0.7603037886174856,718,repair_2023_80bd866
QB,2023,7y,7,4574,True,none,B_gbm_huber,6.235886296791024,7.560777446663769,5.774529560515821,0.2756408133612805,0.55983949494026,0.361637548179999,718,repair_2023_80bd866
QB,2023,7y,7,4574,True,none,F_yeojohnson_huber,5.834351326168467,7.30113323984687,5.018243181240671,0.3245369275912199,0.5592293148349207,0.1662190122828116,718,repair_2023_80bd866
QB,2023,7y,7,4574,True,linear,B_gbm_huber,6.199095794291887,7.5384821636530575,5.745435213258677,0.2799065074277053,0.5593576108547954,0.4691990995216651,718,repair_2023_80bd866
QB,2023,7y,7,4574,True,linear,F_yeojohnson_huber,5.805639864120152,7.255351910779003,5.067783176259032,0.3329812728385819,0.5667279799996624,0.1665933428912908,718,repair_2023_80bd866
QB,2023,7y,7,4574,True,exponential,B_gbm_huber,6.174910872337477,7.510356034996186,5.706812496905229,0.2852698309488835,0.5590458190999026,0.4063630729667365,718,repair_2023_80bd866
QB,2023,7y,7,4574,True,exponential,F_yeojohnson_huber,5.7773591056071245,7.236626189952705,4.879469602627832,0.3364199173176816,0.5711604042663246,0.0171251562151837,718,repair_2023_80bd866
QB,2023,10y,10,6436,True,,existing_methodology,6.133597418129515,7.519720488223628,5.556808039594735,0.2834863655844712,0.5290799561220794,0.8013076888858761,718,repair_2023_80bd866
QB,2023,10y,10,6436,True,none,B_gbm_huber,6.197815619442239,7.51801393900143,5.860577517746581,0.2838115444360648,0.5677602871104412,0.5173978375001729,718,repair_2023_80bd866
QB,2023,10y,10,6436,True,none,F_yeojohnson_huber,5.744290319810057,7.168080503723753,4.897557152274028,0.3489313087399953,0.5722383626115511,0.1862761183103072,718,repair_2023_80bd866
QB,2023,10y,10,6436,True,linear,B_gbm_huber,6.169050080690908,7.497083923470953,5.757107497843591,0.2877937051245131,0.5717704300727604,0.4682533304940104,718,repair_2023_80bd866
QB,2023,10y,10,6436,True,linear,F_yeojohnson_huber,5.75957335478858,7.1896309857471214,4.96453929044576,0.3450106117998323,0.5729080886303893,0.1460878430767265,718,repair_2023_80bd866
QB,2023,10y,10,6436,True,exponential,B_gbm_huber,6.169906089844045,7.514724806142719,5.677723776271548,0.2844380725869915,0.5633921726269232,0.4142604594409302,718,repair_2023_80bd866
QB,2023,10y,10,6436,True,exponential,F_yeojohnson_huber,5.860490721005087,7.33411926196827,5.0216747572320175,0.3184197480322016,0.556822619679264,0.1617609113302264,718,repair_2023_80bd866
QB,2023,since2013,10,6436,True,,existing_methodology,6.133597418129515,7.519720488223628,5.556808039594735,0.2834863655844712,0.5290799561220794,0.8013076888858761,718,repair_2023_80bd866
QB,2023,since2013,10,6436,True,none,B_gbm_huber,6.197815619442239,7.51801393900143,5.860577517746581,0.2838115444360648,0.5677602871104412,0.5173978375001729,718,repair_2023_80bd866
QB,2023,since2013,10,6436,True,none,F_yeojohnson_huber,5.744290319810057,7.168080503723753,4.897557152274028,0.3489313087399953,0.5722383626115511,0.1862761183103072,718,repair_2023_80bd866
QB,2023,since2013,10,6436,True,linear,B_gbm_huber,6.169050080690908,7.497083923470953,5.757107497843591,0.2877937051245131,0.5717704300727604,0.4682533304940104,718,repair_2023_80bd866
QB,2023,since2013,10,6436,True,linear,F_yeojohnson_huber,5.75957335478858,7.1896309857471214,4.96453929044576,0.3450106117998323,0.5729080886303893,0.1460878430767265,718,repair_2023_80bd866
QB,2023,since2013,10,6436,True,exponential,B_gbm_huber,6.169906089844045,7.514724806142719,5.677723776271548,0.2844380725869915,0.5633921726269232,0.4142604594409302,718,repair_2023_80bd866
QB,2023,since2013,10,6436,True,exponential,F_yeojohnson_huber,5.860490721005087,7.33411926196827,5.0216747572320175,0.3184197480322016,0.556822619679264,0.1617609113302264,718,repair_2023_80bd866
QB,2023,all,17,10858,True,,existing_methodology,6.135602980740741,7.517731529957203,5.535460317167899,0.283865349683041,0.5296959276877427,0.8260359173077608,718,repair_2023_80bd866
QB,2023,all,17,10858,True,none,B_gbm_huber,6.212878298686438,7.53277371951699,5.669352640208427,0.2809966624547659,0.5684829026767961,0.0407053897665176,718,repair_2023_80bd866
QB,2023,all,17,10858,True,none,F_yeojohnson_huber,5.6763504578780655,7.115316043112317,4.735456566055653,0.3584811039725313,0.5837586746474629,-0.1390526998475701,718,repair_2023_80bd866
QB,2023,all,17,10858,True,linear,B_gbm_huber,6.131031467897572,7.4506414903568015,5.554713501672051,0.2965902300716072,0.5807176708290043,0.1850931810352717,718,repair_2023_80bd866
QB,2023,all,17,10858,True,linear,F_yeojohnson_huber,5.668814552625852,7.149516993058125,4.855172072846459,0.3522991477575268,0.5778515692573628,-0.0709302818340475,718,repair_2023_80bd866
QB,2023,all,17,10858,True,exponential,B_gbm_huber,6.174365671480209,7.516684083461636,5.584026207841291,0.2840648940456425,0.5625417552043793,0.3635910726265103,718,repair_2023_80bd866
QB,2023,all,17,10858,True,exponential,F_yeojohnson_huber,5.853881632900694,7.307946451697671,4.9379985622201845,0.3232756931716021,0.5598673977015884,0.1520667099171588,718,repair_2023_80bd866
RB,2023,3y,3,4622,True,,existing_methodology,4.612651009870661,6.126066183248012,3.669159476898102,0.3860866658794442,0.6752718331580324,0.4607971098949127,1515,repair_2023_80bd866
RB,2023,3y,3,4622,True,none,B_gbm_huber,4.534181053453168,6.353854891982371,3.224646646493916,0.3395829422444169,0.6786593064513603,-0.802252871626125,1515,repair_2023_80bd866
RB,2023,3y,3,4622,True,none,C_gbm_mae,4.274866037476701,6.0866119560788725,2.9277458928048445,0.3939688785763884,0.6878527469477784,-0.7949275467540161,1515,repair_2023_80bd866
RB,2023,3y,3,4622,True,linear,B_gbm_huber,4.534800544519014,6.376465736736846,3.187076518823164,0.3348742551896596,0.6728366150241374,-0.8117003609052268,1515,repair_2023_80bd866
RB,2023,3y,3,4622,True,linear,C_gbm_mae,4.271781712829669,6.122122762185618,2.899296480113896,0.386876778004543,0.6880814759896154,-0.8925749714763692,1515,repair_2023_80bd866
RB,2023,3y,3,4622,True,exponential,B_gbm_huber,4.522382667277232,6.360748940073137,3.1558479732042053,0.3381490357266602,0.6765752394719469,-0.8389103346548598,1515,repair_2023_80bd866
RB,2023,3y,3,4622,True,exponential,C_gbm_mae,4.27453780577312,6.124430366605367,2.883018224496253,0.3864144832875054,0.6842108361608461,-0.9343493675158152,1515,repair_2023_80bd866
RB,2023,5y,5,7488,True,,existing_methodology,4.588907029256985,6.101251359056394,3.625745344548213,0.3910501437628289,0.6798596815047948,0.5152938616653523,1515,repair_2023_80bd866
RB,2023,5y,5,7488,True,none,B_gbm_huber,4.540277668760003,6.297887758713029,3.3360603662872883,0.3511661036748704,0.6870564039652138,-0.6899162039881953,1515,repair_2023_80bd866
RB,2023,5y,5,7488,True,none,C_gbm_mae,4.207281012960031,6.027018937314523,2.8988432764690466,0.4057778866533178,0.692112465225232,-0.83200517608881,1515,repair_2023_80bd866
RB,2023,5y,5,7488,True,linear,B_gbm_huber,4.5052518907325565,6.29888741435342,3.22344642965426,0.3509601101844993,0.6866791436139813,-0.7796401232439235,1515,repair_2023_80bd866
RB,2023,5y,5,7488,True,linear,C_gbm_mae,4.200889729313908,6.0507179128787145,2.831523456809901,0.401095590991397,0.6965885115827736,-0.9482313496772228,1515,repair_2023_80bd866
RB,2023,5y,5,7488,True,exponential,B_gbm_huber,4.5026911577081625,6.308450734621338,3.1990160661550906,0.3489877973577332,0.6841041717245553,-0.8036123931675699,1515,repair_2023_80bd866
RB,2023,5y,5,7488,True,exponential,C_gbm_mae,4.235609843619592,6.067355513966474,2.83539856845713,0.3977974593628954,0.688820042678505,-0.8945057848954592,1515,repair_2023_80bd866
RB,2023,7y,7,10329,True,,existing_methodology,4.588130995334954,6.093879236129776,3.618878597607832,0.3925208391192404,0.6825016162982173,0.5632515123424957,1515,repair_2023_80bd866
RB,2023,7y,7,10329,True,none,B_gbm_huber,4.554896422979031,6.324379998600207,3.336728430549065,0.345695947005076,0.6853067247043183,-0.6921788565375808,1515,repair_2023_80bd866
RB,2023,7y,7,10329,True,none,C_gbm_mae,4.18028251574625,6.00726151092014,2.8746442576538698,0.4096673904365774,0.7006332257692348,-0.8760339017520858,1515,repair_2023_80bd866
RB,2023,7y,7,10329,True,linear,B_gbm_huber,4.532316070504975,6.301535810584937,3.3178654923164643,0.3504142118224498,0.688274730285095,-0.7349781615421241,1515,repair_2023_80bd866
RB,2023,7y,7,10329,True,linear,C_gbm_mae,4.212902052437421,6.046195537690423,2.8629738637721958,0.4019905123239332,0.6941701790416007,-0.9391706095167228,1515,repair_2023_80bd866
RB,2023,7y,7,10329,True,exponential,B_gbm_huber,4.50393693185474,6.3144215170603735,3.185396661580521,0.3477548823721058,0.6844356970786624,-0.8179339614770821,1515,repair_2023_80bd866
RB,2023,7y,7,10329,True,exponential,C_gbm_mae,4.223034107835841,6.055624434245733,2.9779125904544737,0.4001238951528322,0.6920230312290993,-0.9362285522589988,1515,repair_2023_80bd866
RB,2023,10y,10,14729,True,,existing_methodology,4.59302287270676,6.091160110258082,3.6116047433907776,0.3930628399415542,0.6833258573375425,0.5795586185810612,1515,repair_2023_80bd866
RB,2023,10y,10,14729,True,none,B_gbm_huber,4.544002390749866,6.333544529870418,3.2976703611343687,0.3437982955107039,0.6846212573036748,-0.735362290597979,1515,repair_2023_80bd866
RB,2023,10y,10,14729,True,none,C_gbm_mae,4.171430790010014,6.018008856454832,2.853223172467503,0.407553221151948,0.7008979959692506,-0.8363173648998262,1515,repair_2023_80bd866
RB,2023,10y,10,14729,True,linear,B_gbm_huber,4.5389960270540834,6.314977493413124,3.3515211558242517,0.3476400186984383,0.6843838670322235,-0.7317063504421808,1515,repair_2023_80bd866
RB,2023,10y,10,14729,True,linear,C_gbm_mae,4.19407898765397,6.032496194141235,2.817288274987785,0.404697357100237,0.697230295877122,-0.9225921163370606,1515,repair_2023_80bd866
RB,2023,10y,10,14729,True,exponential,B_gbm_huber,4.49901636096771,6.307178691044801,3.194294693374559,0.3492503126516809,0.684974977578876,-0.7955693408015511,1515,repair_2023_80bd866
RB,2023,10y,10,14729,True,exponential,C_gbm_mae,4.204991797929695,6.022303331471838,2.790033252313924,0.406707374712012,0.695938167103387,-0.8945132352567229,1515,repair_2023_80bd866
RB,2023,since2013,10,14729,True,,existing_methodology,4.59302287270676,6.091160110258082,3.6116047433907776,0.3930628399415542,0.6833258573375425,0.5795586185810612,1515,repair_2023_80bd866
RB,2023,since2013,10,14729,True,none,B_gbm_huber,4.544002390749866,6.333544529870418,3.2976703611343687,0.3437982955107039,0.6846212573036748,-0.735362290597979,1515,repair_2023_80bd866
RB,2023,since2013,10,14729,True,none,C_gbm_mae,4.171430790010014,6.018008856454832,2.853223172467503,0.407553221151948,0.7008979959692506,-0.8363173648998262,1515,repair_2023_80bd866
RB,2023,since2013,10,14729,True,linear,B_gbm_huber,4.5389960270540834,6.314977493413124,3.3515211558242517,0.3476400186984383,0.6843838670322235,-0.7317063504421808,1515,repair_2023_80bd866
RB,2023,since2013,10,14729,True,linear,C_gbm_mae,4.19407898765397,6.032496194141235,2.817288274987785,0.404697357100237,0.697230295877122,-0.9225921163370606,1515,repair_2023_80bd866
RB,2023,since2013,10,14729,True,exponential,B_gbm_huber,4.49901636096771,6.307178691044801,3.194294693374559,0.3492503126516809,0.684974977578876,-0.7955693408015511,1515,repair_2023_80bd866
RB,2023,since2013,10,14729,True,exponential,C_gbm_mae,4.204991797929695,6.022303331471838,2.790033252313924,0.406707374712012,0.695938167103387,-0.8945132352567229,1515,repair_2023_80bd866
RB,2023,all,17,20048,True,,existing_methodology,4.593892751651357,6.091905222035152,3.627162883043333,0.392914341567519,0.6833972388200378,0.5873264481367688,1515,repair_2023_80bd866
RB,2023,all,17,20048,True,none,B_gbm_huber,4.565278628355051,6.36930470665916,3.224294526463205,0.3363673427862931,0.6799492235071645,-0.814590642715484,1515,repair_2023_80bd866
RB,2023,all,17,20048,True,none,C_gbm_mae,4.168663602177607,6.013833247348464,2.8508301602369954,0.4083750770145209,0.700616100051988,-0.9462591843125407,1515,repair_2023_80bd866
RB,2023,all,17,20048,True,linear,B_gbm_huber,4.544871458324732,6.352487185000894,3.338257776237084,0.3398672294433136,0.6806301389517156,-0.8070617410312761,1515,repair_2023_80bd866
RB,2023,all,17,20048,True,linear,C_gbm_mae,4.1677678401739175,6.024655406561929,2.774102073128556,0.4062438506296475,0.7011181820879675,-0.9928526299607084,1515,repair_2023_80bd866
RB,2023,all,17,20048,True,exponential,B_gbm_huber,4.491880632333928,6.304915118162876,3.221050300920682,0.3497173217828986,0.6844391276575829,-0.8303960045608995,1515,repair_2023_80bd866
RB,2023,all,17,20048,True,exponential,C_gbm_mae,4.191283621977813,6.028759723964548,2.8461944166271573,0.4054345781892337,0.6948059907123899,-0.9105890174460628,1515,repair_2023_80bd866
WR,2023,3y,3,7963,True,,existing_methodology,4.273745193220965,6.015866240214055,3.024214764819249,0.3962598756078636,0.6613914513086218,-0.1243157030998134,2812,repair_2023_80bd866
WR,2023,3y,3,7963,True,none,B_gbm_huber,4.3332861542455845,6.303964196592867,2.9269190431354204,0.3370493924054082,0.6586862437297237,-0.9716085817047112,2812,repair_2023_80bd866
WR,2023,3y,3,7963,True,none,C_gbm_mae,4.151666590709468,6.125942205240836,2.8051996608084577,0.3739637411011168,0.6577070637198776,-0.9176097761041908,2812,repair_2023_80bd866
WR,2023,3y,3,7963,True,linear,B_gbm_huber,4.30929735602794,6.349916566922989,2.817652898408465,0.3273490882207764,0.6615558151247479,-1.156315603292002,2812,repair_2023_80bd866
WR,2023,3y,3,7963,True,linear,C_gbm_mae,4.125563115216656,6.155151053583047,2.7540982507908183,0.3679795540478395,0.6609794010994633,-1.1203617478592045,2812,repair_2023_80bd866
WR,2023,3y,3,7963,True,exponential,B_gbm_huber,4.30381948569068,6.345024256539239,2.835222025610218,0.3283851803634763,0.663947115428259,-1.1543030554677116,2812,repair_2023_80bd866
WR,2023,3y,3,7963,True,exponential,C_gbm_mae,4.090646013843725,6.127906468612906,2.674094207994464,0.3735622037697489,0.6671193900800669,-1.1984144928926148,2812,repair_2023_80bd866
WR,2023,5y,5,12825,True,,existing_methodology,4.33598534252267,6.012730555587395,3.137931028796634,0.3968890934678367,0.6630393538108355,0.0913569454814786,2812,repair_2023_80bd866
WR,2023,5y,5,12825,True,none,B_gbm_huber,4.352178058923265,6.289510847536203,2.9258632097788304,0.3400858538728016,0.6645011570110317,-0.8667667667932645,2812,repair_2023_80bd866
WR,2023,5y,5,12825,True,none,C_gbm_mae,4.10849328182773,6.01792003832615,2.725635302243572,0.3958475752216976,0.6704114998293147,-0.7386530788843643,2812,repair_2023_80bd866
WR,2023,5y,5,12825,True,linear,B_gbm_huber,4.324265374374728,6.3041831183536905,2.9796575067735365,0.3370033461938774,0.6662813902064137,-0.9812671765820522,2812,repair_2023_80bd866
WR,2023,5y,5,12825,True,linear,C_gbm_mae,4.109541496572101,6.095991913735157,2.7068598196655573,0.3800702738320877,0.6671462130326459,-1.0438489865225344,2812,repair_2023_80bd866
WR,2023,5y,5,12825,True,exponential,B_gbm_huber,4.310987552814619,6.306917504346738,2.953316380287327,0.3364280831051852,0.6679885707427418,-1.020637150596544,2812,repair_2023_80bd866
WR,2023,5y,5,12825,True,exponential,C_gbm_mae,4.102755707630228,6.091770088328886,2.700473117156896,0.3809286505530774,0.6710767070947793,-1.0528975939354812,2812,repair_2023_80bd866
WR,2023,7y,7,17680,True,,existing_methodology,4.35708299670471,6.019691744924798,3.1828044269652684,0.3954917916973032,0.6618574566876911,0.1374832445815951,2812,repair_2023_80bd866
WR,2023,7y,7,17680,True,none,B_gbm_huber,4.348364482322807,6.276745713752579,2.9737569125795997,0.3427618469786277,0.6657507249775126,-0.8430539691204041,2812,repair_2023_80bd866
WR,2023,7y,7,17680,True,none,C_gbm_mae,4.122355244006271,6.036178847684719,2.7763449647617344,0.3921759283852136,0.6696772637665193,-0.75437050728142,2812,repair_2023_80bd866
WR,2023,7y,7,17680,True,linear,B_gbm_huber,4.33678776996729,6.310144013539306,2.935698949488736,0.3357489657573458,0.6633062245123252,-0.9533270712994576,2812,repair_2023_80bd866
WR,2023,7y,7,17680,True,linear,C_gbm_mae,4.1138937690953785,6.045903973381768,2.79089163022704,0.3902157719672849,0.6698365911636729,-0.8506224881109219,2812,repair_2023_80bd866
WR,2023,7y,7,17680,True,exponential,B_gbm_huber,4.307629996716456,6.3044160735495,2.953369783229648,0.3369543465483922,0.6673870058273101,-1.0478362079474208,2812,repair_2023_80bd866
WR,2023,7y,7,17680,True,exponential,C_gbm_mae,4.111525685034797,6.070255215810952,2.6842365789907427,0.3852937925617257,0.6708990337653405,-0.972341377850458,2812,repair_2023_80bd866
WR,2023,10y,10,24636,True,,existing_methodology,4.362028248942604,6.028826563130897,3.186462747407006,0.3936557300967033,0.6600401451822494,0.1308847518273217,2812,repair_2023_80bd866
WR,2023,10y,10,24636,True,none,B_gbm_huber,4.353616162926708,6.271417115455582,2.9850373053217387,0.3438772885454983,0.6672415586569901,-0.8210911942653826,2812,repair_2023_80bd866
WR,2023,10y,10,24636,True,none,C_gbm_mae,4.077495832636602,6.002586296395656,2.7165578834733166,0.3989224299940174,0.6764714558301814,-0.8151192965045869,2812,repair_2023_80bd866
WR,2023,10y,10,24636,True,linear,B_gbm_huber,4.34527869596359,6.290719913901282,2.962894734300419,0.3398321118226998,0.6647279954430803,-0.8767000325189095,2812,repair_2023_80bd866
WR,2023,10y,10,24636,True,linear,C_gbm_mae,4.0883543999524825,6.023224004676358,2.765876663901249,0.3947821518757234,0.6744948870876637,-0.8242815267918031,2812,repair_2023_80bd866
WR,2023,10y,10,24636,True,exponential,B_gbm_huber,4.314862253093303,6.305147491536946,2.934882653448582,0.3368004887941689,0.6683580579733931,-1.026964725273691,2812,repair_2023_80bd866
WR,2023,10y,10,24636,True,exponential,C_gbm_mae,4.09554416228281,6.05435397478064,2.736878301975443,0.3885100623170785,0.672083060840472,-0.8711593768443645,2812,repair_2023_80bd866
WR,2023,since2013,10,24636,True,,existing_methodology,4.362028248942604,6.028826563130897,3.186462747407006,0.3936557300967033,0.6600401451822494,0.1308847518273217,2812,repair_2023_80bd866
WR,2023,since2013,10,24636,True,none,B_gbm_huber,4.353616162926708,6.271417115455582,2.9850373053217387,0.3438772885454983,0.6672415586569901,-0.8210911942653826,2812,repair_2023_80bd866
WR,2023,since2013,10,24636,True,none,C_gbm_mae,4.077495832636602,6.002586296395656,2.7165578834733166,0.3989224299940174,0.6764714558301814,-0.8151192965045869,2812,repair_2023_80bd866
WR,2023,since2013,10,24636,True,linear,B_gbm_huber,4.34527869596359,6.290719913901282,2.962894734300419,0.3398321118226998,0.6647279954430803,-0.8767000325189095,2812,repair_2023_80bd866
WR,2023,since2013,10,24636,True,linear,C_gbm_mae,4.0883543999524825,6.023224004676358,2.765876663901249,0.3947821518757234,0.6744948870876637,-0.8242815267918031,2812,repair_2023_80bd866
WR,2023,since2013,10,24636,True,exponential,B_gbm_huber,4.314862253093303,6.305147491536946,2.934882653448582,0.3368004887941689,0.6683580579733931,-1.026964725273691,2812,repair_2023_80bd866
WR,2023,since2013,10,24636,True,exponential,C_gbm_mae,4.09554416228281,6.05435397478064,2.736878301975443,0.3885100623170785,0.672083060840472,-0.8711593768443645,2812,repair_2023_80bd866
WR,2023,all,17,32467,True,,existing_methodology,4.366003701362046,6.034627886874031,3.2186524228096896,0.3924882419287901,0.6582208324604384,0.1241818845419203,2812,repair_2023_80bd866
WR,2023,all,17,32467,True,none,B_gbm_huber,4.391378039171977,6.27617934160104,2.9817510340861704,0.3428804513030569,0.665313618018393,-0.7329621743396979,2812,repair_2023_80bd866
WR,2023,all,17,32467,True,none,C_gbm_mae,4.081062964986702,6.026165195608134,2.711447145759973,0.3941909416352581,0.6744486390534628,-0.8299219686292638,2812,repair_2023_80bd866
WR,2023,all,17,32467,True,linear,B_gbm_huber,4.368422758661414,6.280797176556988,2.958774041525837,0.3419131156692646,0.6653376598846434,-0.8185305006159115,2812,repair_2023_80bd866
WR,2023,all,17,32467,True,linear,C_gbm_mae,4.095821070409216,6.015936140650445,2.7376070007346875,0.3962458453945395,0.6715987529569188,-0.7793177627845027,2812,repair_2023_80bd866
WR,2023,all,17,32467,True,exponential,B_gbm_huber,4.296138448188377,6.290741453749138,2.9105273700409318,0.3398275908965067,0.6689327503048076,-1.0326909912870534,2812,repair_2023_80bd866
WR,2023,all,17,32467,True,exponential,C_gbm_mae,4.089145456796656,6.053152368994359,2.728473008489668,0.3887527626731063,0.6732310292978323,-0.917810595614446,2812,repair_2023_80bd866
TE,2023,3y,3,4849,True,,existing_methodology,2.93224146578692,4.281132246043112,1.9788247093721707,0.4234036787480009,0.6480758667321644,0.0168825547320211,1629,repair_TE_80bd866
TE,2023,3y,3,4849,True,none,B_gbm_huber,2.8547579096288627,4.556430690216096,1.5406714620649666,0.3468632559838861,0.6470348498177149,-1.188519888881047,1629,repair_TE_80bd866
TE,2023,3y,3,4849,True,none,C_gbm_mae,2.766213828372911,4.3565828762980905,1.5235660967856353,0.4029007298835005,0.6424267897676956,-0.9011619494745196,1629,repair_TE_80bd866
TE,2023,3y,3,4849,True,linear,B_gbm_huber,2.846939287003275,4.524433951537414,1.52489222901161,0.3560041252279832,0.6537255861449343,-1.1767838802251256,1629,repair_TE_80bd866
TE,2023,3y,3,4849,True,linear,C_gbm_mae,2.767830106047636,4.383968035869028,1.4968846461194507,0.3953704925760036,0.6480206768068728,-0.9863732579975174,1629,repair_TE_80bd866
TE,2023,3y,3,4849,True,exponential,B_gbm_huber,2.849409167474096,4.530054368268449,1.550362306166869,0.354403141157434,0.6526142802493753,-1.1754183006461305,1629,repair_TE_80bd866
TE,2023,3y,3,4849,True,exponential,C_gbm_mae,2.7524753321965907,4.33824942995468,1.5192240549663731,0.4079156024574312,0.6513824576162307,-0.9328824277988308,1629,repair_TE_80bd866
TE,2023,5y,5,7824,True,,existing_methodology,2.9677142898800866,4.272546018775908,2.00358380590278,0.4257141994835853,0.650371145554193,0.1117865121914799,1629,repair_TE_80bd866
TE,2023,5y,5,7824,True,none,B_gbm_huber,2.8704384216327625,4.580091057586202,1.5759745691764324,0.3400625037020518,0.6519580909375363,-1.221937201267231,1629,repair_TE_80bd866
TE,2023,5y,5,7824,True,none,C_gbm_mae,2.7701896513498765,4.38178911808445,1.548072940412594,0.3959713685768402,0.6481237868645182,-0.9541413598525068,1629,repair_TE_80bd866
TE,2023,5y,5,7824,True,linear,B_gbm_huber,2.877309359517614,4.5658804939646505,1.548149614767592,0.3441513023989836,0.6478769671522188,-1.2066964577732986,1629,repair_TE_80bd866
TE,2023,5y,5,7824,True,linear,C_gbm_mae,2.758812250659852,4.380711852924672,1.5401221832116774,0.3962683335814362,0.648061227225687,-0.967750938798203,1629,repair_TE_80bd866
TE,2023,5y,5,7824,True,exponential,B_gbm_huber,2.8697116837221746,4.54668858238487,1.53950417501291,0.3496532144973456,0.6493222845330708,-1.190025376457952,1629,repair_TE_80bd866
TE,2023,5y,5,7824,True,exponential,C_gbm_mae,2.7594535845635795,4.368115286017713,1.525295242225067,0.3997353557097319,0.6519969484145146,-0.9858227047071916,1629,repair_TE_80bd866
TE,2023,7y,7,10785,True,,existing_methodology,2.9755984119662173,4.271432264631614,2.0025880367849584,0.4260135665688431,0.6507244767477274,0.1366345037254624,1629,repair_TE_80bd866
TE,2023,7y,7,10785,True,none,B_gbm_huber,2.8541261326412184,4.546570057834276,1.4988995011628623,0.3496871209566883,0.6550384976634375,-1.1980010979818534,1629,repair_TE_80bd866
TE,2023,7y,7,10785,True,none,C_gbm_mae,2.7493153102358083,4.348210503323856,1.550700307431008,0.4051935058156141,0.6591710405241691,-0.937026584048682,1629,repair_TE_80bd866
TE,2023,7y,7,10785,True,linear,B_gbm_huber,2.855181486665832,4.543230162963149,1.5385933994214465,0.3506422052766941,0.6540688933361613,-1.1917441953223544,1629,repair_TE_80bd866
TE,2023,7y,7,10785,True,linear,C_gbm_mae,2.7550382395959643,4.346862855537781,1.551907473190941,0.4055621473224778,0.6578597679801216,-0.9346150923507665,1629,repair_TE_80bd866
TE,2023,7y,7,10785,True,exponential,B_gbm_huber,2.8582088430367936,4.5310355918369165,1.5721548751657717,0.3541234343775979,0.652234330444379,-1.163750200815629,1629,repair_TE_80bd866
TE,2023,7y,7,10785,True,exponential,C_gbm_mae,2.757669304541383,4.397764807959705,1.5344003721752095,0.3915588489305913,0.6514056504336772,-1.046405451696425,1629,repair_TE_80bd866
TE,2023,10y,10,15122,True,,existing_methodology,2.9838762821720186,4.274379934866449,2.006584223322512,0.4252210892876144,0.6484049907400339,0.1444095344350318,1629,repair_TE_80bd866
TE,2023,10y,10,15122,True,none,B_gbm_huber,2.858131159269089,4.563671157064275,1.503775898367393,0.3447858525857378,0.6560623711005398,-1.1945638053151548,1629,repair_TE_80bd866
TE,2023,10y,10,15122,True,none,C_gbm_mae,2.71911283413223,4.317974187494186,1.535941787651912,0.4134370010923349,0.6607079204754632,-0.9482460197544617,1629,repair_TE_80bd866
TE,2023,10y,10,15122,True,linear,B_gbm_huber,2.8455886182069974,4.545253614937992,1.5041291416672775,0.3500636579147893,0.659243861058149,-1.201583739523829,1629,repair_TE_80bd866
TE,2023,10y,10,15122,True,linear,C_gbm_mae,2.726833840603546,4.334211015813105,1.5115015139800874,0.4090174151266502,0.6617601668578912,-0.9573589740196792,1629,repair_TE_80bd866
TE,2023,10y,10,15122,True,exponential,B_gbm_huber,2.8759566262452894,4.576204272329228,1.5726247621141392,0.341182108932956,0.6528436007567495,-1.220020315326125,1629,repair_TE_80bd866
TE,2023,10y,10,15122,True,exponential,C_gbm_mae,2.767491768693038,4.372420363996619,1.5573241321282074,0.3985515684793557,0.6473032793093827,-0.9632705010061628,1629,repair_TE_80bd866
TE,2023,since2013,10,15122,True,,existing_methodology,2.9838762821720186,4.274379934866449,2.006584223322512,0.4252210892876144,0.6484049907400339,0.1444095344350318,1629,repair_TE_80bd866
TE,2023,since2013,10,15122,True,none,B_gbm_huber,2.858131159269089,4.563671157064275,1.503775898367393,0.3447858525857378,0.6560623711005398,-1.1945638053151548,1629,repair_TE_80bd866
TE,2023,since2013,10,15122,True,none,C_gbm_mae,2.71911283413223,4.317974187494186,1.535941787651912,0.4134370010923349,0.6607079204754632,-0.9482460197544617,1629,repair_TE_80bd866
TE,2023,since2013,10,15122,True,linear,B_gbm_huber,2.8455886182069974,4.545253614937992,1.5041291416672775,0.3500636579147893,0.659243861058149,-1.201583739523829,1629,repair_TE_80bd866
TE,2023,since2013,10,15122,True,linear,C_gbm_mae,2.726833840603546,4.334211015813105,1.5115015139800874,0.4090174151266502,0.6617601668578912,-0.9573589740196792,1629,repair_TE_80bd866
TE,2023,since2013,10,15122,True,exponential,B_gbm_huber,2.8759566262452894,4.576204272329228,1.5726247621141392,0.341182108932956,0.6528436007567495,-1.220020315326125,1629,repair_TE_80bd866
TE,2023,since2013,10,15122,True,exponential,C_gbm_mae,2.767491768693038,4.372420363996619,1.5573241321282074,0.3985515684793557,0.6473032793093827,-0.9632705010061628,1629,repair_TE_80bd866
TE,2023,all,17,19136,True,,existing_methodology,2.987588934757155,4.278500931400545,2.0203338628333407,0.4241122483483358,0.6466355413530709,0.1462168012713544,1629,repair_TE_80bd866
TE,2023,all,17,19136,True,none,B_gbm_huber,2.843856786967842,4.529365728156059,1.5404864346732756,0.3545994081623708,0.6568647975692623,-1.1271331259086053,1629,repair_TE_80bd866
TE,2023,all,17,19136,True,none,C_gbm_mae,2.7421857909372465,4.36413089880068,1.506271783564205,0.4008299220512753,0.6552089480511566,-0.9974120664488606,1629,repair_TE_80bd866
TE,2023,all,17,19136,True,linear,B_gbm_huber,2.845105531358497,4.562109101545191,1.530980150595945,0.3452343098391957,0.6614080873915164,-1.2088519516971457,1629,repair_TE_80bd866
TE,2023,all,17,19136,True,linear,C_gbm_mae,2.7278297476638897,4.350974401765817,1.5134525715831442,0.4044370993661651,0.659875258543363,-0.9871349431427509,1629,repair_TE_80bd866
TE,2023,all,17,19136,True,exponential,B_gbm_huber,2.8722892417672456,4.591029544569931,1.5171138506648254,0.3369065237268276,0.6536165112786014,-1.2601919149182372,1629,repair_TE_80bd866
TE,2023,all,17,19136,True,exponential,C_gbm_mae,2.745194420893556,4.3618489742943884,1.533564206736123,0.4014563484615302,0.65673280963827,-0.9599943062428218,1629,repair_TE_80bd866
TE,2024,3y,3,4931,True,,existing_methodology,2.9181938728925605,4.273277176605824,1.8791085427385947,0.4203121000679428,0.657487941659884,-0.05056946266714,1684,repair_TE_80bd866
TE,2024,3y,3,4931,True,none,B_gbm_huber,2.856770522144271,4.559722768578747,1.4720568417842743,0.3399923256891239,0.6606171896376026,-1.1570949491051483,1684,repair_TE_80bd866
TE,2024,3y,3,4931,True,none,C_gbm_mae,2.813470999003374,4.410379898088389,1.553752719400601,0.3825182749839274,0.6449119658448811,-0.9122346115382756,1684,repair_TE_80bd866
TE,2024,3y,3,4931,True,linear,B_gbm_huber,2.891907261534246,4.57334133207255,1.531718472682455,0.3360439368607402,0.6513396230930348,-1.1086358530065488,1684,repair_TE_80bd866
TE,2024,3y,3,4931,True,linear,C_gbm_mae,2.805697401823511,4.409243442311268,1.5516850478690944,0.3828364563100148,0.6503563427768838,-0.9248108380791744,1684,repair_TE_80bd866
TE,2024,3y,3,4931,True,exponential,B_gbm_huber,2.8897797795849924,4.565370028650562,1.535613846894242,0.3383564617195245,0.6517852906450614,-1.090122577708151,1684,repair_TE_80bd866
TE,2024,3y,3,4931,True,exponential,C_gbm_mae,2.8131902752022144,4.432360564784411,1.4925970949366696,0.3763480663644095,0.6495628014744821,-0.9879450710224856,1684,repair_TE_80bd866
TE,2024,5y,5,7912,True,,existing_methodology,2.918778283953198,4.257411142347423,1.9602703706700304,0.4246086965751763,0.6629283803810619,0.0209344158082654,1684,repair_TE_80bd866
TE,2024,5y,5,7912,True,none,B_gbm_huber,2.8500901481083174,4.536955690870407,1.5168593354002726,0.3465668183142686,0.6606637060166062,-1.1103087273708547,1684,repair_TE_80bd866
TE,2024,5y,5,7912,True,none,C_gbm_mae,2.752555315905424,4.347190797241314,1.4880557374492969,0.4000852885278941,0.6565279700690967,-0.8824160492942335,1684,repair_TE_80bd866
TE,2024,5y,5,7912,True,linear,B_gbm_huber,2.859922933477168,4.557424242788699,1.4649278942441888,0.3406575688944542,0.6571527366987868,-1.1482888785553618,1684,repair_TE_80bd866
TE,2024,5y,5,7912,True,linear,C_gbm_mae,2.764345230155448,4.38269305990316,1.5024477817049369,0.3902466136966315,0.6531954883078293,-0.9485273848772084,1684,repair_TE_80bd866
TE,2024,5y,5,7912,True,exponential,B_gbm_huber,2.857551949330162,4.540051523524954,1.4960387444966952,0.3456747620112802,0.6575226151268598,-1.129165680664227,1684,repair_TE_80bd866
TE,2024,5y,5,7912,True,exponential,C_gbm_mae,2.7981969600827394,4.42630665256638,1.526995422384635,0.3780505251832651,0.6511029666989758,-0.9874499408424572,1684,repair_TE_80bd866
TE,2024,7y,7,10978,True,,existing_methodology,2.940030758717711,4.260995203482882,1.9979439820561904,0.4236395133899595,0.6644467574316518,0.0662686674101772,1684,repair_TE_80bd866
TE,2024,7y,7,10978,True,none,B_gbm_huber,2.847128154045422,4.541411385206059,1.4901031406287109,0.3452827289820398,0.6611782645351214,-1.1417367391109756,1684,repair_TE_80bd866
TE,2024,7y,7,10978,True,none,C_gbm_mae,2.739926502870793,4.357319332696852,1.503146450371392,0.3972865450375894,0.6584923745951571,-0.885146792925507,1684,repair_TE_80bd866
TE,2024,7y,7,10978,True,linear,B_gbm_huber,2.8445028791116824,4.533047750077413,1.487110510970565,0.3476920126464443,0.6634756718751735,-1.1259206132852833,1684,repair_TE_80bd866
TE,2024,7y,7,10978,True,linear,C_gbm_mae,2.7594380349244045,4.386663571811288,1.5004318377460426,0.389141297983773,0.6575638057147809,-0.9444032613242358,1684,repair_TE_80bd866
TE,2024,7y,7,10978,True,exponential,B_gbm_huber,2.8551123427316925,4.554985861752362,1.4510483957787903,0.3413629225764969,0.6602896589036089,-1.1473491247061356,1684,repair_TE_80bd866
TE,2024,7y,7,10978,True,exponential,C_gbm_mae,2.8170568231620083,4.430551111168765,1.5811364118871094,0.3768571580270921,0.6391616007058918,-0.9872589271070986,1684,repair_TE_80bd866
TE,2024,10y,10,15297,True,,existing_methodology,2.9432883109333625,4.268605552410978,2.0119635642655336,0.421578857941872,0.6648562714210581,0.061858425766064,1684,repair_TE_80bd866
TE,2024,10y,10,15297,True,none,B_gbm_huber,2.853781272242609,4.562028508606133,1.49749596082846,0.3393246575170355,0.6614329022317031,-1.1537724501054614,1684,repair_TE_80bd866
TE,2024,10y,10,15297,True,none,C_gbm_mae,2.7533074355616414,4.372967415265263,1.4814031224196804,0.3929498214097102,0.6519325825808097,-0.9250053713886216,1684,repair_TE_80bd866
TE,2024,10y,10,15297,True,linear,B_gbm_huber,2.8406023544009336,4.53341049290491,1.5051978043454928,0.3475876106969553,0.6634841909181469,-1.137250423119747,1684,repair_TE_80bd866
TE,2024,10y,10,15297,True,linear,C_gbm_mae,2.756735086219775,4.377225138536309,1.4877496782516983,0.3917671416891903,0.6553729688532255,-0.9698752963569686,1684,repair_TE_80bd866
TE,2024,10y,10,15297,True,exponential,B_gbm_huber,2.854193132165668,4.54892771179883,1.466072568155779,0.3431137375566291,0.6618680161308094,-1.1519611197350743,1684,repair_TE_80bd866
TE,2024,10y,10,15297,True,exponential,C_gbm_mae,2.7892359608217148,4.42032289781202,1.4946367612796811,0.3797309679899154,0.6510811219303768,-1.0131606659227994,1684,repair_TE_80bd866
TE,2024,since2013,11,16751,True,,existing_methodology,2.944319597569646,4.269298416380615,2.019588097455694,0.4213910684217601,0.6647187480298983,0.0623680364612632,1684,repair_TE_80bd866
TE,2024,since2013,11,16751,True,none,B_gbm_huber,2.845706093270421,4.536113950597181,1.4698209467717454,0.3468092584171603,0.664301744617552,-1.1592894105088398,1684,repair_TE_80bd866
TE,2024,since2013,11,16751,True,none,C_gbm_mae,2.738290008754925,4.367199803937117,1.4978909074947924,0.39455007141245,0.6585834062571844,-0.9638109279225012,1684,repair_TE_80bd866
TE,2024,since2013,11,16751,True,linear,B_gbm_huber,2.8348215403897625,4.525056349914277,1.4684629948223662,0.349989918832963,0.6648829386635393,-1.134622371642412,1684,repair_TE_80bd866
TE,2024,since2013,11,16751,True,linear,C_gbm_mae,2.7642879017838267,4.376838053024173,1.498005282994808,0.3918747110784303,0.6530513683912031,-0.9445751348134426,1684,repair_TE_80bd866
TE,2024,since2013,11,16751,True,exponential,B_gbm_huber,2.8570424251687374,4.56459710895654,1.4361774970965937,0.3385804759957057,0.6616550435822499,-1.1755374013595876,1684,repair_TE_80bd866
TE,2024,since2013,11,16751,True,exponential,C_gbm_mae,2.800331165277089,4.450721250848768,1.471967448835824,0.3711705119033525,0.6487910064039633,-1.0833126261233696,1684,repair_TE_80bd866
TE,2024,all,18,20765,True,,existing_methodology,2.9461027488390856,4.272424673086712,2.001762408657336,0.4205433683241734,0.6637775891941936,0.0593465300088211,1684,repair_TE_80bd866
TE,2024,all,18,20765,True,none,B_gbm_huber,2.8599238138592904,4.539086578150933,1.5682047553314815,0.3459528738390515,0.6602288237159964,-1.1043692841998556,1684,repair_TE_80bd866
TE,2024,all,18,20765,True,none,C_gbm_mae,2.749019270104972,4.383660177350546,1.5025816672671486,0.389977478626225,0.6604285468285753,-0.954912240463934,1684,repair_TE_80bd866
TE,2024,all,18,20765,True,linear,B_gbm_huber,2.8464005273985595,4.543988494010616,1.5141967966881238,0.3445394550351971,0.658954424313338,-1.1466249640161492,1684,repair_TE_80bd866
TE,2024,all,18,20765,True,linear,C_gbm_mae,2.749505832788913,4.375118140985461,1.5349021647674157,0.3923525521551442,0.6611207221072256,-0.9649877064329996,1684,repair_TE_80bd866
TE,2024,all,18,20765,True,exponential,B_gbm_huber,2.848833193296654,4.558113634101721,1.446413779595943,0.3404580793147749,0.6642748133243108,-1.183508268756049,1684,repair_TE_80bd866
TE,2024,all,18,20765,True,exponential,C_gbm_mae,2.7959990554554146,4.424023600260489,1.5155423336490663,0.3786919524934758,0.6502402739906755,-0.9792031053203714,1684,repair_TE_80bd866
TE,2025,3y,3,4986,True,,existing_methodology,3.0002394841741538,4.497321852701023,1.8883273453972984,0.4145865704624748,0.6803490959942274,-0.0124170835550629,1688,repair_TE_80bd866
TE,2025,3y,3,4986,True,none,B_gbm_huber,2.964637864436163,4.877494154082612,1.5544257355338555,0.3114297453045518,0.6660390064570718,-1.3537055335281316,1688,repair_TE_80bd866
TE,2025,3y,3,4986,True,none,C_gbm_mae,2.8827525807619425,4.668321990740066,1.5819201134239012,0.369222273865685,0.6544565473249221,-1.0393752401362724,1688,repair_TE_80bd866
TE,2025,3y,3,4986,True,linear,B_gbm_huber,2.977023411208559,4.8525809736014,1.50660415955965,0.3184459154209706,0.6614716582769421,-1.2675007928795838,1688,repair_TE_80bd866
TE,2025,3y,3,4986,True,linear,C_gbm_mae,2.874904717257288,4.667653569818289,1.598501644147848,0.3694028933025456,0.6595337561049978,-1.1289105023402757,1688,repair_TE_80bd866
TE,2025,3y,3,4986,True,exponential,B_gbm_huber,2.978277195603681,4.858928945675937,1.542780890350073,0.3166615799521937,0.6637974080141091,-1.287259922416235,1688,repair_TE_80bd866
TE,2025,3y,3,4986,True,exponential,C_gbm_mae,2.873769365088678,4.673310927731163,1.516733419978905,0.3678733558366466,0.6605460452499684,-1.1070339828292752,1688,repair_TE_80bd866
TE,2025,5y,5,8162,True,,existing_methodology,2.9915940297848693,4.495240807373677,1.90722293814789,0.4151282217191911,0.6812082263264492,-0.0483511355460906,1688,repair_TE_80bd866
TE,2025,5y,5,8162,True,none,B_gbm_huber,2.941346325576014,4.836804278983652,1.5504344251897444,0.3228704438083594,0.6678580542296862,-1.3372489306398887,1688,repair_TE_80bd866
TE,2025,5y,5,8162,True,none,C_gbm_mae,2.8467080143762056,4.640587765215378,1.5999369052024237,0.3766948372171269,0.6682752384627897,-1.0617996901565063,1688,repair_TE_80bd866
TE,2025,5y,5,8162,True,linear,B_gbm_huber,2.9403413594074825,4.843250017418988,1.5139777874856974,0.3210644959207698,0.668004591574771,-1.3700750514769573,1688,repair_TE_80bd866
TE,2025,5y,5,8162,True,linear,C_gbm_mae,2.9332237978521003,4.759751869332293,1.6414069145840413,0.3442725431860892,0.6187781936092025,-1.3086705738728996,1688,repair_TE_80bd866
TE,2025,5y,5,8162,True,exponential,B_gbm_huber,2.9457378390412816,4.844342727571124,1.5191941446770922,0.3207581052100264,0.6688100877665686,-1.3744349079521736,1688,repair_TE_80bd866
TE,2025,5y,5,8162,True,exponential,C_gbm_mae,2.875090725693996,4.693860965998278,1.563602188187958,0.362301807949927,0.6553687723561089,-1.2173073903144709,1688,repair_TE_80bd866
TE,2025,7y,7,11137,True,,existing_methodology,3.0059370922450546,4.491891631808954,1.9246640839257632,0.4159994135581957,0.6824647468790963,0.0045739934163093,1688,repair_TE_80bd866
TE,2025,7y,7,11137,True,none,B_gbm_huber,2.9320630928061586,4.834798348465138,1.5270965781294732,0.3234319687781544,0.6734554042495459,-1.3445218229207756,1688,repair_TE_80bd866
TE,2025,7y,7,11137,True,none,C_gbm_mae,2.835610710533261,4.627119201061998,1.5320741254874757,0.3803076739465839,0.668431571858839,-1.020321826964768,1688,repair_TE_80bd866
TE,2025,7y,7,11137,True,linear,B_gbm_huber,2.9473484492339006,4.85162927686454,1.542827910414122,0.3187132243834842,0.6671069060959557,-1.341489380367086,1688,repair_TE_80bd866
TE,2025,7y,7,11137,True,linear,C_gbm_mae,2.884363398114264,4.719520966441314,1.553720266679743,0.3553105217329823,0.6511351722651492,-1.2653311589949223,1688,repair_TE_80bd866
TE,2025,7y,7,11137,True,exponential,B_gbm_huber,2.954047698986408,4.859639678308642,1.56310584094278,0.3164616567015613,0.6665992316158068,-1.373043641494874,1688,repair_TE_80bd866
TE,2025,7y,7,11137,True,exponential,C_gbm_mae,2.860314892974847,4.687071603554433,1.565482310298905,0.3641452511074761,0.6627497203370832,-1.200251350335129,1688,repair_TE_80bd866
TE,2025,10y,10,15554,True,,existing_methodology,3.009154439564119,4.489397663876689,1.9279417016138216,0.4166477259061172,0.6845415240959164,0.0262735009286136,1688,repair_TE_80bd866
TE,2025,10y,10,15554,True,none,B_gbm_huber,2.9319376921538964,4.816940476815806,1.5268341160618857,0.3284206987979343,0.6747135985373325,-1.330952616322885,1688,repair_TE_80bd866
TE,2025,10y,10,15554,True,none,C_gbm_mae,2.8232903406065453,4.617585496218256,1.5382897690985435,0.3828586682465855,0.6734056351983702,-1.0279154753259512,1688,repair_TE_80bd866
TE,2025,10y,10,15554,True,linear,B_gbm_huber,2.930870782978127,4.8242989552102085,1.536680228385366,0.326367288999062,0.6711467539183719,-1.3316699332908868,1688,repair_TE_80bd866
TE,2025,10y,10,15554,True,linear,C_gbm_mae,2.838447892139544,4.623440437964047,1.5369072629942375,0.381292647503913,0.666018627400027,-1.0267343204594637,1688,repair_TE_80bd866
TE,2025,10y,10,15554,True,exponential,B_gbm_huber,2.947771665500482,4.837448003209022,1.555189754490754,0.3226901951650133,0.6672694335014987,-1.335935556191142,1688,repair_TE_80bd866
TE,2025,10y,10,15554,True,exponential,C_gbm_mae,2.870753302464093,4.6555203019948985,1.6184371325380735,0.3726770262526446,0.6596540900047576,-1.1457306539200025,1688,repair_TE_80bd866
TE,2025,since2013,12,18435,True,,existing_methodology,3.0085386171954025,4.48823725959088,1.927603800899852,0.4169492527678916,0.6853612751983936,0.0304200603899661,1688,repair_TE_80bd866
TE,2025,since2013,12,18435,True,none,B_gbm_huber,2.928758983229242,4.820986487490885,1.5364048942870248,0.3272920329137706,0.6759699996409569,-1.3157837186836665,1688,repair_TE_80bd866
TE,2025,since2013,12,18435,True,none,C_gbm_mae,2.8306276441709968,4.637786750015091,1.560585296783079,0.3774470524205044,0.6753551366102749,-1.06134486355611,1688,repair_TE_80bd866
TE,2025,since2013,12,18435,True,linear,B_gbm_huber,2.935082490255159,4.828368426021335,1.5375648915377729,0.3252303425182244,0.6707132697925561,-1.320847617632784,1688,repair_TE_80bd866
TE,2025,since2013,12,18435,True,linear,C_gbm_mae,2.8340393043140764,4.618634371586907,1.5616974647286264,0.3825782715503767,0.6712168888190073,-1.0279353722350102,1688,repair_TE_80bd866
TE,2025,since2013,12,18435,True,exponential,B_gbm_huber,2.9568099167899526,4.8432860110759215,1.5604822438805737,0.321054404572055,0.6670825038862713,-1.329311571649302,1688,repair_TE_80bd866
TE,2025,since2013,12,18435,True,exponential,C_gbm_mae,2.855035274315292,4.625734542222393,1.578705465632377,0.3806785025476379,0.670031660948393,-1.056241640358832,1688,repair_TE_80bd866
TE,2025,all,19,22449,True,,existing_methodology,3.010854347269117,4.488422588173079,1.9466574817607525,0.416901101035703,0.6846557031028555,0.0338123901325948,1688,repair_TE_80bd866
TE,2025,all,19,22449,True,none,B_gbm_huber,2.934997757865735,4.813794868036371,1.6161888239518318,0.3292975358625811,0.6756396948688614,-1.2734868820152403,1688,repair_TE_80bd866
TE,2025,all,19,22449,True,none,C_gbm_mae,2.802230756273225,4.6458427555074335,1.5410382592903966,0.3752823794388668,0.6775011639266314,-1.1364123605401166,1688,repair_TE_80bd866
TE,2025,all,19,22449,True,linear,B_gbm_huber,2.931090162443285,4.826059072875133,1.566948955158599,0.3258756573077992,0.6723928794092289,-1.321146130300417,1688,repair_TE_80bd866
TE,2025,all,19,22449,True,linear,C_gbm_mae,2.808456227289795,4.625391964640261,1.5017876024553038,0.3807702318947621,0.6748700733694452,-1.1058002229549246,1688,repair_TE_80bd866
TE,2025,all,19,22449,True,exponential,B_gbm_huber,2.9453582722358984,4.8293476781288405,1.602432944227847,0.324956611701958,0.6696180999351011,-1.3482073963407435,1688,repair_TE_80bd866
TE,2025,all,19,22449,True,exponential,C_gbm_mae,2.859300846310308,4.639645179517508,1.5673721255739084,0.3769480201731882,0.6669866213589745,-1.056274377117025,1688,repair_TE_80bd866
