position,season,window,actual_years,n_train_rows,receiving_floor,weighting,model,mae,rmse,medae,r2,spearman,bias,n
TE,2023,3y,3,4849,True,n/a,existing_methodology,2.93224146578692,4.281132246043112,1.9788247093721707,0.4234036787480009,0.6480758667321644,0.01688255473202111,1629
TE,2023,3y,3,4849,True,none,B_gbm_huber,2.8547579096288627,4.556430690216096,1.5406714620649666,0.3468632559838861,0.6470348498177149,-1.1885198888810473,1629
TE,2023,3y,3,4849,True,none,C_gbm_mae,2.766213828372911,4.3565828762980905,1.5235660967856353,0.40290072988350056,0.6424267897676956,-0.9011619494745196,1629
TE,2023,3y,3,4849,True,linear,B_gbm_huber,2.846939287003275,4.524433951537414,1.52489222901161,0.3560041252279832,0.6537255861449343,-1.1767838802251256,1629
TE,2023,3y,3,4849,True,linear,C_gbm_mae,2.767830106047636,4.383968035869028,1.4968846461194507,0.39537049257600365,0.6480206768068728,-0.9863732579975174,1629
TE,2023,3y,3,4849,True,exponential,B_gbm_huber,2.8494091674740956,4.530054368268449,1.550362306166869,0.354403141157434,0.6526142802493753,-1.1754183006461303,1629
TE,2023,3y,3,4849,True,exponential,C_gbm_mae,2.7524753321965907,4.33824942995468,1.5192240549663731,0.4079156024574312,0.6513824576162307,-0.9328824277988307,1629
TE,2023,5y,5,7824,True,n/a,existing_methodology,2.9677142898800866,4.272546018775908,2.00358380590278,0.42571419948358535,0.650371145554193,0.1117865121914799,1629
TE,2023,5y,5,7824,True,none,B_gbm_huber,2.8704384216327625,4.580091057586202,1.5759745691764324,0.3400625037020518,0.6519580909375363,-1.221937201267231,1629
TE,2023,5y,5,7824,True,none,C_gbm_mae,2.7701896513498765,4.38178911808445,1.5480729404125941,0.39597136857684023,0.6481237868645182,-0.9541413598525067,1629
TE,2023,5y,5,7824,True,linear,B_gbm_huber,2.877309359517614,4.5658804939646505,1.548149614767592,0.3441513023989836,0.6478769671522188,-1.2066964577732986,1629
TE,2023,5y,5,7824,True,linear,C_gbm_mae,2.758812250659852,4.380711852924672,1.5401221832116774,0.3962683335814362,0.648061227225687,-0.967750938798203,1629
TE,2023,5y,5,7824,True,exponential,B_gbm_huber,2.8697116837221746,4.54668858238487,1.5395041750129101,0.34965321449734565,0.6493222845330708,-1.190025376457952,1629
TE,2023,5y,5,7824,True,exponential,C_gbm_mae,2.7594535845635795,4.368115286017713,1.525295242225067,0.39973535570973195,0.6519969484145146,-0.9858227047071917,1629
TE,2023,7y,7,10785,True,n/a,existing_methodology,2.9755984119662173,4.271432264631614,2.0025880367849584,0.42601356656884315,0.6507244767477274,0.1366345037254624,1629
TE,2023,7y,7,10785,True,none,B_gbm_huber,2.8541261326412184,4.546570057834276,1.4988995011628625,0.3496871209566883,0.6550384976634375,-1.1980010979818534,1629
TE,2023,7y,7,10785,True,none,C_gbm_mae,2.7493153102358083,4.348210503323856,1.550700307431008,0.4051935058156141,0.6591710405241691,-0.937026584048682,1629
TE,2023,7y,7,10785,True,linear,B_gbm_huber,2.8551814866658316,4.543230162963149,1.5385933994214465,0.3506422052766941,0.6540688933361613,-1.1917441953223544,1629
TE,2023,7y,7,10785,True,linear,C_gbm_mae,2.7550382395959643,4.346862855537781,1.551907473190941,0.40556214732247786,0.6578597679801216,-0.9346150923507665,1629
TE,2023,7y,7,10785,True,exponential,B_gbm_huber,2.8582088430367936,4.5310355918369165,1.5721548751657717,0.35412343437759797,0.652234330444379,-1.163750200815629,1629
TE,2023,7y,7,10785,True,exponential,C_gbm_mae,2.757669304541383,4.397764807959705,1.5344003721752095,0.39155884893059134,0.6514056504336772,-1.046405451696425,1629
TE,2023,10y,10,15122,True,n/a,existing_methodology,2.9838762821720186,4.274379934866449,2.0065842233225117,0.4252210892876144,0.6484049907400339,0.14440953443503188,1629
TE,2023,10y,10,15122,True,none,B_gbm_huber,2.8581311592690892,4.563671157064275,1.503775898367393,0.3447858525857378,0.6560623711005398,-1.1945638053151548,1629
TE,2023,10y,10,15122,True,none,C_gbm_mae,2.71911283413223,4.317974187494186,1.535941787651912,0.41343700109233494,0.6607079204754632,-0.9482460197544615,1629
TE,2023,10y,10,15122,True,linear,B_gbm_huber,2.8455886182069974,4.545253614937992,1.5041291416672777,0.35006365791478933,0.659243861058149,-1.2015837395238287,1629
TE,2023,10y,10,15122,True,linear,C_gbm_mae,2.726833840603546,4.334211015813105,1.5115015139800874,0.40901741512665024,0.6617601668578912,-0.9573589740196793,1629
TE,2023,10y,10,15122,True,exponential,B_gbm_huber,2.8759566262452894,4.576204272329228,1.5726247621141392,0.341182108932956,0.6528436007567495,-1.2200203153261253,1629
TE,2023,10y,10,15122,True,exponential,C_gbm_mae,2.767491768693038,4.372420363996619,1.5573241321282074,0.3985515684793557,0.6473032793093827,-0.9632705010061627,1629
TE,2023,since2013,10,15122,True,n/a,existing_methodology,2.9838762821720186,4.274379934866449,2.0065842233225117,0.4252210892876144,0.6484049907400339,0.14440953443503188,1629
TE,2023,since2013,10,15122,True,none,B_gbm_huber,2.8581311592690892,4.563671157064275,1.503775898367393,0.3447858525857378,0.6560623711005398,-1.1945638053151548,1629
TE,2023,since2013,10,15122,True,none,C_gbm_mae,2.71911283413223,4.317974187494186,1.535941787651912,0.41343700109233494,0.6607079204754632,-0.9482460197544615,1629
TE,2023,since2013,10,15122,True,linear,B_gbm_huber,2.8455886182069974,4.545253614937992,1.5041291416672777,0.35006365791478933,0.659243861058149,-1.2015837395238287,1629
TE,2023,since2013,10,15122,True,linear,C_gbm_mae,2.726833840603546,4.334211015813105,1.5115015139800874,0.40901741512665024,0.6617601668578912,-0.9573589740196793,1629
TE,2023,since2013,10,15122,True,exponential,B_gbm_huber,2.8759566262452894,4.576204272329228,1.5726247621141392,0.341182108932956,0.6528436007567495,-1.2200203153261253,1629
TE,2023,since2013,10,15122,True,exponential,C_gbm_mae,2.767491768693038,4.372420363996619,1.5573241321282074,0.3985515684793557,0.6473032793093827,-0.9632705010061627,1629
TE,2023,all,17,19136,True,n/a,existing_methodology,2.987588934757155,4.278500931400545,2.0203338628333407,0.42411224834833583,0.6466355413530709,0.14621680127135447,1629
TE,2023,all,17,19136,True,none,B_gbm_huber,2.843856786967842,4.529365728156059,1.5404864346732756,0.3545994081623708,0.6568647975692623,-1.1271331259086053,1629
TE,2023,all,17,19136,True,none,C_gbm_mae,2.7421857909372465,4.3641308988006795,1.506271783564205,0.4008299220512753,0.6552089480511566,-0.9974120664488606,1629
TE,2023,all,17,19136,True,linear,B_gbm_huber,2.845105531358497,4.562109101545191,1.530980150595945,0.3452343098391957,0.6614080873915164,-1.2088519516971457,1629
TE,2023,all,17,19136,True,linear,C_gbm_mae,2.7278297476638897,4.350974401765817,1.5134525715831442,0.4044370993661651,0.659875258543363,-0.9871349431427509,1629
TE,2023,all,17,19136,True,exponential,B_gbm_huber,2.8722892417672456,4.591029544569931,1.5171138506648254,0.3369065237268276,0.6536165112786014,-1.2601919149182372,1629
TE,2023,all,17,19136,True,exponential,C_gbm_mae,2.745194420893556,4.3618489742943884,1.533564206736123,0.4014563484615302,0.65673280963827,-0.9599943062428218,1629
TE,2024,3y,3,4931,True,n/a,existing_methodology,2.9181938728925605,4.2732771766058235,1.8791085427385947,0.42031210006794284,0.657487941659884,-0.050569462667140075,1684
TE,2024,3y,3,4931,True,none,B_gbm_huber,2.856770522144271,4.559722768578747,1.4720568417842745,0.33999232568912396,0.6606171896376026,-1.1570949491051483,1684
TE,2024,3y,3,4931,True,none,C_gbm_mae,2.813470999003374,4.410379898088389,1.5537527194006007,0.38251827498392743,0.6449119658448811,-0.9122346115382756,1684
TE,2024,3y,3,4931,True,linear,B_gbm_huber,2.891907261534246,4.57334133207255,1.531718472682455,0.3360439368607402,0.6513396230930348,-1.1086358530065488,1684
TE,2024,3y,3,4931,True,linear,C_gbm_mae,2.805697401823511,4.409243442311268,1.5516850478690944,0.38283645631001484,0.6503563427768838,-0.9248108380791744,1684
TE,2024,3y,3,4931,True,exponential,B_gbm_huber,2.8897797795849924,4.565370028650562,1.535613846894242,0.3383564617195245,0.6517852906450614,-1.090122577708151,1684
TE,2024,3y,3,4931,True,exponential,C_gbm_mae,2.8131902752022144,4.432360564784411,1.4925970949366696,0.37634806636440954,0.6495628014744821,-0.9879450710224855,1684
TE,2024,5y,5,7912,True,n/a,existing_methodology,2.918778283953198,4.257411142347423,1.9602703706700302,0.4246086965751763,0.6629283803810619,0.020934415808265404,1684
TE,2024,5y,5,7912,True,none,B_gbm_huber,2.8500901481083174,4.536955690870407,1.5168593354002726,0.3465668183142686,0.6606637060166062,-1.1103087273708547,1684
TE,2024,5y,5,7912,True,none,C_gbm_mae,2.7525553159054237,4.347190797241314,1.4880557374492969,0.40008528852789416,0.6565279700690967,-0.8824160492942335,1684
TE,2024,5y,5,7912,True,linear,B_gbm_huber,2.8599229334771676,4.557424242788699,1.4649278942441888,0.3406575688944542,0.6571527366987868,-1.1482888785553618,1684
TE,2024,5y,5,7912,True,linear,C_gbm_mae,2.764345230155448,4.38269305990316,1.5024477817049369,0.3902466136966315,0.6531954883078293,-0.9485273848772083,1684
TE,2024,5y,5,7912,True,exponential,B_gbm_huber,2.857551949330162,4.540051523524954,1.4960387444966952,0.3456747620112802,0.6575226151268598,-1.129165680664227,1684
TE,2024,5y,5,7912,True,exponential,C_gbm_mae,2.7981969600827394,4.42630665256638,1.526995422384635,0.3780505251832651,0.6511029666989758,-0.9874499408424572,1684
TE,2024,7y,7,10978,True,n/a,existing_methodology,2.940030758717711,4.260995203482882,1.9979439820561902,0.42363951338995953,0.6644467574316518,0.06626866741017721,1684
TE,2024,7y,7,10978,True,none,B_gbm_huber,2.847128154045422,4.541411385206059,1.4901031406287109,0.3452827289820398,0.6611782645351214,-1.1417367391109756,1684
TE,2024,7y,7,10978,True,none,C_gbm_mae,2.7399265028707935,4.357319332696852,1.503146450371392,0.3972865450375894,0.6584923745951571,-0.885146792925507,1684
TE,2024,7y,7,10978,True,linear,B_gbm_huber,2.8445028791116824,4.533047750077413,1.487110510970565,0.34769201264644434,0.6634756718751735,-1.1259206132852833,1684
TE,2024,7y,7,10978,True,linear,C_gbm_mae,2.7594380349244045,4.386663571811288,1.5004318377460426,0.38914129798377306,0.6575638057147809,-0.9444032613242358,1684
TE,2024,7y,7,10978,True,exponential,B_gbm_huber,2.8551123427316925,4.554985861752362,1.4510483957787903,0.3413629225764969,0.6602896589036089,-1.1473491247061356,1684
TE,2024,7y,7,10978,True,exponential,C_gbm_mae,2.8170568231620083,4.430551111168765,1.5811364118871094,0.3768571580270921,0.6391616007058918,-0.9872589271070986,1684
TE,2024,10y,10,15297,True,n/a,existing_methodology,2.9432883109333625,4.268605552410978,2.0119635642655336,0.421578857941872,0.6648562714210581,0.061858425766064075,1684
TE,2024,10y,10,15297,True,none,B_gbm_huber,2.853781272242609,4.562028508606133,1.4974959608284601,0.33932465751703556,0.6614329022317031,-1.1537724501054614,1684
TE,2024,10y,10,15297,True,none,C_gbm_mae,2.7533074355616414,4.372967415265263,1.4814031224196804,0.39294982140971024,0.6519325825808097,-0.9250053713886216,1684
TE,2024,10y,10,15297,True,linear,B_gbm_huber,2.8406023544009336,4.53341049290491,1.5051978043454928,0.3475876106969553,0.6634841909181469,-1.137250423119747,1684
TE,2024,10y,10,15297,True,linear,C_gbm_mae,2.756735086219775,4.377225138536309,1.4877496782516983,0.39176714168919036,0.6553729688532255,-0.9698752963569686,1684
TE,2024,10y,10,15297,True,exponential,B_gbm_huber,2.8541931321656677,4.54892771179883,1.4660725681557787,0.3431137375566291,0.6618680161308094,-1.1519611197350745,1684
TE,2024,10y,10,15297,True,exponential,C_gbm_mae,2.7892359608217148,4.42032289781202,1.4946367612796811,0.37973096798991546,0.6510811219303768,-1.0131606659227994,1684
TE,2024,since2013,11,16751,True,n/a,existing_methodology,2.944319597569646,4.269298416380615,2.019588097455694,0.4213910684217601,0.6647187480298983,0.06236803646126322,1684
TE,2024,since2013,11,16751,True,none,B_gbm_huber,2.845706093270421,4.536113950597181,1.4698209467717454,0.34680925841716037,0.664301744617552,-1.1592894105088398,1684
TE,2024,since2013,11,16751,True,none,C_gbm_mae,2.738290008754925,4.367199803937117,1.4978909074947924,0.39455007141245,0.6585834062571844,-0.9638109279225012,1684
TE,2024,since2013,11,16751,True,linear,B_gbm_huber,2.8348215403897625,4.525056349914277,1.4684629948223662,0.34998991883296304,0.6648829386635393,-1.134622371642412,1684
TE,2024,since2013,11,16751,True,linear,C_gbm_mae,2.7642879017838267,4.376838053024173,1.498005282994808,0.3918747110784303,0.6530513683912031,-0.9445751348134426,1684
TE,2024,since2013,11,16751,True,exponential,B_gbm_huber,2.8570424251687374,4.56459710895654,1.4361774970965935,0.33858047599570573,0.6616550435822499,-1.1755374013595876,1684
TE,2024,since2013,11,16751,True,exponential,C_gbm_mae,2.800331165277089,4.450721250848768,1.4719674488358239,0.3711705119033525,0.6487910064039633,-1.0833126261233696,1684
TE,2024,all,18,20765,True,n/a,existing_methodology,2.9461027488390856,4.272424673086712,2.001762408657336,0.4205433683241734,0.6637775891941936,0.059346530008821105,1684
TE,2024,all,18,20765,True,none,B_gbm_huber,2.8599238138592904,4.539086578150933,1.5682047553314817,0.3459528738390515,0.6602288237159964,-1.1043692841998556,1684
TE,2024,all,18,20765,True,none,C_gbm_mae,2.749019270104972,4.383660177350546,1.5025816672671486,0.389977478626225,0.6604285468285753,-0.954912240463934,1684
TE,2024,all,18,20765,True,linear,B_gbm_huber,2.8464005273985595,4.543988494010616,1.5141967966881238,0.3445394550351971,0.658954424313338,-1.1466249640161492,1684
TE,2024,all,18,20765,True,linear,C_gbm_mae,2.749505832788913,4.375118140985461,1.5349021647674157,0.3923525521551442,0.6611207221072256,-0.9649877064329995,1684
TE,2024,all,18,20765,True,exponential,B_gbm_huber,2.848833193296654,4.558113634101721,1.446413779595943,0.3404580793147749,0.6642748133243108,-1.183508268756049,1684
TE,2024,all,18,20765,True,exponential,C_gbm_mae,2.7959990554554146,4.424023600260489,1.5155423336490663,0.37869195249347587,0.6502402739906755,-0.9792031053203714,1684
TE,2025,3y,3,4986,True,n/a,existing_methodology,3.0002394841741538,4.497321852701023,1.8883273453972984,0.4145865704624748,0.6803490959942274,-0.01241708355506296,1688
TE,2025,3y,3,4986,True,none,B_gbm_huber,2.964637864436163,4.877494154082612,1.5544257355338555,0.3114297453045518,0.6660390064570718,-1.3537055335281316,1688
TE,2025,3y,3,4986,True,none,C_gbm_mae,2.8827525807619425,4.668321990740066,1.5819201134239012,0.36922227386568507,0.6544565473249221,-1.0393752401362724,1688
TE,2025,3y,3,4986,True,linear,B_gbm_huber,2.977023411208559,4.8525809736014,1.50660415955965,0.31844591542097067,0.6614716582769421,-1.2675007928795838,1688
TE,2025,3y,3,4986,True,linear,C_gbm_mae,2.874904717257288,4.667653569818289,1.598501644147848,0.3694028933025456,0.6595337561049978,-1.1289105023402757,1688
TE,2025,3y,3,4986,True,exponential,B_gbm_huber,2.978277195603681,4.858928945675937,1.542780890350073,0.3166615799521937,0.6637974080141091,-1.287259922416235,1688
TE,2025,3y,3,4986,True,exponential,C_gbm_mae,2.8737693650886786,4.673310927731163,1.5167334199789053,0.3678733558366466,0.6605460452499684,-1.1070339828292752,1688
TE,2025,5y,5,8162,True,n/a,existing_methodology,2.9915940297848693,4.495240807373677,1.90722293814789,0.41512822171919117,0.6812082263264492,-0.04835113554609061,1688
TE,2025,5y,5,8162,True,none,B_gbm_huber,2.941346325576014,4.836804278983652,1.5504344251897444,0.3228704438083594,0.6678580542296862,-1.3372489306398887,1688
TE,2025,5y,5,8162,True,none,C_gbm_mae,2.8467080143762056,4.640587765215378,1.5999369052024237,0.37669483721712693,0.6682752384627897,-1.0617996901565063,1688
TE,2025,5y,5,8162,True,linear,B_gbm_huber,2.9403413594074825,4.843250017418988,1.5139777874856974,0.3210644959207698,0.668004591574771,-1.3700750514769573,1688
TE,2025,5y,5,8162,True,linear,C_gbm_mae,2.9332237978521003,4.759751869332293,1.6414069145840413,0.34427254318608924,0.6187781936092025,-1.3086705738728996,1688
TE,2025,5y,5,8162,True,exponential,B_gbm_huber,2.9457378390412816,4.844342727571124,1.5191941446770922,0.32075810521002646,0.6688100877665686,-1.3744349079521736,1688
TE,2025,5y,5,8162,True,exponential,C_gbm_mae,2.875090725693996,4.693860965998278,1.563602188187958,0.36230180794992706,0.6553687723561089,-1.2173073903144707,1688
TE,2025,7y,7,11137,True,n/a,existing_methodology,3.0059370922450546,4.491891631808954,1.9246640839257632,0.4159994135581957,0.6824647468790963,0.004573993416309321,1688
TE,2025,7y,7,11137,True,none,B_gbm_huber,2.9320630928061586,4.834798348465138,1.5270965781294732,0.3234319687781544,0.6734554042495459,-1.3445218229207756,1688
TE,2025,7y,7,11137,True,none,C_gbm_mae,2.8356107105332615,4.627119201061998,1.5320741254874755,0.38030767394658394,0.668431571858839,-1.020321826964768,1688
TE,2025,7y,7,11137,True,linear,B_gbm_huber,2.9473484492339006,4.85162927686454,1.542827910414122,0.31871322438348426,0.6671069060959557,-1.341489380367086,1688
TE,2025,7y,7,11137,True,linear,C_gbm_mae,2.884363398114264,4.719520966441314,1.553720266679743,0.3553105217329823,0.6511351722651492,-1.2653311589949225,1688
TE,2025,7y,7,11137,True,exponential,B_gbm_huber,2.954047698986408,4.859639678308642,1.56310584094278,0.31646165670156134,0.6665992316158068,-1.373043641494874,1688
TE,2025,7y,7,11137,True,exponential,C_gbm_mae,2.860314892974847,4.687071603554433,1.565482310298905,0.3641452511074761,0.6627497203370832,-1.200251350335129,1688
TE,2025,10y,10,15554,True,n/a,existing_methodology,3.009154439564119,4.489397663876689,1.9279417016138218,0.4166477259061172,0.6845415240959164,0.026273500928613677,1688
TE,2025,10y,10,15554,True,none,B_gbm_huber,2.9319376921538964,4.816940476815806,1.5268341160618855,0.32842069879793434,0.6747135985373325,-1.330952616322885,1688
TE,2025,10y,10,15554,True,none,C_gbm_mae,2.8232903406065453,4.617585496218256,1.5382897690985435,0.38285866824658554,0.6734056351983702,-1.0279154753259512,1688
TE,2025,10y,10,15554,True,linear,B_gbm_huber,2.930870782978127,4.8242989552102085,1.536680228385366,0.326367288999062,0.6711467539183719,-1.3316699332908868,1688
TE,2025,10y,10,15554,True,linear,C_gbm_mae,2.838447892139544,4.623440437964047,1.5369072629942377,0.381292647503913,0.666018627400027,-1.0267343204594637,1688
TE,2025,10y,10,15554,True,exponential,B_gbm_huber,2.9477716655004826,4.837448003209022,1.555189754490754,0.3226901951650133,0.6672694335014987,-1.335935556191142,1688
TE,2025,10y,10,15554,True,exponential,C_gbm_mae,2.870753302464093,4.6555203019948985,1.6184371325380735,0.37267702625264465,0.6596540900047576,-1.1457306539200023,1688
TE,2025,since2013,12,18435,True,n/a,existing_methodology,3.0085386171954025,4.48823725959088,1.9276038008998517,0.41694925276789163,0.6853612751983936,0.030420060389966194,1688
TE,2025,since2013,12,18435,True,none,B_gbm_huber,2.928758983229242,4.820986487490885,1.5364048942870248,0.3272920329137706,0.6759699996409569,-1.3157837186836665,1688
TE,2025,since2013,12,18435,True,none,C_gbm_mae,2.8306276441709968,4.637786750015091,1.5605852967830787,0.37744705242050447,0.6753551366102749,-1.06134486355611,1688
TE,2025,since2013,12,18435,True,linear,B_gbm_huber,2.935082490255159,4.828368426021335,1.5375648915377729,0.32523034251822447,0.6707132697925561,-1.3208476176327841,1688
TE,2025,since2013,12,18435,True,linear,C_gbm_mae,2.8340393043140764,4.618634371586907,1.5616974647286264,0.3825782715503767,0.6712168888190073,-1.0279353722350102,1688
TE,2025,since2013,12,18435,True,exponential,B_gbm_huber,2.9568099167899526,4.8432860110759215,1.5604822438805737,0.32105440457205503,0.6670825038862713,-1.329311571649302,1688
TE,2025,since2013,12,18435,True,exponential,C_gbm_mae,2.8550352743152914,4.625734542222393,1.578705465632377,0.3806785025476379,0.670031660948393,-1.056241640358832,1688
TE,2025,all,19,22449,True,n/a,existing_methodology,3.010854347269117,4.488422588173079,1.9466574817607523,0.416901101035703,0.6846557031028555,0.03381239013259486,1688
TE,2025,all,19,22449,True,none,B_gbm_huber,2.934997757865735,4.813794868036371,1.6161888239518318,0.32929753586258115,0.6756396948688614,-1.2734868820152403,1688
TE,2025,all,19,22449,True,none,C_gbm_mae,2.802230756273225,4.6458427555074335,1.5410382592903966,0.3752823794388668,0.6775011639266314,-1.1364123605401166,1688
TE,2025,all,19,22449,True,linear,B_gbm_huber,2.9310901624432852,4.826059072875133,1.5669489551585993,0.3258756573077992,0.6723928794092289,-1.321146130300417,1688
TE,2025,all,19,22449,True,linear,C_gbm_mae,2.808456227289795,4.625391964640261,1.5017876024553038,0.3807702318947621,0.6748700733694452,-1.1058002229549246,1688
TE,2025,all,19,22449,True,exponential,B_gbm_huber,2.9453582722358984,4.8293476781288405,1.6024329442278473,0.324956611701958,0.6696180999351011,-1.3482073963407435,1688
TE,2025,all,19,22449,True,exponential,C_gbm_mae,2.859300846310308,4.639645179517508,1.5673721255739084,0.3769480201731882,0.6669866213589745,-1.056274377117025,1688
